idx,cond,hpsv3
0,0,10.089489936828613
0,1,7.238337516784668
0,2,6.645613670349121
0,3,10.125528335571289
0,4,10.121465682983398
1,0,14.579574584960938
1,1,14.89147663116455
1,2,14.780428886413574
1,3,14.353527069091797
1,4,14.84790325164795
2,0,12.5187406539917
2,1,13.884861946105957
2,2,13.220319747924805
2,3,11.214390754699707
2,4,12.17160415649414
3,0,10.421866416931152
3,1,10.801610946655273
3,2,10.366436958312988
3,3,10.794057846069336
3,4,9.806297302246094
4,0,9.349604606628418
4,1,9.265625
4,2,9.718843460083008
4,3,9.330263137817383
4,4,9.344857215881348
5,0,9.558428764343262
5,1,10.199156761169434
5,2,10.262557983398438
5,3,9.135671615600586
5,4,9.087661743164062
6,0,13.986351013183594
6,1,11.714289665222168
6,2,13.550127983093262
6,3,12.192692756652832
6,4,14.165493965148926
7,0,7.5789875984191895
7,1,6.666755676269531
7,2,7.392825603485107
7,3,7.961460590362549
7,4,8.906434059143066
8,0,15.593504905700684
8,1,15.924856185913086
8,2,15.910621643066406
8,3,15.620631217956543
8,4,15.735793113708496
9,0,10.094783782958984
9,1,10.998337745666504
9,2,10.92579460144043
9,3,9.988530158996582
9,4,10.86376953125
10,0,11.566622734069824
10,1,11.80229663848877
10,2,11.233841896057129
10,3,10.53046989440918
10,4,11.162481307983398
11,0,13.916629791259766
11,1,14.723679542541504
11,2,14.91086483001709
11,3,12.795742988586426
11,4,14.550543785095215
12,0,13.631553649902344
12,1,13.343485832214355
12,2,13.649702072143555
12,3,12.685783386230469
12,4,12.676210403442383
13,0,7.187360763549805
13,1,7.488908767700195
13,2,8.493668556213379
13,3,8.843216896057129
13,4,7.153751850128174
14,0,12.893455505371094
14,1,13.866888999938965
14,2,15.936125755310059
14,3,10.867889404296875
14,4,12.957221984863281
15,0,14.49118423461914
15,1,14.84510326385498
15,2,14.412907600402832
15,3,14.58073616027832
15,4,14.301895141601562
16,0,12.203431129455566
16,1,10.146817207336426
16,2,10.473447799682617
16,3,10.872381210327148
16,4,11.432267189025879
17,0,7.949326038360596
17,1,8.689393997192383
17,2,7.605856895446777
17,3,7.443357944488525
17,4,8.03686809539795
18,0,13.194415092468262
18,1,13.708919525146484
18,2,14.197732925415039
18,3,12.528547286987305
18,4,13.431859016418457
19,0,10.963371276855469
19,1,9.115699768066406
19,2,12.455161094665527
19,3,10.94434642791748
19,4,10.991499900817871
20,0,12.307555198669434
20,1,12.644359588623047
20,2,12.503631591796875
20,3,12.47571086883545
20,4,13.16905689239502
21,0,14.189872741699219
21,1,15.396319389343262
21,2,15.776656150817871
21,3,13.16743278503418
21,4,14.172266960144043
22,0,9.742862701416016
22,1,11.398627281188965
22,2,10.36736011505127
22,3,9.905410766601562
22,4,9.852560043334961
23,0,10.721968650817871
23,1,11.6412353515625
23,2,12.483335494995117
23,3,9.566410064697266
23,4,10.8446683883667
24,0,10.233871459960938
24,1,11.527795791625977
24,2,11.700821876525879
24,3,9.981952667236328
24,4,10.414118766784668
25,0,13.52190113067627
25,1,12.703324317932129
25,2,12.784449577331543
25,3,12.454700469970703
25,4,13.551386833190918
26,0,11.629522323608398
26,1,12.210866928100586
26,2,12.037230491638184
26,3,11.63963508605957
26,4,11.690951347351074
27,0,14.117242813110352
27,1,9.995125770568848
27,2,9.131304740905762
27,3,13.20429801940918
27,4,13.834989547729492
28,0,15.769692420959473
28,1,15.605177879333496
28,2,16.054872512817383
28,3,15.865859985351562
28,4,16.09833526611328
29,0,14.748733520507812
29,1,14.980535507202148
29,2,14.083142280578613
29,3,14.534790992736816
29,4,14.58430004119873
30,0,9.445256233215332
30,1,11.866612434387207
30,2,12.631723403930664
30,3,10.71302604675293
30,4,9.992999076843262
31,0,9.042144775390625
31,1,6.842578411102295
31,2,9.052481651306152
31,3,6.966227054595947
31,4,8.6875638961792
32,0,7.102078437805176
32,1,8.637591361999512
32,2,8.87669849395752
32,3,7.538407802581787
32,4,6.338707447052002
33,0,9.243669509887695
33,1,9.353206634521484
33,2,9.6349458694458
33,3,8.5776948928833
33,4,8.864487648010254
34,0,10.21039867401123
34,1,11.46737003326416
34,2,9.976691246032715
34,3,9.753171920776367
34,4,9.905289649963379
35,0,2.9552464485168457
35,1,8.044418334960938
35,2,8.075394630432129
35,3,0.8617194294929504
35,4,2.040132761001587
36,0,9.532997131347656
36,1,13.177538871765137
36,2,13.2954740524292
36,3,10.810985565185547
36,4,10.754369735717773
37,0,8.01432991027832
37,1,9.915009498596191
37,2,10.65351390838623
37,3,7.851349830627441
37,4,7.868513584136963
38,0,11.528961181640625
38,1,10.859017372131348
38,2,11.558801651000977
38,3,10.090341567993164
38,4,11.961955070495605
39,0,9.920696258544922
39,1,11.971689224243164
39,2,12.563471794128418
39,3,9.670650482177734
39,4,10.03541374206543
40,0,12.628059387207031
40,1,13.409369468688965
40,2,7.455113887786865
40,3,12.08071231842041
40,4,11.664814949035645
41,0,5.187674522399902
41,1,6.578235149383545
41,2,5.466614246368408
41,3,5.6602783203125
41,4,5.104255199432373
42,0,10.173588752746582
42,1,7.920902252197266
42,2,9.571512222290039
42,3,9.718907356262207
42,4,10.253931045532227
43,0,11.636170387268066
43,1,10.16667652130127
43,2,10.393924713134766
43,3,12.989259719848633
43,4,12.289202690124512
44,0,2.9593117237091064
44,1,3.9297544956207275
44,2,4.773738861083984
44,3,-4.362640380859375
44,4,3.8908164501190186
45,0,9.437943458557129
45,1,11.269454002380371
45,2,10.235292434692383
45,3,10.232489585876465
45,4,9.729105949401855
46,0,11.31584644317627
46,1,11.169862747192383
46,2,11.318363189697266
46,3,9.381548881530762
46,4,9.350699424743652
47,0,11.309571266174316
47,1,12.763420104980469
47,2,12.907755851745605
47,3,10.728479385375977
47,4,11.732844352722168
48,0,10.381473541259766
48,1,12.21690559387207
48,2,11.714009284973145
48,3,11.509963989257812
48,4,10.568679809570312
49,0,11.251124382019043
49,1,11.4551362991333
49,2,11.96600341796875
49,3,11.212600708007812
49,4,10.810186386108398
50,0,11.239869117736816
50,1,9.435786247253418
50,2,10.245879173278809
50,3,10.791572570800781
50,4,10.341906547546387
51,0,12.548650741577148
51,1,11.806991577148438
51,2,12.365344047546387
51,3,10.294005393981934
51,4,12.638090133666992
52,0,15.517128944396973
52,1,13.42622184753418
52,2,12.973073959350586
52,3,14.315488815307617
52,4,15.598676681518555
53,0,13.181222915649414
53,1,11.008111953735352
53,2,10.79810905456543
53,3,12.920687675476074
53,4,13.565547943115234
54,0,8.053936958312988
54,1,8.738828659057617
54,2,7.6115241050720215
54,3,2.6739022731781006
54,4,8.088912963867188
55,0,9.278328895568848
55,1,10.1398344039917
55,2,10.790349006652832
55,3,9.903241157531738
55,4,9.121464729309082
56,0,12.671063423156738
56,1,10.885887145996094
56,2,11.315898895263672
56,3,11.215521812438965
56,4,12.923584938049316
57,0,8.256884574890137
57,1,9.143577575683594
57,2,8.957420349121094
57,3,7.382694244384766
57,4,8.018818855285645
58,0,11.540283203125
58,1,11.176658630371094
58,2,11.802964210510254
58,3,11.43678092956543
58,4,12.096905708312988
59,0,15.1130952835083
59,1,14.337152481079102
59,2,15.211337089538574
59,3,14.767648696899414
59,4,14.231478691101074
60,0,10.90854549407959
60,1,12.014639854431152
60,2,14.152416229248047
60,3,11.226468086242676
60,4,10.972244262695312
61,0,14.150069236755371
61,1,14.55314826965332
61,2,14.67291259765625
61,3,13.073782920837402
61,4,13.723437309265137
62,0,10.622758865356445
62,1,10.550704956054688
62,2,9.65231990814209
62,3,8.869234085083008
62,4,10.236872673034668
63,0,9.260416030883789
63,1,8.848955154418945
63,2,9.066964149475098
63,3,9.024816513061523
63,4,9.153388023376465
64,0,7.7131524085998535
64,1,6.7131853103637695
64,2,7.613591194152832
64,3,6.472027778625488
64,4,8.583101272583008
65,0,9.52701473236084
65,1,9.280035018920898
65,2,9.326088905334473
65,3,9.275628089904785
65,4,10.475869178771973
66,0,10.428162574768066
66,1,12.78322982788086
66,2,11.115715026855469
66,3,11.737021446228027
66,4,11.498784065246582
67,0,10.8787841796875
67,1,13.645675659179688
67,2,8.822676658630371
67,3,10.745575904846191
67,4,10.008959770202637
68,0,10.929530143737793
68,1,9.38734245300293
68,2,9.425248146057129
68,3,10.754836082458496
68,4,6.851147174835205
69,0,11.222524642944336
69,1,11.56273365020752
69,2,11.192594528198242
69,3,10.580375671386719
69,4,10.616560935974121
70,0,9.051207542419434
70,1,10.618412017822266
70,2,11.025738716125488
70,3,9.189311027526855
70,4,9.522197723388672
71,0,8.753396034240723
71,1,9.631979942321777
71,2,10.131718635559082
71,3,7.89833927154541
71,4,8.253738403320312
72,0,8.43974781036377
72,1,9.054758071899414
72,2,10.34778118133545
72,3,9.23100471496582
72,4,8.77454948425293
73,0,10.381936073303223
73,1,11.150378227233887
73,2,12.133946418762207
73,3,10.258255004882812
73,4,9.53178882598877
74,0,12.221245765686035
74,1,12.69211196899414
74,2,13.343618392944336
74,3,11.290837287902832
74,4,12.65998649597168
75,0,8.218194961547852
75,1,15.369497299194336
75,2,15.825477600097656
75,3,11.659457206726074
75,4,13.855764389038086
76,0,8.78767204284668
76,1,8.947595596313477
76,2,10.096781730651855
76,3,10.240572929382324
76,4,10.61998176574707
77,0,8.064538955688477
77,1,12.911846160888672
77,2,12.667396545410156
77,3,9.096410751342773
77,4,8.43295669555664
78,0,10.456198692321777
78,1,11.567405700683594
78,2,10.244389533996582
78,3,10.30286979675293
78,4,10.737405776977539
79,0,11.735112190246582
79,1,11.597590446472168
79,2,12.667739868164062
79,3,9.887557983398438
79,4,10.43768310546875
80,0,8.731317520141602
80,1,9.578744888305664
80,2,9.733055114746094
80,3,8.639910697937012
80,4,9.322249412536621
81,0,8.77691650390625
81,1,9.565613746643066
81,2,10.38658332824707
81,3,7.866235256195068
81,4,8.887927055358887
82,0,13.293966293334961
82,1,14.733857154846191
82,2,14.364507675170898
82,3,13.597660064697266
82,4,14.274497985839844
83,0,10.359689712524414
83,1,11.858769416809082
83,2,12.040078163146973
83,3,10.440974235534668
83,4,11.031702041625977
84,0,12.894969940185547
84,1,11.897809982299805
84,2,12.56710433959961
84,3,13.001736640930176
84,4,13.065576553344727
85,0,11.051486015319824
85,1,12.066603660583496
85,2,13.15611457824707
85,3,9.689080238342285
85,4,10.731500625610352
86,0,9.29295825958252
86,1,11.786710739135742
86,2,11.721233367919922
86,3,9.230157852172852
86,4,8.536020278930664
87,0,9.685077667236328
87,1,10.704235076904297
87,2,10.24038314819336
87,3,8.982669830322266
87,4,9.074953079223633
88,0,13.074677467346191
88,1,13.771263122558594
88,2,12.951695442199707
88,3,14.118429183959961
88,4,13.773125648498535
89,0,9.869537353515625
89,1,12.047591209411621
89,2,11.875585556030273
89,3,10.064236640930176
89,4,10.33993911743164
90,0,6.189322471618652
90,1,8.227612495422363
90,2,8.221375465393066
90,3,6.12336540222168
90,4,6.653470516204834
91,0,11.93120288848877
91,1,11.652131080627441
91,2,11.442063331604004
91,3,11.964383125305176
91,4,12.137639999389648
92,0,14.882213592529297
92,1,15.33301830291748
92,2,15.259856224060059
92,3,15.092127799987793
92,4,15.048469543457031
93,0,7.180376052856445
93,1,7.2077956199646
93,2,7.715221881866455
93,3,7.437601089477539
93,4,7.05485200881958
94,0,12.229974746704102
94,1,9.153632164001465
94,2,9.634535789489746
94,3,9.610193252563477
94,4,11.463713645935059
95,0,11.23519229888916
95,1,11.402630805969238
95,2,11.5121431350708
95,3,9.592803001403809
95,4,10.92367935180664
96,0,10.7540922164917
96,1,11.068669319152832
96,2,11.606698989868164
96,3,11.236166000366211
96,4,11.488110542297363
97,0,15.815057754516602
97,1,15.214942932128906
97,2,14.914755821228027
97,3,15.12885856628418
97,4,15.477344512939453
98,0,9.665746688842773
98,1,11.597010612487793
98,2,11.725303649902344
98,3,9.11138916015625
98,4,9.4091215133667
99,0,15.027788162231445
99,1,14.771156311035156
99,2,14.967970848083496
99,3,14.345020294189453
99,4,15.015806198120117
100,0,9.666722297668457
100,1,9.067940711975098
100,2,8.415188789367676
100,3,10.426695823669434
100,4,9.85666561126709
101,0,9.171050071716309
101,1,9.57418155670166
101,2,11.711882591247559
101,3,8.43207836151123
101,4,8.334127426147461
102,0,9.050711631774902
102,1,9.563706398010254
102,2,11.527175903320312
102,3,8.459028244018555
102,4,10.108589172363281
103,0,10.818953514099121
103,1,11.746039390563965
103,2,12.371574401855469
103,3,11.60512638092041
103,4,10.612561225891113
104,0,9.779126167297363
104,1,11.362720489501953
104,2,10.919426918029785
104,3,8.302494049072266
104,4,8.673396110534668
105,0,12.02645206451416
105,1,12.375929832458496
105,2,12.243206977844238
105,3,12.721025466918945
105,4,12.345529556274414
106,0,9.302279472351074
106,1,7.350218772888184
106,2,6.765969276428223
106,3,6.592098712921143
106,4,7.802039623260498
107,0,11.577343940734863
107,1,13.993483543395996
107,2,13.521805763244629
107,3,12.242022514343262
107,4,11.990394592285156
108,0,9.848112106323242
108,1,7.784887313842773
108,2,7.556489944458008
108,3,8.490089416503906
108,4,9.61259937286377
109,0,9.845279693603516
109,1,12.972597122192383
109,2,13.176098823547363
109,3,11.434538841247559
109,4,9.522945404052734
110,0,14.719803810119629
110,1,14.849593162536621
110,2,14.857694625854492
110,3,14.2890043258667
110,4,14.675387382507324
111,0,11.048640251159668
111,1,13.381731986999512
111,2,14.688679695129395
111,3,12.025002479553223
111,4,10.452886581420898
112,0,12.076623916625977
112,1,12.294123649597168
112,2,12.730981826782227
112,3,12.300763130187988
112,4,13.165306091308594
113,0,-2.4573845863342285
113,1,8.405065536499023
113,2,8.231531143188477
113,3,-0.7113174796104431
113,4,-1.7729666233062744
114,0,12.295042037963867
114,1,12.175764083862305
114,2,12.19300651550293
114,3,11.999594688415527
114,4,12.196575164794922
115,0,11.34019660949707
115,1,13.82415771484375
115,2,13.121354103088379
115,3,13.381309509277344
115,4,10.57970142364502
116,0,14.951861381530762
116,1,15.056266784667969
116,2,15.258400917053223
116,3,14.225021362304688
116,4,15.040121078491211
117,0,7.343904495239258
117,1,7.915476322174072
117,2,7.337359428405762
117,3,6.997682571411133
117,4,6.509720325469971
118,0,7.802062511444092
118,1,10.021145820617676
118,2,11.107135772705078
118,3,8.777024269104004
118,4,9.278700828552246
119,0,10.676642417907715
119,1,11.682267189025879
119,2,13.047475814819336
119,3,9.544225692749023
119,4,10.726566314697266
120,0,14.49526596069336
120,1,12.444260597229004
120,2,13.570389747619629
120,3,12.86502456665039
120,4,15.162449836730957
121,0,9.032773971557617
121,1,9.741642951965332
121,2,9.581252098083496
121,3,9.422701835632324
121,4,8.787610054016113
122,0,10.847851753234863
122,1,11.295278549194336
122,2,11.489643096923828
122,3,10.84282398223877
122,4,10.68371295928955
123,0,14.104001998901367
123,1,15.219415664672852
123,2,14.125567436218262
123,3,14.635963439941406
123,4,14.380912780761719
124,0,5.174701690673828
124,1,7.57564640045166
124,2,7.791708469390869
124,3,4.635848522186279
124,4,6.296743869781494
125,0,5.252609729766846
125,1,5.800918102264404
125,2,4.836388111114502
125,3,4.2095136642456055
125,4,3.9635202884674072
126,0,7.403385162353516
126,1,8.21697998046875
126,2,8.129496574401855
126,3,6.884617805480957
126,4,7.346532344818115
127,0,14.335973739624023
127,1,13.647660255432129
127,2,14.103904724121094
127,3,13.359895706176758
127,4,12.875361442565918
128,0,11.45801830291748
128,1,11.714879989624023
128,2,11.052247047424316
128,3,12.563041687011719
128,4,11.587347984313965
129,0,3.1910581588745117
129,1,1.6308221817016602
129,2,2.47774076461792
129,3,-0.9751467704772949
129,4,2.594630241394043
130,0,12.452033042907715
130,1,11.465301513671875
130,2,11.249141693115234
130,3,10.120889663696289
130,4,11.576278686523438
131,0,7.358506679534912
131,1,10.421563148498535
131,2,11.238032341003418
131,3,4.9199419021606445
131,4,7.001716613769531
132,0,3.5450103282928467
132,1,10.077227592468262
132,2,10.538206100463867
132,3,1.3943116664886475
132,4,3.7312259674072266
133,0,14.649876594543457
133,1,14.918396949768066
133,2,15.416484832763672
133,3,14.643279075622559
133,4,14.725220680236816
134,0,5.979147911071777
134,1,9.2083740234375
134,2,9.480435371398926
134,3,5.519205570220947
134,4,5.755748748779297
135,0,15.08190631866455
135,1,15.353950500488281
135,2,15.581083297729492
135,3,14.494232177734375
135,4,14.84738826751709
136,0,11.291348457336426
136,1,11.928889274597168
136,2,11.358769416809082
136,3,12.040635108947754
136,4,11.714252471923828
137,0,8.424028396606445
137,1,9.482505798339844
137,2,9.700672149658203
137,3,7.872429370880127
137,4,8.259127616882324
138,0,10.411755561828613
138,1,12.002367973327637
138,2,11.74496078491211
138,3,9.314945220947266
138,4,10.50760269165039
139,0,7.015105247497559
139,1,10.629172325134277
139,2,10.843063354492188
139,3,7.812682151794434
139,4,6.273961067199707
140,0,13.693985939025879
140,1,14.678247451782227
140,2,13.833415985107422
140,3,13.147592544555664
140,4,13.228004455566406
141,0,13.648811340332031
141,1,12.90096378326416
141,2,13.127330780029297
141,3,13.434638977050781
141,4,13.67512321472168
142,0,9.509955406188965
142,1,11.040138244628906
142,2,11.631783485412598
142,3,9.582233428955078
142,4,9.89242172241211
143,0,13.164241790771484
143,1,14.91714859008789
143,2,15.37770938873291
143,3,13.892926216125488
143,4,13.545032501220703
144,0,13.144245147705078
144,1,13.923762321472168
144,2,13.428131103515625
144,3,13.627421379089355
144,4,12.760706901550293
145,0,8.198715209960938
145,1,10.10781192779541
145,2,9.487372398376465
145,3,8.450542449951172
145,4,9.136775970458984
146,0,4.100808143615723
146,1,5.90714168548584
146,2,5.873605251312256
146,3,3.8221635818481445
146,4,4.380516052246094
147,0,15.183663368225098
147,1,15.612774848937988
147,2,15.50714111328125
147,3,15.387845039367676
147,4,15.235175132751465
148,0,11.474735260009766
148,1,10.808167457580566
148,2,10.8877592086792
148,3,11.967996597290039
148,4,11.167452812194824
149,0,13.66416072845459
149,1,10.723308563232422
149,2,11.991772651672363
149,3,10.76375675201416
149,4,10.969186782836914
150,0,9.733359336853027
150,1,9.131980895996094
150,2,9.543449401855469
150,3,9.860298156738281
150,4,9.684253692626953
151,0,6.285610198974609
151,1,4.343282699584961
151,2,5.290380954742432
151,3,7.346121311187744
151,4,6.6561713218688965
152,0,12.519478797912598
152,1,12.6889066696167
152,2,13.412983894348145
152,3,12.01094913482666
152,4,12.69678783416748
153,0,10.04900074005127
153,1,8.76137924194336
153,2,8.935232162475586
153,3,9.614559173583984
153,4,10.817317962646484
154,0,6.679582595825195
154,1,12.985310554504395
154,2,12.459677696228027
154,3,7.022786617279053
154,4,8.15126895904541
155,0,15.470285415649414
155,1,14.793718338012695
155,2,14.947683334350586
155,3,13.113133430480957
155,4,14.244806289672852
156,0,14.895770072937012
156,1,15.256448745727539
156,2,15.346473693847656
156,3,15.155935287475586
156,4,15.06174373626709
157,0,15.963188171386719
157,1,14.864326477050781
157,2,15.86757755279541
157,3,14.239542961120605
157,4,16.030603408813477
158,0,11.659982681274414
158,1,13.361735343933105
158,2,12.08145809173584
158,3,10.364897727966309
158,4,11.208417892456055
159,0,9.44469928741455
159,1,9.23934268951416
159,2,9.99507999420166
159,3,8.651971817016602
159,4,10.540482521057129
160,0,15.782315254211426
160,1,13.213935852050781
160,2,15.113134384155273
160,3,13.262151718139648
160,4,15.408914566040039
161,0,12.46774959564209
161,1,13.35115909576416
161,2,13.459129333496094
161,3,11.564937591552734
161,4,12.602614402770996
162,0,13.719738960266113
162,1,14.290471076965332
162,2,14.22565746307373
162,3,13.987162590026855
162,4,13.771147727966309
163,0,11.41718864440918
163,1,11.72565746307373
163,2,11.384753227233887
163,3,10.813607215881348
163,4,12.899942398071289
164,0,8.53647232055664
164,1,10.693224906921387
164,2,10.278035163879395
164,3,10.62049388885498
164,4,9.076187133789062
165,0,13.481141090393066
165,1,12.304848670959473
165,2,11.971094131469727
165,3,11.940223693847656
165,4,13.913966178894043
166,0,14.15260124206543
166,1,15.167125701904297
166,2,14.8733549118042
166,3,13.91252326965332
166,4,13.366029739379883
167,0,10.236257553100586
167,1,13.539284706115723
167,2,14.776045799255371
167,3,9.563233375549316
167,4,8.454376220703125
168,0,13.082043647766113
168,1,14.227764129638672
168,2,14.906779289245605
168,3,12.551987648010254
168,4,13.286060333251953
169,0,8.40058708190918
169,1,8.84025764465332
169,2,10.098099708557129
169,3,8.930275917053223
169,4,9.052635192871094
170,0,8.554306030273438
170,1,8.647785186767578
170,2,8.845756530761719
170,3,8.217167854309082
170,4,8.328629493713379
171,0,10.956332206726074
171,1,12.051012992858887
171,2,12.74560832977295
171,3,11.344928741455078
171,4,10.92319393157959
172,0,10.820856094360352
172,1,10.42009449005127
172,2,11.485856056213379
172,3,8.995526313781738
172,4,10.365715026855469
173,0,10.59068775177002
173,1,11.655816078186035
173,2,11.232176780700684
173,3,9.020182609558105
173,4,10.793055534362793
174,0,9.922506332397461
174,1,12.507891654968262
174,2,12.799245834350586
174,3,8.835987091064453
174,4,9.751045227050781
175,0,10.388326644897461
175,1,11.816143989562988
175,2,12.754015922546387
175,3,9.358684539794922
175,4,9.660516738891602
176,0,13.827737808227539
176,1,11.30234146118164
176,2,12.305875778198242
176,3,13.508590698242188
176,4,13.917043685913086
177,0,11.12891674041748
177,1,10.5897855758667
177,2,10.631430625915527
177,3,9.567699432373047
177,4,11.202560424804688
178,0,10.205121994018555
178,1,11.508904457092285
178,2,11.082027435302734
178,3,10.311932563781738
178,4,10.1444091796875
179,0,6.890695571899414
179,1,6.404975414276123
179,2,6.000540733337402
179,3,7.918194770812988
179,4,6.992748737335205
180,0,10.683829307556152
180,1,12.727418899536133
180,2,12.845450401306152
180,3,11.491218566894531
180,4,11.092992782592773
181,0,10.442140579223633
181,1,12.976316452026367
181,2,11.591560363769531
181,3,10.192209243774414
181,4,10.708114624023438
182,0,14.59233570098877
182,1,14.776507377624512
182,2,15.659456253051758
182,3,14.11029052734375
182,4,14.631314277648926
183,0,9.514701843261719
183,1,9.97745418548584
183,2,10.765032768249512
183,3,8.904662132263184
183,4,10.503877639770508
184,0,12.861872673034668
184,1,12.891037940979004
184,2,10.877107620239258
184,3,11.596590042114258
184,4,12.00764274597168
185,0,14.360280990600586
185,1,14.489991188049316
185,2,14.33194351196289
185,3,14.504340171813965
185,4,14.122032165527344
186,0,7.534422874450684
186,1,8.234362602233887
186,2,7.618927478790283
186,3,7.575340270996094
186,4,7.556924819946289
187,0,8.147578239440918
187,1,6.005859375
187,2,6.900088310241699
187,3,7.825068473815918
187,4,7.916309356689453
188,0,15.785141944885254
188,1,15.563298225402832
188,2,15.94201374053955
188,3,14.959635734558105
188,4,15.890263557434082
189,0,14.438753128051758
189,1,14.054708480834961
189,2,14.668169975280762
189,3,14.24338150024414
189,4,14.927509307861328
190,0,5.283204078674316
190,1,8.511322975158691
190,2,8.725122451782227
190,3,7.178398609161377
190,4,6.028063774108887
191,0,15.59673023223877
191,1,15.384340286254883
191,2,14.344669342041016
191,3,14.524575233459473
191,4,15.612260818481445
192,0,10.372353553771973
192,1,11.12123966217041
192,2,12.073951721191406
192,3,9.415984153747559
192,4,10.864128112792969
193,0,8.1688871383667
193,1,11.953154563903809
193,2,11.254724502563477
193,3,10.134710311889648
193,4,8.185442924499512
194,0,10.385544776916504
194,1,11.868884086608887
194,2,11.25488567352295
194,3,10.841795921325684
194,4,9.787055015563965
195,0,8.017657279968262
195,1,10.99168586730957
195,2,10.840571403503418
195,3,7.731717109680176
195,4,8.387201309204102
196,0,5.99442195892334
196,1,8.694548606872559
196,2,7.946485996246338
196,3,6.184642314910889
196,4,6.126942157745361
197,0,12.586261749267578
197,1,12.579269409179688
197,2,13.202388763427734
197,3,11.726941108703613
197,4,12.486343383789062
198,0,9.159200668334961
198,1,8.35971736907959
198,2,9.35051441192627
198,3,8.84097671508789
198,4,9.042251586914062
199,0,4.561958312988281
199,1,5.737008571624756
199,2,8.673683166503906
199,3,8.268712043762207
199,4,3.763150215148926
200,0,11.469598770141602
200,1,11.483574867248535
200,2,11.364315032958984
200,3,10.663379669189453
200,4,12.251860618591309
201,0,12.372096061706543
201,1,11.835550308227539
201,2,12.501755714416504
201,3,11.663171768188477
201,4,12.504443168640137
202,0,14.538540840148926
202,1,13.374555587768555
202,2,14.18734073638916
202,3,14.209005355834961
202,4,14.769105911254883
203,0,9.970149040222168
203,1,11.133299827575684
203,2,10.738801956176758
203,3,9.425917625427246
203,4,10.064663887023926
204,0,8.939651489257812
204,1,9.503941535949707
204,2,11.165711402893066
204,3,1.9104238748550415
204,4,9.448166847229004
205,0,11.600798606872559
205,1,9.17581558227539
205,2,8.840922355651855
205,3,14.053454399108887
205,4,10.903291702270508
206,0,11.985506057739258
206,1,13.254611015319824
206,2,13.75576400756836
206,3,11.451260566711426
206,4,11.85793399810791
207,0,7.140671730041504
207,1,12.264263153076172
207,2,12.399861335754395
207,3,7.289416313171387
207,4,7.137524604797363
208,0,10.80573844909668
208,1,8.411706924438477
208,2,9.12185287475586
208,3,9.684048652648926
208,4,10.946418762207031
209,0,11.726958274841309
209,1,10.065327644348145
209,2,11.767602920532227
209,3,10.358973503112793
209,4,11.691699028015137
210,0,7.272437572479248
210,1,8.990389823913574
210,2,8.229598045349121
210,3,7.957607269287109
210,4,7.532843589782715
211,0,12.923321723937988
211,1,13.173604011535645
211,2,13.230198860168457
211,3,12.293475151062012
211,4,12.741976737976074
212,0,12.978127479553223
212,1,13.615574836730957
212,2,12.929160118103027
212,3,12.574479103088379
212,4,12.982284545898438
213,0,11.19978141784668
213,1,14.50865364074707
213,2,14.429874420166016
213,3,10.417213439941406
213,4,10.699920654296875
214,0,8.884756088256836
214,1,8.125404357910156
214,2,7.810351371765137
214,3,8.35939884185791
214,4,8.333824157714844
215,0,11.107033729553223
215,1,10.824191093444824
215,2,11.064194679260254
215,3,11.25404167175293
215,4,11.058122634887695
216,0,8.944372177124023
216,1,10.740730285644531
216,2,11.014129638671875
216,3,10.067280769348145
216,4,8.78231143951416
217,0,11.047170639038086
217,1,10.591249465942383
217,2,9.26668930053711
217,3,9.76090145111084
217,4,11.105628967285156
218,0,10.971247673034668
218,1,12.24229621887207
218,2,14.37072467803955
218,3,10.088842391967773
218,4,10.584305763244629
219,0,11.188427925109863
219,1,9.497447967529297
219,2,9.501757621765137
219,3,10.110962867736816
219,4,10.680445671081543
220,0,14.039878845214844
220,1,14.047985076904297
220,2,14.582698822021484
220,3,13.46870231628418
220,4,13.733749389648438
221,0,10.002796173095703
221,1,9.842394828796387
221,2,10.389344215393066
221,3,9.406862258911133
221,4,9.789843559265137
222,0,11.440136909484863
222,1,11.931482315063477
222,2,11.76525592803955
222,3,10.86794662475586
222,4,10.931916236877441
223,0,14.129853248596191
223,1,14.590804100036621
223,2,13.562968254089355
223,3,13.74411392211914
223,4,14.617589950561523
224,0,15.813657760620117
224,1,13.882882118225098
224,2,8.30854320526123
224,3,15.810615539550781
224,4,15.895054817199707
225,0,9.762066841125488
225,1,10.680538177490234
225,2,9.867745399475098
225,3,10.024712562561035
225,4,9.822809219360352
226,0,9.573540687561035
226,1,11.372223854064941
226,2,12.542501449584961
226,3,10.81210994720459
226,4,9.907425880432129
227,0,10.084877967834473
227,1,9.196356773376465
227,2,10.611268043518066
227,3,9.97536849975586
227,4,9.764876365661621
228,0,10.873790740966797
228,1,12.071109771728516
228,2,10.62474536895752
228,3,11.49125862121582
228,4,11.615498542785645
229,0,11.627214431762695
229,1,11.57973861694336
229,2,11.850687980651855
229,3,10.709693908691406
229,4,11.481898307800293
230,0,9.547253608703613
230,1,9.24388599395752
230,2,10.385220527648926
230,3,9.560711860656738
230,4,8.86987018585205
231,0,8.8063383102417
231,1,10.613546371459961
231,2,10.800326347351074
231,3,9.203621864318848
231,4,9.735788345336914
232,0,5.8651018142700195
232,1,15.117815971374512
232,2,12.289948463439941
232,3,11.094318389892578
232,4,5.992783069610596
233,0,12.309525489807129
233,1,12.849766731262207
233,2,13.581229209899902
233,3,11.083317756652832
233,4,11.85249137878418
234,0,11.621684074401855
234,1,11.711336135864258
234,2,10.538952827453613
234,3,10.72398567199707
234,4,10.762358665466309
235,0,9.269633293151855
235,1,9.978739738464355
235,2,9.808810234069824
235,3,8.105369567871094
235,4,9.058793067932129
236,0,10.366389274597168
236,1,12.231182098388672
236,2,11.396438598632812
236,3,9.93530559539795
236,4,9.918649673461914
237,0,7.808485984802246
237,1,8.70876407623291
237,2,8.64946460723877
237,3,8.373930931091309
237,4,8.292526245117188
238,0,6.395959854125977
238,1,10.552250862121582
238,2,9.841571807861328
238,3,7.138226509094238
238,4,5.869290351867676
239,0,12.208755493164062
239,1,14.113503456115723
239,2,13.9060697555542
239,3,12.466558456420898
239,4,12.37440013885498
240,0,13.886823654174805
240,1,12.238289833068848
240,2,11.967257499694824
240,3,14.070656776428223
240,4,13.528563499450684
241,0,14.399182319641113
241,1,14.503670692443848
241,2,14.443465232849121
241,3,13.665343284606934
241,4,14.95792293548584
242,0,10.865013122558594
242,1,12.830348014831543
242,2,12.633865356445312
242,3,10.507948875427246
242,4,10.70663070678711
243,0,8.644909858703613
243,1,9.570606231689453
243,2,9.999215126037598
243,3,9.24957275390625
243,4,9.440288543701172
244,0,11.301664352416992
244,1,12.47410774230957
244,2,12.050671577453613
244,3,11.001388549804688
244,4,11.461847305297852
245,0,6.648904800415039
245,1,8.467489242553711
245,2,6.734143257141113
245,3,7.8065571784973145
245,4,6.938748836517334
246,0,11.117301940917969
246,1,10.661309242248535
246,2,10.105612754821777
246,3,10.564842224121094
246,4,10.40488052368164
247,0,15.759126663208008
247,1,13.874693870544434
247,2,14.195175170898438
247,3,15.172801971435547
247,4,15.842131614685059
248,0,14.821863174438477
248,1,15.423534393310547
248,2,15.264677047729492
248,3,15.196272850036621
248,4,14.222332954406738
249,0,12.59636402130127
249,1,14.83615493774414
249,2,15.380724906921387
249,3,12.146809577941895
249,4,13.023571014404297
250,0,7.117982387542725
250,1,8.855952262878418
250,2,9.080891609191895
250,3,7.1680731773376465
250,4,7.311070442199707
251,0,8.772198677062988
251,1,11.247090339660645
251,2,10.995180130004883
251,3,8.810956954956055
251,4,9.386465072631836
252,0,7.015951156616211
252,1,8.501643180847168
252,2,9.699498176574707
252,3,5.633640289306641
252,4,5.7969536781311035
253,0,11.915421485900879
253,1,10.742494583129883
253,2,10.338151931762695
253,3,8.827529907226562
253,4,12.116241455078125
254,0,8.721556663513184
254,1,12.484164237976074
254,2,14.409555435180664
254,3,8.441740036010742
254,4,10.13314151763916
255,0,8.314497947692871
255,1,7.7868266105651855
255,2,8.733405113220215
255,3,8.250815391540527
255,4,8.154830932617188
256,0,10.826857566833496
256,1,12.32427978515625
256,2,10.368066787719727
256,3,11.177777290344238
256,4,11.05988883972168
257,0,10.1516695022583
257,1,10.157764434814453
257,2,9.319751739501953
257,3,10.029462814331055
257,4,9.498600959777832
258,0,11.226056098937988
258,1,10.640235900878906
258,2,11.307851791381836
258,3,11.09883975982666
258,4,11.071396827697754
259,0,9.385716438293457
259,1,8.185687065124512
259,2,9.113770484924316
259,3,10.137858390808105
259,4,9.516229629516602
260,0,7.152356147766113
260,1,6.932625770568848
260,2,6.11065149307251
260,3,7.491750240325928
260,4,7.643715858459473
261,0,10.220194816589355
261,1,10.838857650756836
261,2,10.405813217163086
261,3,10.71835994720459
261,4,10.77804946899414
262,0,11.16991138458252
262,1,12.279934883117676
262,2,12.873966217041016
262,3,9.291338920593262
262,4,11.019266128540039
263,0,11.899949073791504
263,1,12.575782775878906
263,2,13.100727081298828
263,3,11.660223960876465
263,4,12.080167770385742
264,0,9.87922477722168
264,1,9.696611404418945
264,2,9.519753456115723
264,3,9.183568000793457
264,4,9.857108116149902
265,0,12.481023788452148
265,1,13.757305145263672
265,2,14.380121231079102
265,3,12.236828804016113
265,4,12.172012329101562
266,0,14.92724895477295
266,1,15.211654663085938
266,2,14.337265014648438
266,3,15.783223152160645
266,4,15.566253662109375
267,0,14.678956031799316
267,1,15.166764259338379
267,2,15.1100492477417
267,3,13.95866870880127
267,4,14.693948745727539
268,0,7.92539644241333
268,1,8.518542289733887
268,2,8.545620918273926
268,3,5.724420547485352
268,4,7.230055332183838
269,0,8.962265014648438
269,1,9.050681114196777
269,2,8.381123542785645
269,3,8.094184875488281
269,4,9.044486999511719
270,0,13.154932975769043
270,1,13.679230690002441
270,2,13.565539360046387
270,3,13.315241813659668
270,4,12.940160751342773
271,0,12.425033569335938
271,1,12.314517974853516
271,2,12.788313865661621
271,3,12.321646690368652
271,4,12.564085960388184
272,0,14.634187698364258
272,1,11.733020782470703
272,2,11.964303970336914
272,3,13.796122550964355
272,4,14.743633270263672
273,0,7.567943572998047
273,1,8.235616683959961
273,2,8.178236961364746
273,3,7.544863700866699
273,4,8.3175630569458
274,0,8.370953559875488
274,1,8.55843448638916
274,2,9.521344184875488
274,3,8.310352325439453
274,4,8.347052574157715
275,0,10.657340049743652
275,1,11.654685974121094
275,2,13.055658340454102
275,3,11.783042907714844
275,4,10.371872901916504
276,0,13.673222541809082
276,1,15.323503494262695
276,2,14.069966316223145
276,3,14.154744148254395
276,4,13.781813621520996
277,0,13.040718078613281
277,1,13.080211639404297
277,2,13.598162651062012
277,3,12.898234367370605
277,4,13.903425216674805
278,0,7.458380699157715
278,1,9.401069641113281
278,2,8.759668350219727
278,3,8.098892211914062
278,4,8.989829063415527
279,0,12.956656455993652
279,1,13.501276969909668
279,2,13.557520866394043
279,3,13.303984642028809
279,4,13.998960494995117
280,0,12.899185180664062
280,1,13.349339485168457
280,2,13.720027923583984
280,3,12.699365615844727
280,4,14.194293022155762
281,0,11.557066917419434
281,1,10.172613143920898
281,2,10.861215591430664
281,3,10.734601020812988
281,4,11.5507173538208
282,0,11.70506477355957
282,1,12.30803108215332
282,2,12.761528968811035
282,3,11.468379974365234
282,4,11.261791229248047
283,0,13.203131675720215
283,1,14.441915512084961
283,2,14.696320533752441
283,3,13.761299133300781
283,4,13.455475807189941
284,0,10.598410606384277
284,1,12.038758277893066
284,2,11.764913558959961
284,3,11.652119636535645
284,4,10.200448989868164
285,0,5.9378156661987305
285,1,5.736264228820801
285,2,6.154300689697266
285,3,6.8411946296691895
285,4,6.359692096710205
286,0,3.9871270656585693
286,1,11.889369010925293
286,2,9.655008316040039
286,3,3.9198646545410156
286,4,4.015547752380371
287,0,10.250469207763672
287,1,9.900731086730957
287,2,10.49770736694336
287,3,9.87430191040039
287,4,10.703633308410645
288,0,8.876543045043945
288,1,9.097554206848145
288,2,9.644377708435059
288,3,7.9659743309021
288,4,8.467689514160156
289,0,12.020790100097656
289,1,11.52701473236084
289,2,10.229342460632324
289,3,12.484442710876465
289,4,10.549004554748535
290,0,14.270739555358887
290,1,15.274364471435547
290,2,14.638155937194824
290,3,14.061336517333984
290,4,14.525291442871094
291,0,7.268563270568848
291,1,8.383194923400879
291,2,9.093762397766113
291,3,6.284156322479248
291,4,6.9132080078125
292,0,14.609341621398926
292,1,14.302797317504883
292,2,14.578115463256836
292,3,13.741851806640625
292,4,14.591864585876465
293,0,12.937644004821777
293,1,13.481096267700195
293,2,12.180989265441895
293,3,12.058733940124512
293,4,12.32926082611084
294,0,12.546320915222168
294,1,13.60220718383789
294,2,14.244729042053223
294,3,12.431536674499512
294,4,12.447678565979004
295,0,9.742589950561523
295,1,10.730815887451172
295,2,11.542305946350098
295,3,8.924559593200684
295,4,10.801653861999512
296,0,6.293665409088135
296,1,9.238015174865723
296,2,9.591605186462402
296,3,7.498059272766113
296,4,6.206624984741211
297,0,11.734718322753906
297,1,13.050976753234863
297,2,13.109521865844727
297,3,11.304628372192383
297,4,11.791670799255371
298,0,11.217694282531738
298,1,11.856531143188477
298,2,11.731383323669434
298,3,10.756067276000977
298,4,10.750468254089355
299,0,6.19245719909668
299,1,10.028847694396973
299,2,8.974019050598145
299,3,8.022780418395996
299,4,9.31632137298584
300,0,11.950058937072754
300,1,13.197159767150879
300,2,12.656542778015137
300,3,11.145600318908691
300,4,12.650469779968262
301,0,13.699797630310059
301,1,15.185663223266602
301,2,15.60818862915039
301,3,13.715688705444336
301,4,13.184793472290039
302,0,9.948186874389648
302,1,9.85825252532959
302,2,8.54086971282959
302,3,10.249250411987305
302,4,10.152653694152832
303,0,13.530426979064941
303,1,14.329455375671387
303,2,13.230374336242676
303,3,13.727675437927246
303,4,13.76875114440918
304,0,11.8631591796875
304,1,11.75590991973877
304,2,11.840230941772461
304,3,10.97543716430664
304,4,11.904243469238281
305,0,14.292155265808105
305,1,15.060463905334473
305,2,15.425681114196777
305,3,14.29014778137207
305,4,14.31100845336914
306,0,5.164770603179932
306,1,7.223930835723877
306,2,9.534333229064941
306,3,4.8043532371521
306,4,4.948858737945557
307,0,10.811543464660645
307,1,10.05955982208252
307,2,10.54281997680664
307,3,11.070161819458008
307,4,10.284196853637695
308,0,7.69247579574585
308,1,9.512743949890137
308,2,9.06165885925293
308,3,6.726126670837402
308,4,8.366803169250488
309,0,12.298116683959961
309,1,14.373226165771484
309,2,14.521651268005371
309,3,12.635220527648926
309,4,12.639320373535156
310,0,14.588858604431152
310,1,14.423890113830566
310,2,15.080167770385742
310,3,14.759105682373047
310,4,14.096567153930664
311,0,11.617368698120117
311,1,12.219408988952637
311,2,13.956174850463867
311,3,12.23078441619873
311,4,11.07946491241455
312,0,8.546792984008789
312,1,9.217655181884766
312,2,9.057454109191895
312,3,8.34537124633789
312,4,8.960643768310547
313,0,10.533400535583496
313,1,7.793844223022461
313,2,9.353943824768066
313,3,8.098875045776367
313,4,10.609898567199707
314,0,10.035361289978027
314,1,12.16834545135498
314,2,12.781280517578125
314,3,9.422292709350586
314,4,9.898408889770508
315,0,9.71924114227295
315,1,8.429293632507324
315,2,7.647637844085693
315,3,9.97926139831543
315,4,10.184774398803711
316,0,15.42131233215332
316,1,14.883771896362305
316,2,14.973207473754883
316,3,13.894013404846191
316,4,15.121683120727539
317,0,10.31722640991211
317,1,11.910965919494629
317,2,11.617670059204102
317,3,12.181018829345703
317,4,10.573395729064941
318,0,6.920894145965576
318,1,8.103578567504883
318,2,7.190908432006836
318,3,3.5480966567993164
318,4,5.519984245300293
319,0,8.149754524230957
319,1,9.949867248535156
319,2,9.397309303283691
319,3,7.874247074127197
319,4,7.376773357391357
320,0,11.677482604980469
320,1,13.250547409057617
320,2,12.952837944030762
320,3,9.866669654846191
320,4,11.101451873779297
321,0,10.615843772888184
321,1,8.522250175476074
321,2,10.911383628845215
321,3,9.639257431030273
321,4,10.934064865112305
322,0,10.278725624084473
322,1,10.374374389648438
322,2,10.764668464660645
322,3,9.102097511291504
322,4,9.456796646118164
323,0,7.189526081085205
323,1,11.065383911132812
323,2,10.911380767822266
323,3,8.072694778442383
323,4,8.053653717041016
324,0,14.215791702270508
324,1,14.219715118408203
324,2,14.426412582397461
324,3,12.737275123596191
324,4,14.228991508483887
325,0,7.242830276489258
325,1,7.791942596435547
325,2,8.526512145996094
325,3,8.176244735717773
325,4,8.096156120300293
326,0,8.723227500915527
326,1,10.553718566894531
326,2,10.184062957763672
326,3,9.05057430267334
326,4,9.102310180664062
327,0,7.385895729064941
327,1,7.631565570831299
327,2,8.338680267333984
327,3,7.513184070587158
327,4,7.11843729019165
328,0,10.251608848571777
328,1,11.864400863647461
328,2,12.174646377563477
328,3,6.792150497436523
328,4,9.738072395324707
329,0,10.348489761352539
329,1,10.939587593078613
329,2,10.274957656860352
329,3,10.472758293151855
329,4,10.209039688110352
330,0,9.49582290649414
330,1,9.324455261230469
330,2,9.076674461364746
330,3,9.993968963623047
330,4,9.184127807617188
331,0,7.984092712402344
331,1,11.372566223144531
331,2,11.403264999389648
331,3,9.209190368652344
331,4,8.65613842010498
332,0,12.11034870147705
332,1,12.056290626525879
332,2,12.323643684387207
332,3,12.313729286193848
332,4,12.03535270690918
333,0,9.09931468963623
333,1,8.570296287536621
333,2,5.348775386810303
333,3,7.940092086791992
333,4,9.106966972351074
334,0,12.935269355773926
334,1,13.63336181640625
334,2,13.887866020202637
334,3,12.494834899902344
334,4,13.03992748260498
335,0,7.035645484924316
335,1,7.083655834197998
335,2,7.358861446380615
335,3,7.322965145111084
335,4,7.3063201904296875
336,0,10.217093467712402
336,1,11.118618965148926
336,2,9.875884056091309
336,3,9.314024925231934
336,4,9.727859497070312
337,0,9.993897438049316
337,1,12.48677921295166
337,2,13.304743766784668
337,3,9.545191764831543
337,4,10.040986061096191
338,0,9.344223022460938
338,1,8.77367115020752
338,2,9.47972583770752
338,3,8.562440872192383
338,4,9.742265701293945
339,0,10.793200492858887
339,1,8.981826782226562
339,2,8.128155708312988
339,3,11.460325241088867
339,4,10.880718231201172
340,0,11.097618103027344
340,1,10.033870697021484
340,2,10.428106307983398
340,3,10.027785301208496
340,4,11.213997840881348
341,0,11.830085754394531
341,1,11.034096717834473
341,2,11.288545608520508
341,3,10.336568832397461
341,4,11.735381126403809
342,0,7.618175029754639
342,1,8.754484176635742
342,2,9.483261108398438
342,3,8.813133239746094
342,4,9.337181091308594
343,0,9.660218238830566
343,1,11.674755096435547
343,2,14.019031524658203
343,3,9.654906272888184
343,4,10.317163467407227
344,0,5.7171831130981445
344,1,4.2544660568237305
344,2,5.370533466339111
344,3,4.843151092529297
344,4,6.676814079284668
345,0,11.048177719116211
345,1,10.513151168823242
345,2,12.629409790039062
345,3,10.138697624206543
345,4,10.868571281433105
346,0,10.554367065429688
346,1,10.60140323638916
346,2,11.289936065673828
346,3,10.896326065063477
346,4,9.997167587280273
347,0,13.298583984375
347,1,13.925454139709473
347,2,13.59112548828125
347,3,12.520934104919434
347,4,13.795793533325195
348,0,9.78980827331543
348,1,10.053683280944824
348,2,11.03089714050293
348,3,9.25368595123291
348,4,10.116759300231934
349,0,7.940295219421387
349,1,9.520057678222656
349,2,9.541278839111328
349,3,8.146464347839355
349,4,7.6279215812683105
350,0,12.436711311340332
350,1,11.838582992553711
350,2,12.269180297851562
350,3,11.390121459960938
350,4,12.304282188415527
351,0,8.870341300964355
351,1,9.409292221069336
351,2,7.564936637878418
351,3,9.178268432617188
351,4,8.496435165405273
352,0,8.690667152404785
352,1,8.514632225036621
352,2,10.555973052978516
352,3,8.642129898071289
352,4,9.240174293518066
353,0,11.66580867767334
353,1,11.61690902709961
353,2,11.937252044677734
353,3,11.570923805236816
353,4,11.760462760925293
354,0,11.311480522155762
354,1,12.619461059570312
354,2,13.383983612060547
354,3,11.175265312194824
354,4,10.36279010772705
355,0,8.60254192352295
355,1,10.725379943847656
355,2,11.450919151306152
355,3,7.926144599914551
355,4,8.088768005371094
356,0,12.684986114501953
356,1,13.469053268432617
356,2,13.638904571533203
356,3,12.674538612365723
356,4,12.354216575622559
357,0,11.867549896240234
357,1,12.303441047668457
357,2,11.576438903808594
357,3,10.753705024719238
357,4,12.046499252319336
358,0,13.388238906860352
358,1,14.60178279876709
358,2,13.264361381530762
358,3,14.178714752197266
358,4,13.492318153381348
359,0,-4.799771785736084
359,1,11.019248962402344
359,2,11.119261741638184
359,3,-6.444966793060303
359,4,-6.214168071746826
360,0,12.04337215423584
360,1,12.02108097076416
360,2,11.17456340789795
360,3,11.403647422790527
360,4,12.202147483825684
361,0,8.413411140441895
361,1,9.880974769592285
361,2,9.21684455871582
361,3,7.176518440246582
361,4,8.18305778503418
362,0,11.250792503356934
362,1,11.687398910522461
362,2,12.358562469482422
362,3,10.648337364196777
362,4,11.804451942443848
363,0,8.748655319213867
363,1,10.139262199401855
363,2,11.343036651611328
363,3,9.665983200073242
363,4,9.428873062133789
364,0,7.789438247680664
364,1,8.905814170837402
364,2,5.560047149658203
364,3,7.562711238861084
364,4,8.005218505859375
365,0,8.508955001831055
365,1,8.609179496765137
365,2,8.517959594726562
365,3,8.441614151000977
365,4,8.69400405883789
366,0,12.07324504852295
366,1,14.672154426574707
366,2,14.84409236907959
366,3,13.5624361038208
366,4,11.994364738464355
367,0,6.601940155029297
367,1,8.761800765991211
367,2,9.904242515563965
367,3,7.286938190460205
367,4,6.842400074005127
368,0,12.802763938903809
368,1,13.331033706665039
368,2,12.814494132995605
368,3,13.115884780883789
368,4,13.056774139404297
369,0,7.08486795425415
369,1,9.25089168548584
369,2,8.714295387268066
369,3,7.9240312576293945
369,4,7.668058395385742
370,0,10.812106132507324
370,1,11.980316162109375
370,2,11.55790901184082
370,3,10.939315795898438
370,4,11.088263511657715
371,0,11.563532829284668
371,1,12.013904571533203
371,2,11.641831398010254
371,3,10.53007984161377
371,4,11.813737869262695
372,0,11.103899002075195
372,1,11.544602394104004
372,2,9.70383358001709
372,3,12.768616676330566
372,4,11.078425407409668
373,0,13.692219734191895
373,1,10.130833625793457
373,2,10.057596206665039
373,3,14.829930305480957
373,4,13.106829643249512
374,0,8.990105628967285
374,1,9.846755981445312
374,2,9.013243675231934
374,3,8.314170837402344
374,4,9.290634155273438
375,0,9.203507423400879
375,1,8.08117389678955
375,2,10.031721115112305
375,3,8.447609901428223
375,4,9.37814998626709
376,0,9.723756790161133
376,1,14.605124473571777
376,2,13.223918914794922
376,3,9.916922569274902
376,4,9.545660018920898
377,0,8.831401824951172
377,1,11.290538787841797
377,2,9.357582092285156
377,3,7.847101211547852
377,4,9.35666561126709
378,0,7.768706321716309
378,1,8.876912117004395
378,2,7.688257217407227
378,3,6.782515525817871
378,4,8.460012435913086
379,0,9.646120071411133
379,1,10.623440742492676
379,2,10.454612731933594
379,3,8.844559669494629
379,4,9.624066352844238
380,0,13.702353477478027
380,1,14.389361381530762
380,2,15.290067672729492
380,3,14.049836158752441
380,4,14.123257637023926
381,0,5.245510578155518
381,1,10.361507415771484
381,2,7.091740131378174
381,3,4.261070728302002
381,4,4.191353797912598
382,0,5.048977375030518
382,1,9.035902976989746
382,2,9.633914947509766
382,3,3.8676698207855225
382,4,6.096216201782227
383,0,8.259254455566406
383,1,10.223844528198242
383,2,9.545475006103516
383,3,8.382701873779297
383,4,7.961579322814941
384,0,12.983480453491211
384,1,13.317976951599121
384,2,13.254837989807129
384,3,13.691691398620605
384,4,14.695381164550781
385,0,8.98608112335205
385,1,14.661345481872559
385,2,15.0056734085083
385,3,12.345197677612305
385,4,7.114001750946045
386,0,8.894037246704102
386,1,8.966073989868164
386,2,8.747596740722656
386,3,8.149042129516602
386,4,8.344688415527344
387,0,11.720589637756348
387,1,12.218669891357422
387,2,12.235896110534668
387,3,10.050383567810059
387,4,11.316536903381348
388,0,10.38980484008789
388,1,9.955161094665527
388,2,10.049867630004883
388,3,9.02292251586914
388,4,9.978448867797852
389,0,11.143205642700195
389,1,11.649389266967773
389,2,12.290838241577148
389,3,11.264978408813477
389,4,12.077336311340332
390,0,7.717568397521973
390,1,9.692309379577637
390,2,8.416523933410645
390,3,5.404073715209961
390,4,6.268661975860596
391,0,9.124817848205566
391,1,8.870901107788086
391,2,9.689620971679688
391,3,9.393613815307617
391,4,9.096715927124023
392,0,8.243545532226562
392,1,8.75043773651123
392,2,9.0346040725708
392,3,7.710631370544434
392,4,8.209187507629395
393,0,7.9471306800842285
393,1,8.448363304138184
393,2,10.65093994140625
393,3,8.459933280944824
393,4,7.5780158042907715
394,0,3.8877246379852295
394,1,3.803313732147217
394,2,6.559356212615967
394,3,5.072684288024902
394,4,5.303924083709717
395,0,10.732392311096191
395,1,9.98379135131836
395,2,9.484923362731934
395,3,10.726441383361816
395,4,10.632331848144531
396,0,11.338294982910156
396,1,12.224335670471191
396,2,12.864921569824219
396,3,11.440264701843262
396,4,10.8575439453125
397,0,13.990962028503418
397,1,10.611976623535156
397,2,10.701642990112305
397,3,14.099175453186035
397,4,14.485074043273926
398,0,15.514013290405273
398,1,14.91217041015625
398,2,15.694991111755371
398,3,15.634370803833008
398,4,15.210198402404785
399,0,7.2346930503845215
399,1,6.915468692779541
399,2,6.843803405761719
399,3,7.141879081726074
399,4,7.56907844543457
400,0,13.653610229492188
400,1,13.274210929870605
400,2,13.423666954040527
400,3,13.929912567138672
400,4,13.215110778808594
401,0,8.166056632995605
401,1,7.633676052093506
401,2,7.806717395782471
401,3,8.107851028442383
401,4,8.286277770996094
402,0,10.381156921386719
402,1,11.790184020996094
402,2,12.824714660644531
402,3,10.703765869140625
402,4,9.014613151550293
403,0,11.017449378967285
403,1,12.500165939331055
403,2,12.197884559631348
403,3,10.554584503173828
403,4,11.59214973449707
404,0,9.022785186767578
404,1,9.93840217590332
404,2,10.9273042678833
404,3,7.894532680511475
404,4,9.603164672851562
405,0,15.120210647583008
405,1,14.167757987976074
405,2,14.30392837524414
405,3,13.715672492980957
405,4,13.835074424743652
406,0,5.7021260261535645
406,1,3.641310930252075
406,2,-0.4408496022224426
406,3,3.260206460952759
406,4,5.942573070526123
407,0,11.797898292541504
407,1,13.32380199432373
407,2,12.947918891906738
407,3,13.04849624633789
407,4,11.739255905151367
408,0,12.30067253112793
408,1,13.17377758026123
408,2,12.501054763793945
408,3,12.785195350646973
408,4,11.234160423278809
409,0,9.829371452331543
409,1,11.900007247924805
409,2,14.70115852355957
409,3,9.684529304504395
409,4,10.449628829956055
410,0,12.62254524230957
410,1,9.208742141723633
410,2,11.402250289916992
410,3,11.73796558380127
410,4,12.530455589294434
411,0,13.19377326965332
411,1,14.024386405944824
411,2,14.342179298400879
411,3,12.472474098205566
411,4,13.26633358001709
412,0,12.969779014587402
412,1,10.641960144042969
412,2,8.587404251098633
412,3,10.234349250793457
412,4,12.693140983581543
413,0,14.68596076965332
413,1,11.87331485748291
413,2,12.936286926269531
413,3,14.698551177978516
413,4,14.714967727661133
414,0,12.441339492797852
414,1,12.728525161743164
414,2,12.731051445007324
414,3,12.576170921325684
414,4,12.430740356445312
415,0,12.062929153442383
415,1,13.235930442810059
415,2,12.474292755126953
415,3,12.37403392791748
415,4,11.77889633178711
416,0,9.204278945922852
416,1,7.981689453125
416,2,10.943070411682129
416,3,9.152395248413086
416,4,8.770062446594238
417,0,14.638639450073242
417,1,15.506877899169922
417,2,15.27899169921875
417,3,14.310164451599121
417,4,15.253278732299805
418,0,11.896767616271973
418,1,11.512017250061035
418,2,12.505082130432129
418,3,10.38361644744873
418,4,11.791162490844727
419,0,11.440439224243164
419,1,12.913630485534668
419,2,13.200456619262695
419,3,10.709746360778809
419,4,9.7701997756958
420,0,12.941730499267578
420,1,11.349693298339844
420,2,12.497615814208984
420,3,13.76694107055664
420,4,13.145792007446289
421,0,10.036731719970703
421,1,9.212136268615723
421,2,9.320626258850098
421,3,9.93060302734375
421,4,9.800971984863281
422,0,12.487693786621094
422,1,13.338212013244629
422,2,12.658899307250977
422,3,12.162236213684082
422,4,12.366344451904297
423,0,9.267087936401367
423,1,11.003401756286621
423,2,12.012287139892578
423,3,9.380825996398926
423,4,8.534724235534668
424,0,12.461846351623535
424,1,12.545913696289062
424,2,12.92498779296875
424,3,12.100920677185059
424,4,12.77319622039795
425,0,8.216064453125
425,1,9.586463928222656
425,2,9.770995140075684
425,3,7.432358741760254
425,4,8.386829376220703
426,0,5.909268856048584
426,1,5.784679412841797
426,2,5.142904758453369
426,3,4.941503047943115
426,4,5.819748878479004
427,0,15.213470458984375
427,1,15.745522499084473
427,2,15.60578727722168
427,3,15.922711372375488
427,4,15.344237327575684
428,0,11.659687042236328
428,1,12.99368667602539
428,2,11.687146186828613
428,3,11.56997299194336
428,4,11.611117362976074
429,0,12.203051567077637
429,1,13.326852798461914
429,2,12.65788745880127
429,3,12.741381645202637
429,4,12.17408561706543
430,0,9.319451332092285
430,1,9.934579849243164
430,2,11.452503204345703
430,3,9.033096313476562
430,4,10.359598159790039
431,0,7.7611918449401855
431,1,9.135793685913086
431,2,9.41335391998291
431,3,8.479971885681152
431,4,7.7940874099731445
432,0,6.641016960144043
432,1,9.284019470214844
432,2,11.664116859436035
432,3,6.793074131011963
432,4,6.655158042907715
433,0,14.124921798706055
433,1,14.113409042358398
433,2,14.100411415100098
433,3,13.381699562072754
433,4,13.672443389892578
434,0,14.915587425231934
434,1,14.538235664367676
434,2,14.606986045837402
434,3,15.236930847167969
434,4,15.223319053649902
435,0,7.19342565536499
435,1,7.463966369628906
435,2,8.243254661560059
435,3,6.3935699462890625
435,4,6.496826171875
436,0,8.29411792755127
436,1,12.732346534729004
436,2,12.713417053222656
436,3,10.372573852539062
436,4,10.686623573303223
437,0,10.226970672607422
437,1,11.802850723266602
437,2,11.909028053283691
437,3,9.985360145568848
437,4,10.279677391052246
438,0,11.715010643005371
438,1,12.687493324279785
438,2,13.05396556854248
438,3,12.051446914672852
438,4,12.164754867553711
439,0,12.591757774353027
439,1,12.729180335998535
439,2,12.031024932861328
439,3,12.517364501953125
439,4,12.36677360534668
440,0,13.931198120117188
440,1,11.173670768737793
440,2,12.270668983459473
440,3,10.671211242675781
440,4,13.728140830993652
441,0,14.37396240234375
441,1,14.52530288696289
441,2,13.406756401062012
441,3,14.778286933898926
441,4,14.140670776367188
442,0,12.639704704284668
442,1,11.709319114685059
442,2,11.476421356201172
442,3,11.90302562713623
442,4,13.013484954833984
443,0,10.429380416870117
443,1,11.422128677368164
443,2,11.647652626037598
443,3,8.719642639160156
443,4,10.961238861083984
444,0,12.370587348937988
444,1,12.14875316619873
444,2,12.487605094909668
444,3,11.815360069274902
444,4,12.001981735229492
445,0,8.854580879211426
445,1,13.364041328430176
445,2,13.062356948852539
445,3,11.49834156036377
445,4,9.526272773742676
446,0,9.158955574035645
446,1,11.674199104309082
446,2,11.923267364501953
446,3,9.710077285766602
446,4,10.797883033752441
447,0,8.956220626831055
447,1,10.13713550567627
447,2,9.177142143249512
447,3,8.48177719116211
447,4,9.25890827178955
448,0,12.918083190917969
448,1,13.489299774169922
448,2,13.855874061584473
448,3,13.830901145935059
448,4,13.16867733001709
449,0,14.129925727844238
449,1,12.923171997070312
449,2,11.233808517456055
449,3,14.217564582824707
449,4,13.786540985107422
450,0,13.274869918823242
450,1,13.122733116149902
450,2,13.512367248535156
450,3,12.436854362487793
450,4,13.644780158996582
451,0,14.105405807495117
451,1,11.378182411193848
451,2,12.690849304199219
451,3,13.950868606567383
451,4,14.061910629272461
452,0,12.403851509094238
452,1,12.223237037658691
452,2,11.658648490905762
452,3,13.921257972717285
452,4,12.451434135437012
453,0,10.592865943908691
453,1,12.53313159942627
453,2,10.988120079040527
453,3,10.596574783325195
453,4,10.719505310058594
454,0,13.145244598388672
454,1,12.818015098571777
454,2,12.600202560424805
454,3,13.170263290405273
454,4,13.803218841552734
455,0,9.45484447479248
455,1,12.557929039001465
455,2,12.79298210144043
455,3,10.016407012939453
455,4,9.946090698242188
456,0,10.395661354064941
456,1,10.077869415283203
456,2,10.213522911071777
456,3,9.8475341796875
456,4,10.429015159606934
457,0,11.963754653930664
457,1,11.4552640914917
457,2,10.892001152038574
457,3,11.269343376159668
457,4,12.287592887878418
458,0,11.539511680603027
458,1,9.844477653503418
458,2,9.961077690124512
458,3,11.983010292053223
458,4,12.597833633422852
459,0,12.328661918640137
459,1,10.010619163513184
459,2,10.899219512939453
459,3,10.765650749206543
459,4,11.823781967163086
460,0,10.443520545959473
460,1,11.949380874633789
460,2,12.747026443481445
460,3,8.780619621276855
460,4,10.508934020996094
461,0,12.951751708984375
461,1,14.842910766601562
461,2,14.719796180725098
461,3,12.68115234375
461,4,12.932449340820312
462,0,10.053589820861816
462,1,10.293558120727539
462,2,8.624822616577148
462,3,9.771318435668945
462,4,9.624571800231934
463,0,12.14306354522705
463,1,11.145648002624512
463,2,4.8938398361206055
463,3,10.849321365356445
463,4,11.8844575881958
464,0,13.59131145477295
464,1,14.777920722961426
464,2,14.743574142456055
464,3,13.233893394470215
464,4,13.818538665771484
465,0,12.241632461547852
465,1,11.494977951049805
465,2,9.092255592346191
465,3,11.441378593444824
465,4,11.613402366638184
466,0,7.605047702789307
466,1,14.884448051452637
466,2,6.6294708251953125
466,3,7.863587379455566
466,4,6.669652938842773
467,0,11.36574935913086
467,1,11.882762908935547
467,2,11.83301067352295
467,3,13.776596069335938
467,4,10.933361053466797
468,0,7.343857765197754
468,1,11.95808219909668
468,2,10.590886116027832
468,3,7.140720844268799
468,4,7.7168121337890625
469,0,11.041913032531738
469,1,9.750351905822754
469,2,10.483369827270508
469,3,10.911015510559082
469,4,11.710686683654785
470,0,2.9293651580810547
470,1,7.945535659790039
470,2,8.64096450805664
470,3,3.639357089996338
470,4,2.6361353397369385
471,0,9.48970890045166
471,1,8.0806245803833
471,2,8.149869918823242
471,3,9.554301261901855
471,4,9.053409576416016
472,0,11.026267051696777
472,1,13.275924682617188
472,2,13.213549613952637
472,3,11.231853485107422
472,4,11.193408012390137
473,0,9.747058868408203
473,1,10.263633728027344
473,2,13.099390983581543
473,3,11.908853530883789
473,4,9.719372749328613
474,0,10.10880184173584
474,1,8.233137130737305
474,2,7.8966193199157715
474,3,9.741921424865723
474,4,9.2916259765625
475,0,9.407998085021973
475,1,9.027990341186523
475,2,10.46879768371582
475,3,8.501312255859375
475,4,9.740303039550781
476,0,12.9964599609375
476,1,10.647921562194824
476,2,9.474401473999023
476,3,12.911026000976562
476,4,13.054673194885254
477,0,10.811317443847656
477,1,12.783270835876465
477,2,12.03489875793457
477,3,8.679688453674316
477,4,10.71477222442627
478,0,2.380039930343628
478,1,6.369237422943115
478,2,4.180240154266357
478,3,3.3267998695373535
478,4,7.303232669830322
479,0,5.428048133850098
479,1,8.019047737121582
479,2,7.922947406768799
479,3,0.8497440218925476
479,4,5.600337028503418
480,0,14.509984016418457
480,1,12.799077033996582
480,2,12.590226173400879
480,3,15.021241188049316
480,4,15.24851131439209
481,0,15.150530815124512
481,1,14.715935707092285
481,2,14.90567398071289
481,3,15.349188804626465
481,4,15.046850204467773
482,0,12.154528617858887
482,1,12.62662410736084
482,2,12.068760871887207
482,3,12.969849586486816
482,4,12.035871505737305
483,0,8.35690689086914
483,1,9.186169624328613
483,2,10.009382247924805
483,3,8.912575721740723
483,4,8.033792495727539
484,0,12.461748123168945
484,1,12.150811195373535
484,2,12.059102058410645
484,3,11.848322868347168
484,4,12.250418663024902
485,0,8.8154878616333
485,1,9.374648094177246
485,2,10.27862548828125
485,3,9.98215389251709
485,4,8.728453636169434
486,0,9.163990020751953
486,1,9.129794120788574
486,2,10.319064140319824
486,3,8.109877586364746
486,4,9.455068588256836
487,0,7.366540431976318
487,1,7.480090618133545
487,2,7.195878028869629
487,3,7.706299304962158
487,4,8.006095886230469
488,0,14.855456352233887
488,1,14.10610580444336
488,2,15.638521194458008
488,3,15.072458267211914
488,4,14.28855037689209
489,0,10.07112979888916
489,1,11.05640697479248
489,2,11.617958068847656
489,3,7.521897315979004
489,4,10.311346054077148
490,0,5.080531597137451
490,1,6.599494934082031
490,2,5.558565139770508
490,3,5.250645637512207
490,4,4.200431823730469
491,0,12.239767074584961
491,1,13.745696067810059
491,2,15.886556625366211
491,3,10.101536750793457
491,4,12.207069396972656
492,0,14.01486587524414
492,1,14.76988410949707
492,2,14.879243850708008
492,3,14.412898063659668
492,4,14.545942306518555
493,0,14.979659080505371
493,1,14.754120826721191
493,2,14.894598960876465
493,3,13.907729148864746
493,4,14.551810264587402
494,0,13.984343528747559
494,1,15.028238296508789
494,2,15.600578308105469
494,3,13.275412559509277
494,4,13.99437141418457
495,0,12.95491886138916
495,1,13.388945579528809
495,2,13.500566482543945
495,3,12.757134437561035
495,4,13.438213348388672
496,0,13.047956466674805
496,1,12.811047554016113
496,2,12.931418418884277
496,3,12.176514625549316
496,4,12.992162704467773
497,0,7.074003219604492
497,1,8.365426063537598
497,2,8.112116813659668
497,3,6.977247714996338
497,4,6.78493595123291
498,0,12.812092781066895
498,1,11.784797668457031
498,2,10.494026184082031
498,3,10.746797561645508
498,4,13.295624732971191
499,0,15.128762245178223
499,1,15.5462007522583
499,2,15.749412536621094
499,3,14.646957397460938
499,4,14.721968650817871
500,0,9.067390441894531
500,1,9.705282211303711
500,2,9.199257850646973
500,3,9.121098518371582
500,4,8.92501449584961
501,0,11.469725608825684
501,1,12.812431335449219
501,2,12.748574256896973
501,3,10.24628734588623
501,4,11.578275680541992
502,0,11.226222038269043
502,1,11.89941120147705
502,2,11.514678001403809
502,3,11.987502098083496
502,4,11.063450813293457
503,0,11.161961555480957
503,1,14.84643840789795
503,2,14.589025497436523
503,3,11.655595779418945
503,4,12.375432968139648
504,0,7.716015815734863
504,1,8.497222900390625
504,2,8.688182830810547
504,3,6.7881011962890625
504,4,7.90516996383667
505,0,8.165908813476562
505,1,8.247901916503906
505,2,8.089176177978516
505,3,8.623274803161621
505,4,8.416224479675293
506,0,13.401358604431152
506,1,12.6932373046875
506,2,13.008964538574219
506,3,13.745570182800293
506,4,13.240915298461914
507,0,10.439827919006348
507,1,8.976151466369629
507,2,10.28443431854248
507,3,9.740310668945312
507,4,10.969918251037598
508,0,8.735697746276855
508,1,9.557257652282715
508,2,8.188454627990723
508,3,8.977792739868164
508,4,9.07658576965332
509,0,7.693515777587891
509,1,9.667354583740234
509,2,8.935349464416504
509,3,6.9133453369140625
509,4,8.633663177490234
510,0,12.015236854553223
510,1,13.422521591186523
510,2,13.381477355957031
510,3,12.111458778381348
510,4,12.297030448913574
511,0,10.4304838180542
511,1,10.99654769897461
511,2,11.429369926452637
511,3,9.821975708007812
511,4,10.942648887634277
512,0,9.250900268554688
512,1,10.343307495117188
512,2,10.977437019348145
512,3,10.649433135986328
512,4,11.707711219787598
513,0,9.299009323120117
513,1,9.950382232666016
513,2,13.008187294006348
513,3,7.577075481414795
513,4,9.704745292663574
514,0,13.377567291259766
514,1,14.864961624145508
514,2,14.749783515930176
514,3,13.847597122192383
514,4,13.546914100646973
515,0,10.535604476928711
515,1,9.549240112304688
515,2,10.456401824951172
515,3,9.380516052246094
515,4,9.9191255569458
516,0,8.744316101074219
516,1,8.657014846801758
516,2,8.41798210144043
516,3,8.332812309265137
516,4,7.791357517242432
517,0,9.389154434204102
517,1,10.039223670959473
517,2,10.366538047790527
517,3,8.361547470092773
517,4,9.174429893493652
518,0,13.151884078979492
518,1,12.105329513549805
518,2,11.577332496643066
518,3,12.932290077209473
518,4,10.487397193908691
519,0,8.907505989074707
519,1,9.45801830291748
519,2,10.256807327270508
519,3,9.518738746643066
519,4,10.404654502868652
520,0,10.663681983947754
520,1,10.543543815612793
520,2,10.407278060913086
520,3,9.958980560302734
520,4,10.626471519470215
521,0,11.518099784851074
521,1,11.705892562866211
521,2,13.463128089904785
521,3,10.44879150390625
521,4,11.98670768737793
522,0,11.03131103515625
522,1,10.504261016845703
522,2,10.397494316101074
522,3,9.600973129272461
522,4,10.493122100830078
523,0,11.648917198181152
523,1,11.247075080871582
523,2,10.679498672485352
523,3,11.845653533935547
523,4,11.837912559509277
524,0,8.197822570800781
524,1,12.676274299621582
524,2,14.920254707336426
524,3,8.043097496032715
524,4,8.110086441040039
525,0,11.236490249633789
525,1,12.867048263549805
525,2,11.857415199279785
525,3,11.734964370727539
525,4,11.15839958190918
526,0,11.936450958251953
526,1,12.729106903076172
526,2,13.37621784210205
526,3,12.114374160766602
526,4,11.464523315429688
527,0,11.025175094604492
527,1,12.68700122833252
527,2,11.49045181274414
527,3,11.773900985717773
527,4,10.097322463989258
528,0,14.605354309082031
528,1,14.704788208007812
528,2,15.057709693908691
528,3,13.630017280578613
528,4,13.949686050415039
529,0,13.740708351135254
529,1,14.00839614868164
529,2,14.404475212097168
529,3,12.905679702758789
529,4,14.028249740600586
530,0,9.962444305419922
530,1,11.717775344848633
530,2,10.521485328674316
530,3,10.382729530334473
530,4,10.041058540344238
531,0,4.19675874710083
531,1,4.268918991088867
531,2,6.213386058807373
531,3,4.542929649353027
531,4,4.158249378204346
532,0,11.54526138305664
532,1,12.457032203674316
532,2,12.551345825195312
532,3,11.138752937316895
532,4,11.470375061035156
533,0,12.257024765014648
533,1,12.067341804504395
533,2,11.822355270385742
533,3,12.33935546875
533,4,12.029006958007812
534,0,12.874845504760742
534,1,11.070087432861328
534,2,10.522034645080566
534,3,13.084104537963867
534,4,12.275612831115723
535,0,8.03774642944336
535,1,9.779302597045898
535,2,9.030742645263672
535,3,8.915741920471191
535,4,8.003951072692871
536,0,11.630264282226562
536,1,11.596960067749023
536,2,11.671882629394531
536,3,12.155806541442871
536,4,12.306062698364258
537,0,11.125316619873047
537,1,11.666951179504395
537,2,12.293539047241211
537,3,10.719966888427734
537,4,11.360177040100098
538,0,7.174651145935059
538,1,10.205825805664062
538,2,9.798318862915039
538,3,10.06553840637207
538,4,6.712949752807617
539,0,15.404934883117676
539,1,15.245290756225586
539,2,13.96445369720459
539,3,14.84621524810791
539,4,15.367387771606445
540,0,12.20755672454834
540,1,13.268796920776367
540,2,13.338969230651855
540,3,11.076557159423828
540,4,12.937277793884277
541,0,12.22667121887207
541,1,11.999078750610352
541,2,12.340290069580078
541,3,12.95303726196289
541,4,12.521642684936523
542,0,8.731117248535156
542,1,9.528995513916016
542,2,9.250313758850098
542,3,7.602517127990723
542,4,8.903058052062988
543,0,8.912104606628418
543,1,11.121208190917969
543,2,9.466866493225098
543,3,9.174015045166016
543,4,8.355724334716797
544,0,14.31346321105957
544,1,13.642561912536621
544,2,14.172975540161133
544,3,14.124275207519531
544,4,14.118315696716309
545,0,9.352483749389648
545,1,8.383493423461914
545,2,8.835714340209961
545,3,7.763907432556152
545,4,8.394787788391113
546,0,14.055941581726074
546,1,14.470227241516113
546,2,13.743668556213379
546,3,14.326399803161621
546,4,14.429327011108398
547,0,7.394757270812988
547,1,7.397083282470703
547,2,6.978511810302734
547,3,5.453532695770264
547,4,7.396440029144287
548,0,12.703892707824707
548,1,13.577588081359863
548,2,12.715677261352539
548,3,12.2974271774292
548,4,12.382367134094238
549,0,13.655537605285645
549,1,13.220690727233887
549,2,13.54008960723877
549,3,13.337115287780762
549,4,13.120413780212402
550,0,11.370096206665039
550,1,12.713196754455566
550,2,11.17783260345459
550,3,11.026920318603516
550,4,10.985443115234375
551,0,8.886665344238281
551,1,9.719766616821289
551,2,8.990094184875488
551,3,10.007554054260254
551,4,8.892526626586914
552,0,10.238876342773438
552,1,9.351627349853516
552,2,9.704707145690918
552,3,9.744463920593262
552,4,9.512898445129395
553,0,1.697818636894226
553,1,1.7110087871551514
553,2,0.17913834750652313
553,3,-2.2711517810821533
553,4,1.9121804237365723
554,0,12.901015281677246
554,1,12.107294082641602
554,2,12.328593254089355
554,3,13.517289161682129
554,4,12.643366813659668
555,0,11.830397605895996
555,1,11.95556354522705
555,2,11.800211906433105
555,3,10.977034568786621
555,4,12.226459503173828
556,0,3.899705410003662
556,1,8.679213523864746
556,2,8.64260482788086
556,3,3.354968309402466
556,4,7.088682174682617
557,0,13.569429397583008
557,1,12.643333435058594
557,2,11.249534606933594
557,3,12.366332054138184
557,4,13.685587882995605
558,0,13.559667587280273
558,1,14.621025085449219
558,2,13.687810897827148
558,3,12.630341529846191
558,4,13.387885093688965
559,0,13.875584602355957
559,1,12.688652038574219
559,2,12.296826362609863
559,3,12.19208812713623
559,4,13.59896469116211
560,0,12.234130859375
560,1,11.35851764678955
560,2,11.007859230041504
560,3,11.463929176330566
560,4,12.095036506652832
561,0,11.952733993530273
561,1,11.835753440856934
561,2,12.539284706115723
561,3,10.96322250366211
561,4,12.384428024291992
562,0,6.501722812652588
562,1,6.351253986358643
562,2,7.736411094665527
562,3,6.951226711273193
562,4,5.852931499481201
563,0,11.418152809143066
563,1,12.271808624267578
563,2,12.39228630065918
563,3,11.654768943786621
563,4,12.102636337280273
564,0,9.693108558654785
564,1,9.693327903747559
564,2,8.763530731201172
564,3,9.166176795959473
564,4,10.584693908691406
565,0,15.381287574768066
565,1,15.635334968566895
565,2,15.455989837646484
565,3,14.642658233642578
565,4,14.846960067749023
566,0,10.687668800354004
566,1,9.835980415344238
566,2,10.174858093261719
566,3,10.296338081359863
566,4,10.523855209350586
567,0,11.973337173461914
567,1,13.936454772949219
567,2,12.637497901916504
567,3,12.297616004943848
567,4,11.032437324523926
568,0,12.762406349182129
568,1,13.269207954406738
568,2,13.098325729370117
568,3,11.27514362335205
568,4,12.259654998779297
569,0,12.807699203491211
569,1,11.997468948364258
569,2,12.047039985656738
569,3,12.047860145568848
569,4,12.59348201751709
570,0,13.776542663574219
570,1,14.56235408782959
570,2,14.746341705322266
570,3,13.958073616027832
570,4,13.64889144897461
571,0,14.278157234191895
571,1,13.650771141052246
571,2,14.28363037109375
571,3,14.0549898147583
571,4,13.598370552062988
572,0,-9.17711067199707
572,1,6.031676292419434
572,2,6.668514728546143
572,3,-2.0914742946624756
572,4,-5.115591049194336
573,0,8.531498908996582
573,1,9.261340141296387
573,2,7.808300018310547
573,3,6.915426254272461
573,4,8.688834190368652
574,0,11.33654499053955
574,1,12.408761024475098
574,2,12.659172058105469
574,3,9.538296699523926
574,4,11.609683990478516
575,0,14.506706237792969
575,1,10.405854225158691
575,2,13.30307388305664
575,3,11.642820358276367
575,4,13.215668678283691
576,0,7.423025131225586
576,1,8.525338172912598
576,2,10.463374137878418
576,3,8.435090065002441
576,4,6.754245758056641
577,0,12.715755462646484
577,1,11.229257583618164
577,2,11.895303726196289
577,3,12.432783126831055
577,4,12.07483196258545
578,0,13.263442039489746
578,1,11.487149238586426
578,2,12.948112487792969
578,3,14.347033500671387
578,4,13.70292854309082
579,0,0.9441637396812439
579,1,11.305829048156738
579,2,11.25333023071289
579,3,1.3626418113708496
579,4,3.6533570289611816
580,0,10.365840911865234
580,1,12.05753231048584
580,2,11.784862518310547
580,3,10.794057846069336
580,4,13.049139022827148
581,0,13.917458534240723
581,1,12.51953411102295
581,2,13.00638484954834
581,3,13.217902183532715
581,4,13.214107513427734
582,0,14.179902076721191
582,1,14.08288288116455
582,2,14.083072662353516
582,3,14.091741561889648
582,4,14.309393882751465
583,0,9.2705717086792
583,1,9.809523582458496
583,2,9.252859115600586
583,3,8.816446304321289
583,4,9.26169490814209
584,0,9.57025146484375
584,1,9.856453895568848
584,2,9.85649585723877
584,3,7.768617630004883
584,4,8.966856956481934
585,0,10.419468879699707
585,1,10.666492462158203
585,2,11.325138092041016
585,3,12.313014030456543
585,4,11.586603164672852
586,0,8.227965354919434
586,1,8.080058097839355
586,2,8.016386032104492
586,3,8.2256441116333
586,4,8.154026985168457
587,0,8.792649269104004
587,1,9.95256519317627
587,2,9.710505485534668
587,3,9.177874565124512
587,4,8.496424674987793
588,0,9.344802856445312
588,1,8.445096015930176
588,2,8.576726913452148
588,3,9.759883880615234
588,4,9.703765869140625
589,0,11.602520942687988
589,1,12.085797309875488
589,2,12.864470481872559
589,3,11.263010025024414
589,4,11.795954704284668
590,0,12.810657501220703
590,1,14.49100399017334
590,2,14.832478523254395
590,3,13.251643180847168
590,4,13.181853294372559
591,0,11.37263011932373
591,1,11.328851699829102
591,2,12.326910972595215
591,3,9.598278045654297
591,4,12.729035377502441
592,0,11.437108993530273
592,1,12.273271560668945
592,2,12.137555122375488
592,3,10.520636558532715
592,4,11.27319622039795
593,0,15.078457832336426
593,1,15.931236267089844
593,2,15.603334426879883
593,3,14.944957733154297
593,4,15.25212574005127
594,0,9.511249542236328
594,1,10.616952896118164
594,2,8.046289443969727
594,3,8.464581489562988
594,4,10.053444862365723
595,0,8.812190055847168
595,1,12.01134967803955
595,2,10.880270957946777
595,3,10.501654624938965
595,4,9.898964881896973
596,0,11.410720825195312
596,1,9.499005317687988
596,2,8.41006088256836
596,3,11.331610679626465
596,4,10.04443645477295
597,0,9.381991386413574
597,1,10.727542877197266
597,2,13.369088172912598
597,3,8.887941360473633
597,4,9.360784530639648
598,0,11.595758438110352
598,1,12.216392517089844
598,2,12.784698486328125
598,3,12.063676834106445
598,4,11.959712982177734
599,0,10.284279823303223
599,1,12.845888137817383
599,2,12.63969898223877
599,3,9.227167129516602
599,4,10.163235664367676
600,0,9.626045227050781
600,1,10.329289436340332
600,2,10.502141952514648
600,3,10.411194801330566
600,4,9.855191230773926
601,0,11.481765747070312
601,1,12.373538970947266
601,2,13.913897514343262
601,3,11.409592628479004
601,4,12.195466041564941
602,0,9.060816764831543
602,1,10.43787670135498
602,2,12.146905899047852
602,3,8.015482902526855
602,4,9.160103797912598
603,0,8.681779861450195
603,1,9.824563980102539
603,2,9.158087730407715
603,3,8.826534271240234
603,4,8.592334747314453
604,0,8.71327018737793
604,1,9.332955360412598
604,2,9.789584159851074
604,3,8.436182975769043
604,4,8.602163314819336
605,0,8.384521484375
605,1,6.930352210998535
605,2,6.037234783172607
605,3,7.454954147338867
605,4,8.835497856140137
606,0,6.651601791381836
606,1,6.9698052406311035
606,2,7.9963603019714355
606,3,9.366519927978516
606,4,9.52660846710205
607,0,15.056619644165039
607,1,15.522115707397461
607,2,15.721461296081543
607,3,15.073005676269531
607,4,15.317801475524902
608,0,11.007356643676758
608,1,11.47182846069336
608,2,10.742010116577148
608,3,11.063220024108887
608,4,10.4575834274292
609,0,10.39444351196289
609,1,10.909334182739258
609,2,9.321152687072754
609,3,11.257040977478027
609,4,10.631889343261719
610,0,16.014902114868164
610,1,14.39942455291748
610,2,15.866354942321777
610,3,14.9967041015625
610,4,16.062042236328125
611,0,12.05301570892334
611,1,12.633607864379883
611,2,12.237128257751465
611,3,13.184329986572266
611,4,12.400979995727539
612,0,15.54767894744873
612,1,15.158042907714844
612,2,15.828390121459961
612,3,14.750849723815918
612,4,15.707809448242188
613,0,11.923979759216309
613,1,9.771482467651367
613,2,11.440768241882324
613,3,10.452449798583984
613,4,11.732665061950684
614,0,11.82582950592041
614,1,13.233753204345703
614,2,12.681011199951172
614,3,12.849162101745605
614,4,12.569928169250488
615,0,9.730230331420898
615,1,9.893563270568848
615,2,10.164718627929688
615,3,9.453417778015137
615,4,9.78564453125
616,0,11.177952766418457
616,1,9.006257057189941
616,2,11.693692207336426
616,3,11.142970085144043
616,4,10.831038475036621
617,0,10.922666549682617
617,1,12.840001106262207
617,2,12.982585906982422
617,3,9.81015396118164
617,4,10.600592613220215
618,0,11.904631614685059
618,1,11.139528274536133
618,2,12.283754348754883
618,3,10.751355171203613
618,4,12.564197540283203
619,0,10.854663848876953
619,1,12.576544761657715
619,2,12.292325973510742
619,3,11.103209495544434
619,4,10.613763809204102
620,0,12.220932960510254
620,1,12.546004295349121
620,2,12.161653518676758
620,3,11.037243843078613
620,4,11.871264457702637
621,0,12.259173393249512
621,1,13.838263511657715
621,2,13.705567359924316
621,3,12.485099792480469
621,4,12.314729690551758
622,0,11.00130558013916
622,1,11.224799156188965
622,2,11.096830368041992
622,3,10.38053035736084
622,4,11.07626724243164
623,0,9.575854301452637
623,1,12.836136817932129
623,2,13.447090148925781
623,3,9.960065841674805
623,4,9.450342178344727
624,0,12.393339157104492
624,1,11.463973999023438
624,2,11.623132705688477
624,3,12.49061107635498
624,4,13.150198936462402
625,0,7.0627899169921875
625,1,10.971325874328613
625,2,10.656437873840332
625,3,8.034255027770996
625,4,7.001607418060303
626,0,11.491182327270508
626,1,10.858537673950195
626,2,11.149347305297852
626,3,11.279632568359375
626,4,12.178916931152344
627,0,12.336334228515625
627,1,15.74509334564209
627,2,14.332014083862305
627,3,14.735215187072754
627,4,11.710010528564453
628,0,15.47475528717041
628,1,13.471806526184082
628,2,13.015233039855957
628,3,15.082572937011719
628,4,15.946342468261719
629,0,7.336799144744873
629,1,9.549495697021484
629,2,8.856864929199219
629,3,6.919036388397217
629,4,7.6548871994018555
630,0,9.771048545837402
630,1,10.68106460571289
630,2,9.394328117370605
630,3,9.186140060424805
630,4,9.753385543823242
631,0,9.951658248901367
631,1,8.985406875610352
631,2,9.03995132446289
631,3,7.165035724639893
631,4,8.813333511352539
632,0,11.827040672302246
632,1,11.978004455566406
632,2,11.870437622070312
632,3,12.21148681640625
632,4,10.847774505615234
633,0,12.939661026000977
633,1,12.077474594116211
633,2,13.65394115447998
633,3,13.85049819946289
633,4,12.851523399353027
634,0,9.84467601776123
634,1,10.034316062927246
634,2,10.200654983520508
634,3,9.944263458251953
634,4,9.029908180236816
635,0,13.583429336547852
635,1,12.351099014282227
635,2,12.37987995147705
635,3,13.00063705444336
635,4,13.271632194519043
636,0,9.208763122558594
636,1,8.21231460571289
636,2,9.058216094970703
636,3,9.076558113098145
636,4,8.778477668762207
637,0,8.79083251953125
637,1,8.90260124206543
637,2,9.338123321533203
637,3,8.974832534790039
637,4,8.476446151733398
638,0,9.741349220275879
638,1,10.70250415802002
638,2,11.753853797912598
638,3,9.457917213439941
638,4,9.467188835144043
639,0,10.745087623596191
639,1,9.4559965133667
639,2,10.28732681274414
639,3,9.397247314453125
639,4,10.456366539001465
640,0,7.275940418243408
640,1,8.851530075073242
640,2,5.497872829437256
640,3,7.270407676696777
640,4,7.549487113952637
641,0,10.761883735656738
641,1,14.044637680053711
641,2,14.718488693237305
641,3,10.236494064331055
641,4,10.26451301574707
642,0,11.807312965393066
642,1,11.504094123840332
642,2,10.895417213439941
642,3,12.392983436584473
642,4,11.569250106811523
643,0,7.599915981292725
643,1,10.096814155578613
643,2,9.114501953125
643,3,7.328972339630127
643,4,8.313849449157715
644,0,8.549619674682617
644,1,7.488803386688232
644,2,8.372526168823242
644,3,8.07621955871582
644,4,8.500046730041504
645,0,10.32436752319336
645,1,11.692780494689941
645,2,12.435685157775879
645,3,13.916595458984375
645,4,11.120528221130371
646,0,9.853023529052734
646,1,11.18867015838623
646,2,10.114727973937988
646,3,9.511307716369629
646,4,10.175163269042969
647,0,11.61135482788086
647,1,10.817197799682617
647,2,10.068474769592285
647,3,10.209454536437988
647,4,11.198418617248535
648,0,10.95934009552002
648,1,11.8474760055542
648,2,13.70909309387207
648,3,11.56011962890625
648,4,11.764381408691406
649,0,10.689875602722168
649,1,6.644932746887207
649,2,10.265581130981445
649,3,7.164259910583496
649,4,11.63408374786377
650,0,8.420902252197266
650,1,7.981114387512207
650,2,7.532413482666016
650,3,7.521456718444824
650,4,8.232787132263184
651,0,10.097587585449219
651,1,12.423175811767578
651,2,12.2509183883667
651,3,10.93265438079834
651,4,9.905574798583984
652,0,11.78068733215332
652,1,13.402408599853516
652,2,14.393677711486816
652,3,10.02444076538086
652,4,12.183270454406738
653,0,10.824141502380371
653,1,10.809049606323242
653,2,11.55681037902832
653,3,10.933287620544434
653,4,10.709197998046875
654,0,13.428183555603027
654,1,12.408716201782227
654,2,12.188570022583008
654,3,12.432268142700195
654,4,14.270284652709961
655,0,-9.061570167541504
655,1,3.7888224124908447
655,2,5.3199782371521
655,3,-8.997153282165527
655,4,-9.154106140136719
656,0,11.802210807800293
656,1,9.910266876220703
656,2,10.590813636779785
656,3,9.879558563232422
656,4,11.879547119140625
657,0,15.241165161132812
657,1,15.962165832519531
657,2,15.89912223815918
657,3,15.680747985839844
657,4,14.914493560791016
658,0,6.468954086303711
658,1,8.614731788635254
658,2,10.299675941467285
658,3,5.4598212242126465
658,4,7.0583086013793945
659,0,7.658989906311035
659,1,7.472716808319092
659,2,-0.7895370125770569
659,3,6.663416385650635
659,4,7.258615493774414
660,0,12.813667297363281
660,1,11.21230411529541
660,2,11.413415908813477
660,3,13.389848709106445
660,4,13.528205871582031
661,0,10.760520935058594
661,1,11.008727073669434
661,2,10.115004539489746
661,3,9.74057388305664
661,4,10.131980895996094
662,0,10.144941329956055
662,1,10.081767082214355
662,2,10.966692924499512
662,3,9.619882583618164
662,4,9.931281089782715
663,0,12.155843734741211
663,1,11.880356788635254
663,2,14.26594066619873
663,3,8.978425979614258
663,4,11.730734825134277
664,0,9.570806503295898
664,1,9.125245094299316
664,2,9.718927383422852
664,3,9.119186401367188
664,4,9.550851821899414
665,0,6.9829020500183105
665,1,10.757923126220703
665,2,10.7139253616333
665,3,8.434698104858398
665,4,7.8472514152526855
666,0,11.56832218170166
666,1,11.174100875854492
666,2,11.202569007873535
666,3,11.235191345214844
666,4,11.425296783447266
667,0,7.725607395172119
667,1,6.770739555358887
667,2,8.265973091125488
667,3,6.891194820404053
667,4,7.3421854972839355
668,0,8.652875900268555
668,1,11.73770809173584
668,2,12.118172645568848
668,3,8.444282531738281
668,4,8.144574165344238
669,0,4.9848456382751465
669,1,8.352596282958984
669,2,8.132448196411133
669,3,6.118881702423096
669,4,7.790966987609863
670,0,8.988836288452148
670,1,8.679109573364258
670,2,8.352436065673828
670,3,8.904051780700684
670,4,9.29876708984375
671,0,10.294900894165039
671,1,11.019956588745117
671,2,10.664568901062012
671,3,11.60116195678711
671,4,10.854757308959961
672,0,15.269126892089844
672,1,14.492697715759277
672,2,15.476181030273438
672,3,15.140301704406738
672,4,15.459185600280762
673,0,6.073444366455078
673,1,9.696579933166504
673,2,9.169655799865723
673,3,7.639565467834473
673,4,6.9762701988220215
674,0,10.160545349121094
674,1,10.655119895935059
674,2,10.334226608276367
674,3,13.07828140258789
674,4,10.927151679992676
675,0,8.773245811462402
675,1,10.434979438781738
675,2,10.373943328857422
675,3,8.79732608795166
675,4,10.091571807861328
676,0,12.720370292663574
676,1,13.526260375976562
676,2,13.981019020080566
676,3,14.055935859680176
676,4,13.215271949768066
677,0,13.895928382873535
677,1,13.258394241333008
677,2,13.80030632019043
677,3,13.414997100830078
677,4,14.63450813293457
678,0,11.63422679901123
678,1,11.63846492767334
678,2,12.187613487243652
678,3,12.386542320251465
678,4,11.448336601257324
679,0,10.462806701660156
679,1,10.3638334274292
679,2,9.520679473876953
679,3,10.266671180725098
679,4,10.198089599609375
680,0,10.460644721984863
680,1,10.986712455749512
680,2,11.058023452758789
680,3,10.913716316223145
680,4,10.362854957580566
681,0,9.598572731018066
681,1,11.944770812988281
681,2,11.67043399810791
681,3,10.154889106750488
681,4,10.268706321716309
682,0,13.825043678283691
682,1,14.917179107666016
682,2,13.944136619567871
682,3,13.543967247009277
682,4,14.532870292663574
683,0,9.731538772583008
683,1,10.689393997192383
683,2,11.2356538772583
683,3,10.656105995178223
683,4,9.781010627746582
684,0,6.682682037353516
684,1,7.435266017913818
684,2,8.214340209960938
684,3,8.377023696899414
684,4,6.829267501831055
685,0,10.740131378173828
685,1,9.842292785644531
685,2,9.268183708190918
685,3,10.060504913330078
685,4,10.32508373260498
686,0,7.285375118255615
686,1,7.5745391845703125
686,2,7.581119537353516
686,3,5.606493949890137
686,4,6.795315265655518
687,0,11.47425651550293
687,1,9.918331146240234
687,2,10.326406478881836
687,3,11.840872764587402
687,4,10.44757080078125
688,0,11.201481819152832
688,1,11.41305923461914
688,2,11.221039772033691
688,3,10.954499244689941
688,4,10.919527053833008
689,0,9.819849967956543
689,1,9.799572944641113
689,2,9.787445068359375
689,3,10.143487930297852
689,4,10.504965782165527
690,0,9.790660858154297
690,1,10.902955055236816
690,2,9.293835639953613
690,3,9.071045875549316
690,4,9.762389183044434
691,0,9.500630378723145
691,1,9.810772895812988
691,2,9.693499565124512
691,3,9.202695846557617
691,4,9.807660102844238
692,0,9.529744148254395
692,1,11.606280326843262
692,2,12.268034934997559
692,3,10.373205184936523
692,4,10.189592361450195
693,0,9.285978317260742
693,1,11.168622016906738
693,2,10.704716682434082
693,3,6.708868980407715
693,4,8.413384437561035
694,0,11.491256713867188
694,1,10.837632179260254
694,2,9.566939353942871
694,3,10.831985473632812
694,4,11.248120307922363
695,0,11.944219589233398
695,1,12.587007522583008
695,2,10.70289134979248
695,3,12.758981704711914
695,4,13.063329696655273
696,0,11.77481460571289
696,1,12.250428199768066
696,2,14.381475448608398
696,3,10.222753524780273
696,4,12.181004524230957
697,0,10.560036659240723
697,1,10.908202171325684
697,2,11.183667182922363
697,3,10.447592735290527
697,4,10.805253982543945
698,0,12.409255027770996
698,1,13.738019943237305
698,2,14.377763748168945
698,3,13.383183479309082
698,4,13.219087600708008
699,0,11.523975372314453
699,1,11.542522430419922
699,2,12.176791191101074
699,3,11.477775573730469
699,4,11.350109100341797
700,0,6.507869720458984
700,1,7.6163716316223145
700,2,5.757872104644775
700,3,9.373677253723145
700,4,7.31778621673584
701,0,9.681991577148438
701,1,11.301100730895996
701,2,11.43828296661377
701,3,8.339631080627441
701,4,9.872644424438477
702,0,11.17100715637207
702,1,11.459503173828125
702,2,11.995223045349121
702,3,9.039647102355957
702,4,11.191264152526855
703,0,10.885327339172363
703,1,13.274940490722656
703,2,12.330976486206055
703,3,11.825815200805664
703,4,11.651235580444336
704,0,8.704429626464844
704,1,12.478879928588867
704,2,11.295684814453125
704,3,11.23674488067627
704,4,9.05655288696289
705,0,9.366201400756836
705,1,11.041234016418457
705,2,11.091849327087402
705,3,8.253052711486816
705,4,8.942416191101074
706,0,12.974916458129883
706,1,14.468976020812988
706,2,13.861165046691895
706,3,12.78650188446045
706,4,12.737269401550293
707,0,11.28603458404541
707,1,11.142444610595703
707,2,11.034804344177246
707,3,9.79981803894043
707,4,10.015369415283203
708,0,8.898758888244629
708,1,9.771934509277344
708,2,10.008886337280273
708,3,7.3373703956604
708,4,6.643594741821289
709,0,9.274638175964355
709,1,10.732726097106934
709,2,11.181034088134766
709,3,10.424627304077148
709,4,9.174236297607422
710,0,11.92820930480957
710,1,12.874358177185059
710,2,13.630311965942383
710,3,11.200162887573242
710,4,11.679615020751953
711,0,13.114127159118652
711,1,13.886137962341309
711,2,14.753562927246094
711,3,12.26820182800293
711,4,13.016178131103516
712,0,12.87539291381836
712,1,12.706864356994629
712,2,11.913689613342285
712,3,12.200907707214355
712,4,13.575709342956543
713,0,11.723113059997559
713,1,12.048551559448242
713,2,12.456645965576172
713,3,12.369095802307129
713,4,12.289544105529785
714,0,11.855876922607422
714,1,12.436851501464844
714,2,12.910419464111328
714,3,13.088142395019531
714,4,10.546324729919434
715,0,11.33987045288086
715,1,12.602919578552246
715,2,13.485737800598145
715,3,11.647332191467285
715,4,12.002784729003906
716,0,14.281364440917969
716,1,13.69998550415039
716,2,14.29706859588623
716,3,13.954085350036621
716,4,14.514240264892578
717,0,6.060588359832764
717,1,6.731282711029053
717,2,6.5172200202941895
717,3,6.300912857055664
717,4,6.276129245758057
718,0,15.383280754089355
718,1,15.630661010742188
718,2,15.754143714904785
718,3,15.291632652282715
718,4,15.158090591430664
719,0,12.230266571044922
719,1,0.04878781735897064
719,2,1.9137204885482788
719,3,9.4584379196167
719,4,12.48507308959961
720,0,8.624117851257324
720,1,10.63620376586914
720,2,10.500031471252441
720,3,8.54763126373291
720,4,8.616606712341309
721,0,5.621921539306641
721,1,7.1178789138793945
721,2,7.960448741912842
721,3,1.4081653356552124
721,4,5.047794342041016
722,0,11.794342994689941
722,1,13.565354347229004
722,2,13.19956111907959
722,3,12.240609169006348
722,4,12.272439956665039
723,0,7.668583393096924
723,1,11.680057525634766
723,2,12.511767387390137
723,3,10.272480964660645
723,4,8.51837158203125
724,0,13.996929168701172
724,1,11.340165138244629
724,2,12.2642822265625
724,3,14.545933723449707
724,4,13.33975887298584
725,0,15.265336990356445
725,1,13.016637802124023
725,2,13.215693473815918
725,3,14.633367538452148
725,4,14.223146438598633
726,0,8.93237590789795
726,1,10.588950157165527
726,2,12.884408950805664
726,3,7.952561855316162
726,4,9.052730560302734
727,0,8.02857494354248
727,1,7.839370250701904
727,2,8.573678016662598
727,3,8.999261856079102
727,4,8.10968017578125
728,0,13.222882270812988
728,1,14.520620346069336
728,2,13.898150444030762
728,3,13.710959434509277
728,4,13.790887832641602
729,0,10.306330680847168
729,1,9.147390365600586
729,2,8.3612060546875
729,3,8.208483695983887
729,4,9.651358604431152
730,0,7.648538112640381
730,1,7.090508460998535
730,2,7.220846652984619
730,3,7.699977397918701
730,4,5.625965595245361
731,0,10.618531227111816
731,1,12.212657928466797
731,2,12.256682395935059
731,3,11.028499603271484
731,4,10.594350814819336
732,0,8.534015655517578
732,1,7.555586338043213
732,2,8.644007682800293
732,3,11.18086051940918
732,4,8.914916038513184
733,0,10.312613487243652
733,1,10.29134750366211
733,2,10.92006778717041
733,3,9.399795532226562
733,4,9.75464916229248
734,0,10.902841567993164
734,1,9.910714149475098
734,2,10.83772087097168
734,3,9.523457527160645
734,4,10.69859504699707
735,0,11.420425415039062
735,1,10.6041898727417
735,2,11.755313873291016
735,3,11.053690910339355
735,4,10.979846954345703
736,0,11.08626651763916
736,1,11.317237854003906
736,2,11.355758666992188
736,3,11.504294395446777
736,4,10.09634017944336
737,0,9.260721206665039
737,1,8.32249927520752
737,2,8.327825546264648
737,3,8.54523754119873
737,4,8.830406188964844
738,0,8.37914752960205
738,1,13.914358139038086
738,2,15.219578742980957
738,3,11.594886779785156
738,4,8.765426635742188
739,0,9.767380714416504
739,1,7.948426246643066
739,2,9.42691421508789
739,3,8.564786911010742
739,4,10.516310691833496
740,0,7.6974334716796875
740,1,9.768776893615723
740,2,9.445503234863281
740,3,9.409358024597168
740,4,8.004631996154785
741,0,13.617401123046875
741,1,13.970871925354004
741,2,13.62398910522461
741,3,12.781943321228027
741,4,13.708640098571777
742,0,11.583206176757812
742,1,12.462804794311523
742,2,12.453688621520996
742,3,11.37507438659668
742,4,11.076601028442383
743,0,14.588624000549316
743,1,15.678757667541504
743,2,15.322769165039062
743,3,14.96174430847168
743,4,14.809737205505371
744,0,7.647208213806152
744,1,9.880791664123535
744,2,9.858962059020996
744,3,7.1187543869018555
744,4,7.96272087097168
745,0,8.131550788879395
745,1,8.731800079345703
745,2,8.772492408752441
745,3,9.040691375732422
745,4,7.1205620765686035
746,0,11.602745056152344
746,1,11.997772216796875
746,2,10.994890213012695
746,3,11.155888557434082
746,4,10.008345603942871
747,0,13.798604011535645
747,1,15.433097839355469
747,2,15.152578353881836
747,3,13.650884628295898
747,4,13.261531829833984
748,0,14.460188865661621
748,1,14.492680549621582
748,2,13.660980224609375
748,3,13.864686965942383
748,4,14.363709449768066
749,0,13.1271390914917
749,1,13.952900886535645
749,2,14.092832565307617
749,3,12.538260459899902
749,4,12.87855052947998
750,0,5.773955345153809
750,1,6.48232364654541
750,2,7.858484745025635
750,3,5.671043395996094
750,4,5.762670993804932
751,0,8.120339393615723
751,1,7.5857625007629395
751,2,7.878313064575195
751,3,7.818832874298096
751,4,8.010004043579102
752,0,10.047046661376953
752,1,8.961302757263184
752,2,8.737214088439941
752,3,9.988144874572754
752,4,10.349292755126953
753,0,13.002182006835938
753,1,12.588048934936523
753,2,13.481422424316406
753,3,13.282306671142578
753,4,12.902215003967285
754,0,8.211475372314453
754,1,8.445539474487305
754,2,9.09199333190918
754,3,6.463756084442139
754,4,8.495034217834473
755,0,11.320530891418457
755,1,11.86833381652832
755,2,11.72708511352539
755,3,11.598540306091309
755,4,11.786240577697754
756,0,12.864372253417969
756,1,10.347861289978027
756,2,12.172272682189941
756,3,12.425287246704102
756,4,12.821259498596191
757,0,13.307700157165527
757,1,13.183998107910156
757,2,12.316427230834961
757,3,12.705364227294922
757,4,12.812910079956055
758,0,9.141345024108887
758,1,8.58885669708252
758,2,7.592950344085693
758,3,8.768007278442383
758,4,9.035676956176758
759,0,12.069604873657227
759,1,9.060893058776855
759,2,11.887175559997559
759,3,13.444183349609375
759,4,12.578704833984375
760,0,8.329965591430664
760,1,10.672313690185547
760,2,9.583161354064941
760,3,7.376490592956543
760,4,7.8006086349487305
761,0,11.824156761169434
761,1,10.533269882202148
761,2,11.218684196472168
761,3,10.979936599731445
761,4,11.315483093261719
762,0,13.617080688476562
762,1,13.751611709594727
762,2,13.00052547454834
762,3,13.200027465820312
762,4,12.912291526794434
763,0,11.935665130615234
763,1,13.777524948120117
763,2,14.434090614318848
763,3,12.615927696228027
763,4,13.228936195373535
764,0,12.93305778503418
764,1,13.115965843200684
764,2,11.746106147766113
764,3,13.786578178405762
764,4,12.75568962097168
765,0,14.822977066040039
765,1,14.301201820373535
765,2,15.320627212524414
765,3,12.943648338317871
765,4,14.12123966217041
766,0,9.639152526855469
766,1,10.265644073486328
766,2,10.535027503967285
766,3,9.126580238342285
766,4,8.982264518737793
767,0,10.37514877319336
767,1,9.986207962036133
767,2,10.325088500976562
767,3,12.047221183776855
767,4,10.484672546386719
768,0,11.044516563415527
768,1,11.836857795715332
768,2,11.07629108428955
768,3,11.058928489685059
768,4,10.804956436157227
769,0,6.810280799865723
769,1,6.732957363128662
769,2,6.601971626281738
769,3,6.780745983123779
769,4,6.166241645812988
770,0,14.862598419189453
770,1,13.06643295288086
770,2,12.860095977783203
770,3,12.312878608703613
770,4,14.794666290283203
771,0,7.707066059112549
771,1,8.168656349182129
771,2,8.805373191833496
771,3,7.642978668212891
771,4,7.590694427490234
772,0,5.028484344482422
772,1,7.720944881439209
772,2,7.4288740158081055
772,3,6.532985210418701
772,4,5.541596412658691
773,0,12.850810050964355
773,1,13.350833892822266
773,2,13.103050231933594
773,3,12.25882625579834
773,4,12.834543228149414
774,0,11.818490982055664
774,1,11.30777359008789
774,2,11.268027305603027
774,3,10.79001522064209
774,4,11.904297828674316
775,0,15.164321899414062
775,1,15.291865348815918
775,2,12.785186767578125
775,3,15.123350143432617
775,4,15.194602966308594
776,0,11.965778350830078
776,1,13.934725761413574
776,2,13.294449806213379
776,3,11.936997413635254
776,4,11.727006912231445
777,0,10.676730155944824
777,1,9.961275100708008
777,2,9.66434097290039
777,3,10.165173530578613
777,4,10.696451187133789
778,0,9.453890800476074
778,1,12.676168441772461
778,2,12.215357780456543
778,3,9.731427192687988
778,4,9.747418403625488
779,0,15.546647071838379
779,1,12.97907543182373
779,2,15.179598808288574
779,3,13.860187530517578
779,4,15.601861953735352
780,0,7.468899726867676
780,1,9.032977104187012
780,2,9.482364654541016
780,3,8.568116188049316
780,4,9.223716735839844
781,0,9.998708724975586
781,1,9.534924507141113
781,2,8.211968421936035
781,3,9.102272033691406
781,4,10.39728832244873
782,0,9.91374683380127
782,1,11.409234046936035
782,2,12.943061828613281
782,3,11.121875762939453
782,4,10.460034370422363
783,0,11.80012035369873
783,1,6.933974266052246
783,2,9.069173812866211
783,3,10.562259674072266
783,4,12.25568675994873
784,0,10.47014331817627
784,1,11.45319652557373
784,2,10.524698257446289
784,3,10.277742385864258
784,4,11.2186279296875
785,0,13.016568183898926
785,1,13.516349792480469
785,2,13.216105461120605
785,3,12.186397552490234
785,4,13.56670093536377
786,0,10.971949577331543
786,1,8.227356910705566
786,2,8.494962692260742
786,3,9.557975769042969
786,4,10.434889793395996
787,0,10.91184139251709
787,1,11.099662780761719
787,2,10.616706848144531
787,3,10.292530059814453
787,4,11.042750358581543
788,0,13.363863945007324
788,1,13.605233192443848
788,2,13.662393569946289
788,3,12.10166072845459
788,4,13.609224319458008
789,0,9.903916358947754
789,1,9.676691055297852
789,2,10.227645874023438
789,3,9.622763633728027
789,4,7.957772254943848
790,0,6.12003755569458
790,1,10.173423767089844
790,2,8.878718376159668
790,3,9.757120132446289
790,4,5.665163040161133
791,0,14.014464378356934
791,1,14.263569831848145
791,2,15.106565475463867
791,3,13.436813354492188
791,4,13.727619171142578
792,0,10.41918659210205
792,1,11.683597564697266
792,2,10.64892578125
792,3,9.754984855651855
792,4,10.918911933898926
793,0,15.028023719787598
793,1,14.8906888961792
793,2,14.236326217651367
793,3,14.442800521850586
793,4,15.158600807189941
794,0,11.335105895996094
794,1,12.236393928527832
794,2,11.758986473083496
794,3,11.360721588134766
794,4,11.574355125427246
795,0,10.019065856933594
795,1,9.435436248779297
795,2,10.018324851989746
795,3,10.557044982910156
795,4,9.98656177520752
796,0,6.780863285064697
796,1,8.380754470825195
796,2,8.913636207580566
796,3,9.925158500671387
796,4,6.711551666259766
797,0,7.159821033477783
797,1,10.190913200378418
797,2,10.15447998046875
797,3,9.024284362792969
797,4,7.270502090454102
798,0,7.297975540161133
798,1,8.07973861694336
798,2,8.49178409576416
798,3,6.730175971984863
798,4,6.73175048828125
799,0,11.59827709197998
799,1,11.908361434936523
799,2,11.976996421813965
799,3,11.618575096130371
799,4,11.621060371398926
800,0,8.170499801635742
800,1,9.026395797729492
800,2,8.551009178161621
800,3,6.943424701690674
800,4,8.1836519241333
801,0,12.626684188842773
801,1,12.742841720581055
801,2,13.185826301574707
801,3,11.69179916381836
801,4,12.753438949584961
802,0,15.195287704467773
802,1,15.192449569702148
802,2,14.378008842468262
802,3,14.000020980834961
802,4,14.6063232421875
803,0,13.703608512878418
803,1,13.860363960266113
803,2,14.940241813659668
803,3,14.061576843261719
803,4,14.651089668273926
804,0,8.618310928344727
804,1,11.662232398986816
804,2,11.55346393585205
804,3,7.000655651092529
804,4,7.078103065490723
805,0,11.24040412902832
805,1,12.17679500579834
805,2,14.344569206237793
805,3,11.595629692077637
805,4,10.749136924743652
806,0,8.362556457519531
806,1,9.920502662658691
806,2,8.948174476623535
806,3,7.600089073181152
806,4,9.313372611999512
807,0,8.83229923248291
807,1,8.055599212646484
807,2,5.1574859619140625
807,3,8.24412727355957
807,4,8.610321998596191
808,0,10.417283058166504
808,1,11.023530006408691
808,2,10.776717185974121
808,3,10.088847160339355
808,4,10.458915710449219
809,0,13.064218521118164
809,1,13.368329048156738
809,2,12.678183555603027
809,3,13.082111358642578
809,4,13.46035385131836
810,0,10.526920318603516
810,1,11.582413673400879
810,2,11.810474395751953
810,3,10.89615535736084
810,4,10.774857521057129
811,0,10.043268203735352
811,1,12.77579402923584
811,2,11.394342422485352
811,3,6.346480369567871
811,4,8.953276634216309
812,0,7.822371482849121
812,1,8.047981262207031
812,2,6.2236809730529785
812,3,8.12655258178711
812,4,7.468223571777344
813,0,12.440706253051758
813,1,11.41145133972168
813,2,10.837607383728027
813,3,13.427419662475586
813,4,13.406414031982422
814,0,11.709198951721191
814,1,12.646231651306152
814,2,10.678276062011719
814,3,12.470184326171875
814,4,11.684913635253906
815,0,12.644989967346191
815,1,14.62980842590332
815,2,14.57884693145752
815,3,12.576546669006348
815,4,12.813100814819336
816,0,12.641153335571289
816,1,11.450057029724121
816,2,10.933547973632812
816,3,12.732166290283203
816,4,11.237438201904297
817,0,8.362706184387207
817,1,7.964471817016602
817,2,9.438032150268555
817,3,7.113698959350586
817,4,8.335407257080078
818,0,10.501590728759766
818,1,9.64218521118164
818,2,10.198534965515137
818,3,9.575729370117188
818,4,11.145793914794922
819,0,10.841423034667969
819,1,11.397336959838867
819,2,11.802643775939941
819,3,10.81379508972168
819,4,10.009106636047363
820,0,14.502143859863281
820,1,14.72912883758545
820,2,15.509373664855957
820,3,14.907328605651855
820,4,14.912708282470703
821,0,11.85963249206543
821,1,11.16088581085205
821,2,11.444682121276855
821,3,11.324651718139648
821,4,11.278973579406738
822,0,10.51026725769043
822,1,13.173426628112793
822,2,13.047759056091309
822,3,11.944474220275879
822,4,11.389962196350098
823,0,13.549458503723145
823,1,14.038254737854004
823,2,13.557083129882812
823,3,13.171937942504883
823,4,13.792420387268066
824,0,12.046669006347656
824,1,13.0979585647583
824,2,13.147433280944824
824,3,11.07553482055664
824,4,12.683055877685547
825,0,15.727425575256348
825,1,15.11876392364502
825,2,11.765865325927734
825,3,13.455645561218262
825,4,15.924568176269531
826,0,10.921915054321289
826,1,9.917106628417969
826,2,11.301773071289062
826,3,11.563457489013672
826,4,9.787753105163574
827,0,5.296381950378418
827,1,8.158231735229492
827,2,9.597565650939941
827,3,6.986721992492676
827,4,6.015191078186035
828,0,4.0255537033081055
828,1,7.192757606506348
828,2,5.387032985687256
828,3,3.6692910194396973
828,4,4.422264099121094
829,0,11.597891807556152
829,1,11.457189559936523
829,2,13.004773139953613
829,3,12.279234886169434
829,4,11.826571464538574
830,0,12.37436580657959
830,1,9.903075218200684
830,2,10.47535514831543
830,3,12.841448783874512
830,4,12.35565185546875
831,0,10.459089279174805
831,1,10.25551986694336
831,2,11.503249168395996
831,3,9.424971580505371
831,4,10.707549095153809
832,0,12.252132415771484
832,1,13.067680358886719
832,2,12.149907112121582
832,3,11.749184608459473
832,4,12.260527610778809
833,0,7.140860557556152
833,1,7.188208103179932
833,2,7.274856090545654
833,3,7.689082145690918
833,4,8.640734672546387
834,0,12.744580268859863
834,1,12.316920280456543
834,2,12.678863525390625
834,3,12.429856300354004
834,4,12.749890327453613
835,0,11.082680702209473
835,1,10.674544334411621
835,2,9.869572639465332
835,3,11.611571311950684
835,4,10.84306526184082
836,0,13.929693222045898
836,1,13.09780502319336
836,2,13.132723808288574
836,3,14.125138282775879
836,4,13.595303535461426
837,0,11.364441871643066
837,1,11.542736053466797
837,2,11.166600227355957
837,3,11.762770652770996
837,4,12.237702369689941
838,0,12.411839485168457
838,1,14.313389778137207
838,2,13.80561637878418
838,3,14.382604598999023
838,4,12.133031845092773
839,0,13.092329025268555
839,1,11.592049598693848
839,2,10.000479698181152
839,3,13.458141326904297
839,4,12.951290130615234
840,0,11.484477043151855
840,1,12.612226486206055
840,2,12.600072860717773
840,3,12.552093505859375
840,4,11.437232971191406
841,0,14.220491409301758
841,1,13.920167922973633
841,2,13.63182258605957
841,3,14.080866813659668
841,4,14.145376205444336
842,0,13.826383590698242
842,1,13.68134593963623
842,2,14.398731231689453
842,3,13.67009449005127
842,4,13.947338104248047
843,0,8.986429214477539
843,1,9.507493019104004
843,2,9.154296875
843,3,8.196642875671387
843,4,9.201428413391113
844,0,8.892045021057129
844,1,5.983250617980957
844,2,6.449718952178955
844,3,8.269485473632812
844,4,8.986759185791016
845,0,10.691697120666504
845,1,10.026537895202637
845,2,8.57870101928711
845,3,9.257205963134766
845,4,10.278003692626953
846,0,11.233980178833008
846,1,12.176766395568848
846,2,11.796883583068848
846,3,10.38994312286377
846,4,11.366837501525879
847,0,9.080913543701172
847,1,11.351078033447266
847,2,11.065279960632324
847,3,9.655348777770996
847,4,10.400751113891602
848,0,11.791119575500488
848,1,10.73302936553955
848,2,11.463851928710938
848,3,10.939021110534668
848,4,11.172471046447754
849,0,8.886707305908203
849,1,10.187066078186035
849,2,10.769140243530273
849,3,8.17886734008789
849,4,9.779885292053223
850,0,8.468488693237305
850,1,7.511984348297119
850,2,6.493509769439697
850,3,8.491106986999512
850,4,8.170659065246582
851,0,9.8541898727417
851,1,12.111238479614258
851,2,11.24917221069336
851,3,11.220849990844727
851,4,9.893819808959961
852,0,10.328600883483887
852,1,10.30410099029541
852,2,9.6366548538208
852,3,8.828803062438965
852,4,9.51986026763916
853,0,8.462153434753418
853,1,9.19524097442627
853,2,8.71490478515625
853,3,7.448812007904053
853,4,8.097774505615234
854,0,13.18782901763916
854,1,13.68691349029541
854,2,12.60501766204834
854,3,13.63728141784668
854,4,13.296323776245117
855,0,12.992487907409668
855,1,12.51625919342041
855,2,12.190343856811523
855,3,12.279180526733398
855,4,12.374277114868164
856,0,8.874801635742188
856,1,9.278844833374023
856,2,9.702152252197266
856,3,6.976720333099365
856,4,8.936704635620117
857,0,9.177248001098633
857,1,9.807899475097656
857,2,8.014245986938477
857,3,8.946433067321777
857,4,8.922245979309082
858,0,13.415295600891113
858,1,13.851652145385742
858,2,13.544266700744629
858,3,11.37126350402832
858,4,13.289416313171387
859,0,5.603599548339844
859,1,7.301179885864258
859,2,8.208473205566406
859,3,2.4811370372772217
859,4,6.009373664855957
860,0,13.310192108154297
860,1,13.135499954223633
860,2,13.312700271606445
860,3,12.613899230957031
860,4,13.787501335144043
861,0,13.920855522155762
861,1,14.05670166015625
861,2,13.809231758117676
861,3,13.659939765930176
861,4,13.066116333007812
862,0,8.878963470458984
862,1,9.89821720123291
862,2,10.05871295928955
862,3,9.257122039794922
862,4,9.212535858154297
863,0,8.811140060424805
863,1,13.07419490814209
863,2,12.368674278259277
863,3,9.711814880371094
863,4,10.737563133239746
864,0,11.961942672729492
864,1,12.158699035644531
864,2,10.765360832214355
864,3,12.058038711547852
864,4,11.687292098999023
865,0,13.94681167602539
865,1,13.474028587341309
865,2,12.71420955657959
865,3,13.646132469177246
865,4,14.108875274658203
866,0,9.42619800567627
866,1,11.992572784423828
866,2,10.498051643371582
866,3,9.035979270935059
866,4,9.3213472366333
867,0,11.946794509887695
867,1,11.156917572021484
867,2,11.254861831665039
867,3,12.072603225708008
867,4,12.029374122619629
868,0,11.89030647277832
868,1,11.067726135253906
868,2,9.727206230163574
868,3,10.008284568786621
868,4,12.58185863494873
869,0,6.607492446899414
869,1,9.097883224487305
869,2,9.0037202835083
869,3,2.8629469871520996
869,4,7.6537652015686035
870,0,13.054944038391113
870,1,13.069289207458496
870,2,13.20493221282959
870,3,12.222053527832031
870,4,12.860671997070312
871,0,9.417960166931152
871,1,9.853459358215332
871,2,7.314632892608643
871,3,9.037812232971191
871,4,9.666367530822754
872,0,9.053034782409668
872,1,11.305794715881348
872,2,9.847426414489746
872,3,9.375055313110352
872,4,10.2041654586792
873,0,8.424837112426758
873,1,9.625722885131836
873,2,9.09862232208252
873,3,10.395100593566895
873,4,7.603035926818848
874,0,10.54282283782959
874,1,12.02244758605957
874,2,10.466500282287598
874,3,10.707143783569336
874,4,11.148917198181152
875,0,10.970694541931152
875,1,10.485760688781738
875,2,11.597050666809082
875,3,10.726683616638184
875,4,11.069818496704102
876,0,13.630910873413086
876,1,14.918289184570312
876,2,15.034175872802734
876,3,14.30251407623291
876,4,14.03324031829834
877,0,12.914116859436035
877,1,12.564301490783691
877,2,12.787148475646973
877,3,12.793960571289062
877,4,12.408716201782227
878,0,15.63211441040039
878,1,15.745840072631836
878,2,16.05862808227539
878,3,12.876423835754395
878,4,15.846968650817871
879,0,12.782840728759766
879,1,13.057550430297852
879,2,14.079995155334473
879,3,12.85828971862793
879,4,12.809394836425781
880,0,11.12157154083252
880,1,13.553879737854004
880,2,14.936211585998535
880,3,9.916036605834961
880,4,11.794367790222168
881,0,11.535531044006348
881,1,10.305657386779785
881,2,11.073869705200195
881,3,10.57666015625
881,4,11.206392288208008
882,0,13.975044250488281
882,1,12.265844345092773
882,2,12.47868537902832
882,3,12.326458930969238
882,4,13.921154975891113
883,0,7.259399890899658
883,1,8.742316246032715
883,2,8.416085243225098
883,3,8.664287567138672
883,4,7.776025772094727
884,0,10.572896957397461
884,1,10.024543762207031
884,2,10.096468925476074
884,3,11.413390159606934
884,4,10.78411865234375
885,0,11.487340927124023
885,1,14.132816314697266
885,2,13.442692756652832
885,3,13.157931327819824
885,4,11.219400405883789
886,0,11.213052749633789
886,1,13.180427551269531
886,2,14.68124008178711
886,3,13.717677116394043
886,4,11.954612731933594
887,0,11.837215423583984
887,1,12.161466598510742
887,2,10.543111801147461
887,3,9.989679336547852
887,4,12.002257347106934
888,0,12.01923942565918
888,1,11.599066734313965
888,2,11.760339736938477
888,3,10.770468711853027
888,4,12.24067211151123
889,0,15.265030860900879
889,1,14.56440544128418
889,2,14.794625282287598
889,3,14.938384056091309
889,4,14.367080688476562
890,0,13.669286727905273
890,1,11.380365371704102
890,2,12.855435371398926
890,3,11.566052436828613
890,4,11.467665672302246
891,0,9.373109817504883
891,1,10.00673770904541
891,2,9.312664031982422
891,3,9.487777709960938
891,4,8.96321964263916
892,0,12.962119102478027
892,1,11.972382545471191
892,2,14.1898832321167
892,3,13.19900894165039
892,4,13.949152946472168
893,0,10.997812271118164
893,1,11.166521072387695
893,2,12.228266716003418
893,3,10.567451477050781
893,4,11.142937660217285
894,0,7.700162410736084
894,1,7.2648138999938965
894,2,8.235847473144531
894,3,6.821836471557617
894,4,8.169459342956543
895,0,-6.847956657409668
895,1,8.434590339660645
895,2,8.036930084228516
895,3,-8.77196979522705
895,4,-5.3096208572387695
896,0,11.664596557617188
896,1,12.736906051635742
896,2,11.649757385253906
896,3,12.245454788208008
896,4,11.105559349060059
897,0,13.6305570602417
897,1,10.382697105407715
897,2,13.178058624267578
897,3,12.088006019592285
897,4,13.015341758728027
898,0,10.249916076660156
898,1,10.75223445892334
898,2,12.780162811279297
898,3,11.169949531555176
898,4,10.571724891662598
899,0,11.436749458312988
899,1,12.499639511108398
899,2,13.082426071166992
899,3,10.593178749084473
899,4,11.74431324005127
900,0,8.885190963745117
900,1,7.743561267852783
900,2,7.480347633361816
900,3,6.370609760284424
900,4,8.803473472595215
901,0,6.808868885040283
901,1,9.751277923583984
901,2,10.485245704650879
901,3,8.864740371704102
901,4,5.8152971267700195
902,0,9.849335670471191
902,1,10.373113632202148
902,2,10.564844131469727
902,3,9.408761024475098
902,4,9.974417686462402
903,0,15.159902572631836
903,1,14.646406173706055
903,2,15.331835746765137
903,3,13.837786674499512
903,4,15.36009407043457
904,0,8.492582321166992
904,1,8.733586311340332
904,2,9.08266830444336
904,3,8.416960716247559
904,4,7.731112957000732
905,0,15.385724067687988
905,1,15.471917152404785
905,2,15.630305290222168
905,3,15.808649063110352
905,4,15.201397895812988
906,0,5.626284599304199
906,1,7.802639961242676
906,2,7.618092060089111
906,3,7.121779441833496
906,4,5.690009593963623
907,0,7.832475662231445
907,1,10.138534545898438
907,2,10.233338356018066
907,3,8.301125526428223
907,4,10.305140495300293
908,0,12.237899780273438
908,1,12.480833053588867
908,2,12.214853286743164
908,3,11.738277435302734
908,4,12.151875495910645
909,0,13.073806762695312
909,1,13.851301193237305
909,2,12.60596752166748
909,3,12.904322624206543
909,4,12.561234474182129
910,0,13.165192604064941
910,1,13.096392631530762
910,2,13.635077476501465
910,3,12.128215789794922
910,4,12.660388946533203
911,0,9.282994270324707
911,1,10.823391914367676
911,2,11.503952980041504
911,3,9.36825942993164
911,4,8.179703712463379
912,0,8.279234886169434
912,1,8.65310001373291
912,2,9.212173461914062
912,3,7.524062633514404
912,4,8.572208404541016
913,0,13.028525352478027
913,1,12.348389625549316
913,2,12.479453086853027
913,3,13.703383445739746
913,4,13.253094673156738
914,0,7.804025173187256
914,1,10.345734596252441
914,2,9.934035301208496
914,3,7.771500587463379
914,4,7.483039855957031
915,0,14.40748405456543
915,1,15.190648078918457
915,2,15.39223861694336
915,3,14.649065971374512
915,4,14.367230415344238
916,0,11.959999084472656
916,1,12.306458473205566
916,2,13.754426956176758
916,3,11.390886306762695
916,4,12.627065658569336
917,0,10.867992401123047
917,1,10.56832218170166
917,2,10.880147933959961
917,3,10.455339431762695
917,4,10.559980392456055
918,0,11.437338829040527
918,1,12.486990928649902
918,2,11.60704517364502
918,3,11.279356956481934
918,4,12.396964073181152
919,0,7.500057220458984
919,1,9.698953628540039
919,2,6.949060916900635
919,3,8.570406913757324
919,4,8.372547149658203
920,0,11.718347549438477
920,1,11.078438758850098
920,2,11.983489990234375
920,3,10.895955085754395
920,4,11.32060432434082
921,0,10.794459342956543
921,1,10.772554397583008
921,2,11.792638778686523
921,3,8.071760177612305
921,4,11.603943824768066
922,0,9.962924003601074
922,1,10.018630027770996
922,2,10.974026679992676
922,3,9.715985298156738
922,4,10.85577392578125
923,0,11.55993938446045
923,1,12.700535774230957
923,2,12.285825729370117
923,3,11.062487602233887
923,4,12.117432594299316
924,0,13.611907958984375
924,1,13.089949607849121
924,2,12.516975402832031
924,3,13.898031234741211
924,4,12.606051445007324
925,0,8.455230712890625
925,1,10.05294132232666
925,2,10.210999488830566
925,3,5.4324421882629395
925,4,8.284538269042969
926,0,8.954087257385254
926,1,7.321521759033203
926,2,8.207844734191895
926,3,7.185732841491699
926,4,8.238485336303711
927,0,14.008363723754883
927,1,14.315896034240723
927,2,13.48169994354248
927,3,13.804728507995605
927,4,13.442523956298828
928,0,10.202391624450684
928,1,12.545615196228027
928,2,13.276124954223633
928,3,10.86135196685791
928,4,11.02456283569336
929,0,13.911114692687988
929,1,11.981409072875977
929,2,13.313748359680176
929,3,12.182411193847656
929,4,13.269976615905762
930,0,11.601035118103027
930,1,13.17628288269043
930,2,14.241954803466797
930,3,11.844895362854004
930,4,12.512199401855469
931,0,12.03516674041748
931,1,11.853123664855957
931,2,13.106477737426758
931,3,12.966020584106445
931,4,12.880797386169434
932,0,12.73272705078125
932,1,13.276405334472656
932,2,13.955373764038086
932,3,12.979312896728516
932,4,13.402831077575684
933,0,14.39769458770752
933,1,15.187362670898438
933,2,15.982133865356445
933,3,13.789995193481445
933,4,15.40853500366211
934,0,8.669405937194824
934,1,9.656397819519043
934,2,10.129196166992188
934,3,7.883087158203125
934,4,8.276782035827637
935,0,14.511696815490723
935,1,14.632407188415527
935,2,14.138476371765137
935,3,15.73556900024414
935,4,14.96500301361084
936,0,8.917943000793457
936,1,7.97105073928833
936,2,9.974979400634766
936,3,8.640790939331055
936,4,8.253350257873535
937,0,10.251313209533691
937,1,10.119277954101562
937,2,10.187617301940918
937,3,9.571513175964355
937,4,10.454506874084473
938,0,12.415075302124023
938,1,14.371373176574707
938,2,16.021398544311523
938,3,13.724309921264648
938,4,12.156890869140625
939,0,8.816732406616211
939,1,9.679465293884277
939,2,5.123299598693848
939,3,9.042540550231934
939,4,8.740092277526855
940,0,14.004228591918945
940,1,14.448373794555664
940,2,14.732666015625
940,3,14.352853775024414
940,4,14.745304107666016
941,0,10.949197769165039
941,1,10.350301742553711
941,2,9.805119514465332
941,3,11.181663513183594
941,4,10.960044860839844
942,0,8.317584991455078
942,1,5.180528163909912
942,2,7.657459259033203
942,3,8.73488998413086
942,4,9.955333709716797
943,0,8.34712028503418
943,1,10.377219200134277
943,2,9.970969200134277
943,3,8.953470230102539
943,4,8.584165573120117
944,0,8.884139060974121
944,1,10.43927001953125
944,2,9.64263916015625
944,3,8.591089248657227
944,4,9.013204574584961
945,0,10.481197357177734
945,1,10.70358657836914
945,2,10.417071342468262
945,3,10.732593536376953
945,4,10.512146949768066
946,0,14.964079856872559
946,1,14.117325782775879
946,2,14.024353981018066
946,3,14.631987571716309
946,4,15.583240509033203
947,0,11.303563117980957
947,1,13.251727104187012
947,2,14.105097770690918
947,3,13.244638442993164
947,4,10.622101783752441
948,0,12.65371036529541
948,1,14.234070777893066
948,2,14.439432144165039
948,3,12.91334056854248
948,4,12.941948890686035
949,0,12.223438262939453
949,1,13.348821640014648
949,2,13.295754432678223
949,3,11.696113586425781
949,4,12.621336936950684
950,0,8.564144134521484
950,1,7.292473316192627
950,2,9.823450088500977
950,3,8.326881408691406
950,4,8.624258995056152
951,0,8.745430946350098
951,1,8.705841064453125
951,2,9.624595642089844
951,3,8.9905366897583
951,4,7.703242778778076
952,0,13.269439697265625
952,1,14.603522300720215
952,2,12.983295440673828
952,3,12.133217811584473
952,4,12.669044494628906
953,0,13.312562942504883
953,1,15.433032989501953
953,2,15.460233688354492
953,3,12.707076072692871
953,4,13.643207550048828
954,0,13.691076278686523
954,1,14.92282772064209
954,2,15.308347702026367
954,3,12.868584632873535
954,4,13.414684295654297
955,0,8.779552459716797
955,1,10.028300285339355
955,2,9.022274017333984
955,3,10.057451248168945
955,4,7.964969635009766
956,0,13.805570602416992
956,1,15.424637794494629
956,2,16.052297592163086
956,3,13.633151054382324
956,4,13.781639099121094
957,0,11.764470100402832
957,1,12.403605461120605
957,2,13.084563255310059
957,3,12.002087593078613
957,4,12.457064628601074
958,0,13.644475936889648
958,1,13.966325759887695
958,2,12.570220947265625
958,3,12.910431861877441
958,4,13.767960548400879
959,0,9.71697998046875
959,1,10.36789608001709
959,2,10.141562461853027
959,3,8.725224494934082
959,4,9.22265911102295
960,0,8.019317626953125
960,1,9.661452293395996
960,2,9.32719612121582
960,3,7.805452346801758
960,4,8.605545043945312
961,0,12.230632781982422
961,1,11.930904388427734
961,2,13.28026008605957
961,3,11.50190258026123
961,4,12.152783393859863
962,0,13.712051391601562
962,1,11.789531707763672
962,2,13.49891471862793
962,3,12.810843467712402
962,4,12.97154712677002
963,0,10.19583511352539
963,1,10.488038063049316
963,2,9.622782707214355
963,3,10.735848426818848
963,4,10.63853931427002
964,0,10.369206428527832
964,1,10.73798656463623
964,2,10.600109100341797
964,3,9.202483177185059
964,4,9.424617767333984
965,0,15.077535629272461
965,1,14.372428894042969
965,2,13.198593139648438
965,3,14.803260803222656
965,4,15.124588966369629
966,0,10.7050142288208
966,1,11.17669677734375
966,2,13.79013442993164
966,3,9.483560562133789
966,4,11.457205772399902
967,0,7.254837512969971
967,1,9.794455528259277
967,2,10.89571762084961
967,3,8.336755752563477
967,4,7.282474517822266
968,0,12.048551559448242
968,1,11.70634651184082
968,2,11.222917556762695
968,3,12.50537109375
968,4,12.008161544799805
969,0,10.251636505126953
969,1,11.297202110290527
969,2,11.500526428222656
969,3,9.134105682373047
969,4,10.88624095916748
970,0,12.405991554260254
970,1,13.758320808410645
970,2,13.500983238220215
970,3,10.688529968261719
970,4,12.683764457702637
971,0,15.203418731689453
971,1,15.57912540435791
971,2,15.755043029785156
971,3,15.081853866577148
971,4,15.375070571899414
972,0,11.819265365600586
972,1,12.400949478149414
972,2,12.14453411102295
972,3,12.036995887756348
972,4,11.1265230178833
973,0,9.252059936523438
973,1,11.231857299804688
973,2,11.462974548339844
973,3,8.837038040161133
973,4,9.464249610900879
974,0,12.239301681518555
974,1,14.012954711914062
974,2,14.687835693359375
974,3,11.982121467590332
974,4,12.797802925109863
975,0,7.409873962402344
975,1,9.912097930908203
975,2,9.731290817260742
975,3,11.391159057617188
975,4,7.945062637329102
976,0,5.7389044761657715
976,1,9.438698768615723
976,2,10.085625648498535
976,3,5.5177202224731445
976,4,6.634144306182861
977,0,13.296980857849121
977,1,13.199236869812012
977,2,14.0824613571167
977,3,12.95710563659668
977,4,13.910326957702637
978,0,6.373722553253174
978,1,14.975587844848633
978,2,15.44642448425293
978,3,7.101208686828613
978,4,6.728931903839111
979,0,14.154243469238281
979,1,14.080085754394531
979,2,14.28472900390625
979,3,13.015792846679688
979,4,14.121078491210938
980,0,11.952287673950195
980,1,12.012385368347168
980,2,11.669459342956543
980,3,12.198466300964355
980,4,11.8848876953125
981,0,13.637919425964355
981,1,12.05893611907959
981,2,11.713329315185547
981,3,12.13402271270752
981,4,13.561882972717285
982,0,12.298795700073242
982,1,13.607321739196777
982,2,15.692728042602539
982,3,12.950992584228516
982,4,12.043869972229004
983,0,13.880963325500488
983,1,11.235548973083496
983,2,11.752083778381348
983,3,13.911550521850586
983,4,13.554722785949707
984,0,13.173890113830566
984,1,14.992692947387695
984,2,14.112606048583984
984,3,12.998665809631348
984,4,12.807568550109863
985,0,12.010541915893555
985,1,11.737241744995117
985,2,11.231611251831055
985,3,11.727405548095703
985,4,13.927286148071289
986,0,9.736675262451172
986,1,11.048148155212402
986,2,12.10711669921875
986,3,9.845683097839355
986,4,9.23129653930664
987,0,13.257405281066895
987,1,14.587442398071289
987,2,14.699788093566895
987,3,13.58444595336914
987,4,13.940783500671387
988,0,11.845888137817383
988,1,10.572212219238281
988,2,12.08933162689209
988,3,11.221455574035645
988,4,11.378585815429688
989,0,13.493690490722656
989,1,14.326197624206543
989,2,14.15731430053711
989,3,13.886259078979492
989,4,13.476722717285156
990,0,10.96439266204834
990,1,11.22022533416748
990,2,11.697237014770508
990,3,11.911514282226562
990,4,11.310588836669922
991,0,13.14976692199707
991,1,12.692474365234375
991,2,12.556215286254883
991,3,10.712115287780762
991,4,13.068185806274414
992,0,11.520329475402832
992,1,10.767171859741211
992,2,11.060751914978027
992,3,11.104092597961426
992,4,11.719722747802734
993,0,13.250134468078613
993,1,13.996142387390137
993,2,13.728438377380371
993,3,12.488737106323242
993,4,13.126426696777344
994,0,7.884609699249268
994,1,9.786062240600586
994,2,9.304984092712402
994,3,7.924407005310059
994,4,10.04582405090332
995,0,11.893040657043457
995,1,8.955113410949707
995,2,9.602604866027832
995,3,11.21999740600586
995,4,10.898273468017578
996,0,12.12253189086914
996,1,13.599691390991211
996,2,13.931483268737793
996,3,11.776642799377441
996,4,12.079679489135742
997,0,10.317216873168945
997,1,9.794344902038574
997,2,9.01777172088623
997,3,9.055112838745117
997,4,10.170019149780273
998,0,12.132157325744629
998,1,12.144999504089355
998,2,12.727518081665039
998,3,11.409628868103027
998,4,11.567594528198242
999,0,5.480051040649414
999,1,8.502986907958984
999,2,9.12490463256836
999,3,6.307981967926025
999,4,5.295773506164551
1000,0,15.779531478881836
1000,1,12.612540245056152
1000,2,13.425344467163086
1000,3,15.701568603515625
1000,4,15.69067668914795
1001,0,8.842704772949219
1001,1,10.80759048461914
1001,2,11.772884368896484
1001,3,11.878829956054688
1001,4,7.832529544830322
1002,0,9.335095405578613
1002,1,9.669327735900879
1002,2,9.146439552307129
1002,3,8.166956901550293
1002,4,9.578222274780273
1003,0,11.399725914001465
1003,1,12.829192161560059
1003,2,12.613031387329102
1003,3,11.995906829833984
1003,4,12.165990829467773
1004,0,11.08694076538086
1004,1,11.518454551696777
1004,2,12.783559799194336
1004,3,9.766688346862793
1004,4,11.721782684326172
1005,0,6.714763641357422
1005,1,7.216965675354004
1005,2,7.907050609588623
1005,3,7.847731113433838
1005,4,6.198822498321533
1006,0,8.916170120239258
1006,1,8.879913330078125
1006,2,9.967984199523926
1006,3,8.554008483886719
1006,4,10.324931144714355
1007,0,14.238078117370605
1007,1,15.04645824432373
1007,2,14.824891090393066
1007,3,14.347861289978027
1007,4,14.452400207519531
1008,0,10.682670593261719
1008,1,13.702775001525879
1008,2,12.631284713745117
1008,3,10.329498291015625
1008,4,10.213462829589844
1009,0,12.49215316772461
1009,1,12.532455444335938
1009,2,13.02433967590332
1009,3,12.665665626525879
1009,4,9.832259178161621
1010,0,11.357126235961914
1010,1,11.998366355895996
1010,2,11.476630210876465
1010,3,9.762882232666016
1010,4,11.326709747314453
1011,0,5.243956089019775
1011,1,7.848259449005127
1011,2,8.868011474609375
1011,3,6.417796611785889
1011,4,6.017721652984619
1012,0,8.741653442382812
1012,1,11.301973342895508
1012,2,11.357873916625977
1012,3,9.27292251586914
1012,4,8.117203712463379
1013,0,13.765979766845703
1013,1,14.140018463134766
1013,2,14.84684944152832
1013,3,13.580281257629395
1013,4,13.031717300415039
1014,0,11.348736763000488
1014,1,13.208837509155273
1014,2,12.886922836303711
1014,3,11.406896591186523
1014,4,11.79389762878418
1015,0,9.030491828918457
1015,1,11.450896263122559
1015,2,11.405802726745605
1015,3,-2.0957016944885254
1015,4,8.423243522644043
1016,0,12.652570724487305
1016,1,11.986294746398926
1016,2,13.224936485290527
1016,3,12.526877403259277
1016,4,12.060219764709473
1017,0,11.36928939819336
1017,1,10.70310115814209
1017,2,13.323590278625488
1017,3,11.634369850158691
1017,4,11.386314392089844
1018,0,10.919987678527832
1018,1,11.483839988708496
1018,2,11.36020278930664
1018,3,10.387852668762207
1018,4,10.865182876586914
1019,0,15.710805892944336
1019,1,15.52503490447998
1019,2,15.794949531555176
1019,3,15.499134063720703
1019,4,15.556415557861328
1020,0,11.136886596679688
1020,1,11.74862289428711
1020,2,11.605363845825195
1020,3,11.314126014709473
1020,4,11.467951774597168
1021,0,8.212591171264648
1021,1,9.574756622314453
1021,2,9.92744255065918
1021,3,10.418340682983398
1021,4,9.700130462646484
1022,0,13.639643669128418
1022,1,13.2985200881958
1022,2,12.798980712890625
1022,3,13.150619506835938
1022,4,13.41068172454834
1023,0,12.346721649169922
1023,1,12.581098556518555
1023,2,12.54825496673584
1023,3,11.692566871643066
1023,4,11.818367004394531
1024,0,11.504799842834473
1024,1,11.32866096496582
1024,2,12.554878234863281
1024,3,11.842368125915527
1024,4,11.9618558883667
1025,0,11.114822387695312
1025,1,11.710686683654785
1025,2,13.021337509155273
1025,3,10.961963653564453
1025,4,10.704757690429688
1026,0,14.909226417541504
1026,1,15.15142822265625
1026,2,14.790581703186035
1026,3,14.145244598388672
1026,4,15.00853443145752
1027,0,14.205984115600586
1027,1,8.645820617675781
1027,2,10.887921333312988
1027,3,11.426795959472656
1027,4,14.279698371887207
1028,0,15.147854804992676
1028,1,15.411237716674805
1028,2,15.362195014953613
1028,3,15.211624145507812
1028,4,15.306924819946289
1029,0,15.083948135375977
1029,1,16.0980281829834
1029,2,16.11774444580078
1029,3,15.240899085998535
1029,4,16.038043975830078
1030,0,12.606379508972168
1030,1,13.228706359863281
1030,2,12.893765449523926
1030,3,12.74507999420166
1030,4,13.788063049316406
1031,0,10.945302963256836
1031,1,11.77155876159668
1031,2,11.445701599121094
1031,3,10.238712310791016
1031,4,10.628628730773926
1032,0,5.790954113006592
1032,1,7.101333141326904
1032,2,5.770277500152588
1032,3,6.810693264007568
1032,4,6.07141637802124
1033,0,7.191524505615234
1033,1,10.77377986907959
1033,2,10.94188117980957
1033,3,7.654106616973877
1033,4,8.560539245605469
1034,0,11.441686630249023
1034,1,12.563720703125
1034,2,12.018442153930664
1034,3,10.775626182556152
1034,4,11.928519248962402
1035,0,9.4068603515625
1035,1,10.923285484313965
1035,2,10.6666898727417
1035,3,10.484418869018555
1035,4,10.052005767822266
1036,0,11.993315696716309
1036,1,14.153166770935059
1036,2,12.704200744628906
1036,3,11.847407341003418
1036,4,12.399518013000488
1037,0,10.08729076385498
1037,1,10.296509742736816
1037,2,10.474892616271973
1037,3,8.26807689666748
1037,4,9.579710960388184
1038,0,10.878148078918457
1038,1,14.994111061096191
1038,2,14.639768600463867
1038,3,11.859989166259766
1038,4,11.090953826904297
1039,0,12.417826652526855
1039,1,12.140058517456055
1039,2,12.460257530212402
1039,3,12.367602348327637
1039,4,12.37598991394043
1040,0,10.46430778503418
1040,1,11.588799476623535
1040,2,10.433110237121582
1040,3,10.697151184082031
1040,4,10.619380950927734
1041,0,11.887535095214844
1041,1,13.206392288208008
1041,2,13.126111030578613
1041,3,12.599072456359863
1041,4,11.096847534179688
1042,0,7.9330058097839355
1042,1,7.771552085876465
1042,2,9.027763366699219
1042,3,8.472189903259277
1042,4,8.212725639343262
1043,0,10.065838813781738
1043,1,10.356554985046387
1043,2,10.807897567749023
1043,3,10.64727783203125
1043,4,10.305814743041992
1044,0,5.892497539520264
1044,1,5.344541549682617
1044,2,5.462610721588135
1044,3,3.4342234134674072
1044,4,4.735135078430176
1045,0,3.3597588539123535
1045,1,7.083959579467773
1045,2,6.636341094970703
1045,3,4.254533290863037
1045,4,4.167354106903076
1046,0,5.214908123016357
1046,1,5.858609676361084
1046,2,2.1892242431640625
1046,3,4.883993148803711
1046,4,4.694136619567871
1047,0,10.942571640014648
1047,1,11.862591743469238
1047,2,11.348175048828125
1047,3,10.311206817626953
1047,4,11.304730415344238
1048,0,8.073019027709961
1048,1,10.631148338317871
1048,2,10.606703758239746
1048,3,7.595970630645752
1048,4,7.389166355133057
1049,0,11.506551742553711
1049,1,12.060063362121582
1049,2,13.153104782104492
1049,3,7.353446006774902
1049,4,11.276692390441895
1050,0,10.427164077758789
1050,1,11.884361267089844
1050,2,13.01815128326416
1050,3,10.479639053344727
1050,4,11.172268867492676
1051,0,10.997554779052734
1051,1,12.194169044494629
1051,2,12.492862701416016
1051,3,10.581291198730469
1051,4,10.886279106140137
1052,0,12.143819808959961
1052,1,12.519357681274414
1052,2,13.233263969421387
1052,3,13.013978958129883
1052,4,12.451656341552734
1053,0,14.191425323486328
1053,1,13.893302917480469
1053,2,14.809585571289062
1053,3,13.723432540893555
1053,4,14.642148971557617
1054,0,9.895635604858398
1054,1,11.376531600952148
1054,2,11.338955879211426
1054,3,8.917095184326172
1054,4,9.647587776184082
1055,0,12.035067558288574
1055,1,13.628500938415527
1055,2,14.325860023498535
1055,3,11.423181533813477
1055,4,12.238558769226074
1056,0,7.537923336029053
1056,1,9.227428436279297
1056,2,8.92603874206543
1056,3,8.060267448425293
1056,4,8.111910820007324
1057,0,11.687688827514648
1057,1,13.172968864440918
1057,2,12.766144752502441
1057,3,12.115202903747559
1057,4,11.58999252319336
1058,0,9.624129295349121
1058,1,12.402236938476562
1058,2,11.983430862426758
1058,3,12.405088424682617
1058,4,9.227213859558105
1059,0,13.6636962890625
1059,1,13.889755249023438
1059,2,13.95760726928711
1059,3,13.543694496154785
1059,4,13.616083145141602
1060,0,9.010108947753906
1060,1,8.968242645263672
1060,2,9.930548667907715
1060,3,8.196484565734863
1060,4,9.36082649230957
1061,0,12.51784610748291
1061,1,12.312623023986816
1061,2,12.834885597229004
1061,3,11.884835243225098
1061,4,12.09156322479248
1062,0,12.729917526245117
1062,1,11.617197036743164
1062,2,11.568153381347656
1062,3,12.2426176071167
1062,4,12.373279571533203
1063,0,10.549829483032227
1063,1,10.390036582946777
1063,2,12.075051307678223
1063,3,9.94586181640625
1063,4,10.465813636779785
1064,0,3.3365695476531982
1064,1,5.045276641845703
1064,2,4.3135504722595215
1064,3,6.380053520202637
1064,4,2.3374502658843994
1065,0,14.744290351867676
1065,1,15.313652992248535
1065,2,15.875157356262207
1065,3,14.350883483886719
1065,4,15.209454536437988
1066,0,10.320412635803223
1066,1,10.641304016113281
1066,2,11.7693452835083
1066,3,9.962474822998047
1066,4,10.420524597167969
1067,0,9.595216751098633
1067,1,12.636792182922363
1067,2,11.053654670715332
1067,3,8.556363105773926
1067,4,8.699769020080566
1068,0,10.988724708557129
1068,1,12.049201965332031
1068,2,11.775691986083984
1068,3,11.675708770751953
1068,4,12.628695487976074
1069,0,12.421991348266602
1069,1,11.758469581604004
1069,2,11.712153434753418
1069,3,11.393339157104492
1069,4,12.778072357177734
1070,0,13.564183235168457
1070,1,14.165523529052734
1070,2,15.102733612060547
1070,3,13.201502799987793
1070,4,13.81409740447998
1071,0,14.977811813354492
1071,1,15.68307876586914
1071,2,15.552523612976074
1071,3,15.123917579650879
1071,4,15.285901069641113
1072,0,12.088973999023438
1072,1,13.124724388122559
1072,2,13.249123573303223
1072,3,12.281268119812012
1072,4,12.780224800109863
1073,0,12.314108848571777
1073,1,12.973599433898926
1073,2,13.248946189880371
1073,3,13.660150527954102
1073,4,12.77065658569336
1074,0,13.277433395385742
1074,1,13.938488960266113
1074,2,14.110143661499023
1074,3,12.728939056396484
1074,4,13.346107482910156
1075,0,9.991312980651855
1075,1,12.611549377441406
1075,2,12.233985900878906
1075,3,11.773168563842773
1075,4,10.33415412902832
1076,0,11.252710342407227
1076,1,10.080107688903809
1076,2,9.964278221130371
1076,3,10.354825019836426
1076,4,10.709564208984375
1077,0,7.2420549392700195
1077,1,9.864439964294434
1077,2,10.575736045837402
1077,3,8.340965270996094
1077,4,7.914454460144043
1078,0,13.511579513549805
1078,1,11.799307823181152
1078,2,12.931500434875488
1078,3,11.823405265808105
1078,4,12.537040710449219
1079,0,6.3094377517700195
1079,1,4.6720452308654785
1079,2,4.526847839355469
1079,3,3.728386402130127
1079,4,4.612911701202393
1080,0,12.292061805725098
1080,1,15.718377113342285
1080,2,15.652926445007324
1080,3,14.156517028808594
1080,4,13.141616821289062
1081,0,12.135184288024902
1081,1,14.487695693969727
1081,2,13.864537239074707
1081,3,13.546366691589355
1081,4,12.206835746765137
1082,0,7.635195732116699
1082,1,8.300658226013184
1082,2,8.010174751281738
1082,3,7.812525272369385
1082,4,8.317137718200684
1083,0,14.518274307250977
1083,1,13.833691596984863
1083,2,13.746180534362793
1083,3,13.767263412475586
1083,4,13.75081729888916
1084,0,12.027992248535156
1084,1,13.135788917541504
1084,2,11.514229774475098
1084,3,12.728791236877441
1084,4,11.437234878540039
1085,0,8.561309814453125
1085,1,8.505289077758789
1085,2,8.950247764587402
1085,3,8.390586853027344
1085,4,9.070695877075195
1086,0,9.96194076538086
1086,1,11.366105079650879
1086,2,9.466196060180664
1086,3,10.017217636108398
1086,4,10.555556297302246
1087,0,11.73055362701416
1087,1,13.355936050415039
1087,2,12.507390975952148
1087,3,11.310123443603516
1087,4,12.098201751708984
1088,0,1.368574857711792
1088,1,3.453810453414917
1088,2,5.108967304229736
1088,3,-3.6384851932525635
1088,4,1.0831260681152344
1089,0,9.080526351928711
1089,1,10.032546997070312
1089,2,9.795755386352539
1089,3,9.77770709991455
1089,4,8.947308540344238
1090,0,12.355833053588867
1090,1,11.919085502624512
1090,2,12.03862476348877
1090,3,11.065764427185059
1090,4,12.651371955871582
1091,0,12.68621826171875
1091,1,13.93044662475586
1091,2,13.645946502685547
1091,3,13.193530082702637
1091,4,12.05429744720459
1092,0,9.764481544494629
1092,1,12.026084899902344
1092,2,11.556787490844727
1092,3,10.016861915588379
1092,4,10.404128074645996
1093,0,8.31462287902832
1093,1,8.182537078857422
1093,2,8.412190437316895
1093,3,8.505119323730469
1093,4,7.102643013000488
1094,0,10.994768142700195
1094,1,12.841211318969727
1094,2,10.905120849609375
1094,3,8.327255249023438
1094,4,11.126194953918457
1095,0,9.8333740234375
1095,1,9.74880313873291
1095,2,7.642516136169434
1095,3,9.852438926696777
1095,4,10.331646919250488
1096,0,10.30545711517334
1096,1,13.240753173828125
1096,2,13.28079605102539
1096,3,10.693326950073242
1096,4,11.293336868286133
1097,0,10.555543899536133
1097,1,11.642322540283203
1097,2,11.15134048461914
1097,3,10.606295585632324
1097,4,10.354597091674805
1098,0,9.378902435302734
1098,1,10.420706748962402
1098,2,9.880727767944336
1098,3,9.30055046081543
1098,4,8.843717575073242
1099,0,8.822420120239258
1099,1,9.595841407775879
1099,2,9.362133979797363
1099,3,9.339239120483398
1099,4,8.219985008239746
1100,0,11.84050178527832
1100,1,11.443034172058105
1100,2,13.044816970825195
1100,3,12.655467987060547
1100,4,11.110780715942383
1101,0,11.498199462890625
1101,1,12.540678024291992
1101,2,13.498350143432617
1101,3,12.190469741821289
1101,4,11.587762832641602
1102,0,13.94542121887207
1102,1,14.025232315063477
1102,2,14.192185401916504
1102,3,13.893835067749023
1102,4,13.707911491394043
1103,0,15.637794494628906
1103,1,14.112101554870605
1103,2,15.1788330078125
1103,3,14.869481086730957
1103,4,15.957839012145996
1104,0,7.858801364898682
1104,1,7.373425006866455
1104,2,7.773929119110107
1104,3,5.851106643676758
1104,4,7.840630531311035
1105,0,7.334445476531982
1105,1,9.427424430847168
1105,2,9.001974105834961
1105,3,7.442238807678223
1105,4,7.363854885101318
1106,0,7.542960166931152
1106,1,8.539764404296875
1106,2,8.60062026977539
1106,3,8.056285858154297
1106,4,7.816161155700684
1107,0,14.428682327270508
1107,1,11.976804733276367
1107,2,14.492883682250977
1107,3,13.700553894042969
1107,4,14.197218894958496
1108,0,5.985544681549072
1108,1,9.727156639099121
1108,2,9.678627967834473
1108,3,6.397451877593994
1108,4,6.20634651184082
1109,0,10.690455436706543
1109,1,11.1202974319458
1109,2,11.761610984802246
1109,3,10.08680534362793
1109,4,10.543785095214844
1110,0,13.706785202026367
1110,1,13.529474258422852
1110,2,13.884588241577148
1110,3,13.57455825805664
1110,4,14.097121238708496
1111,0,13.45580005645752
1111,1,14.840642929077148
1111,2,15.386810302734375
1111,3,12.879582405090332
1111,4,13.059456825256348
1112,0,16.082672119140625
1112,1,15.078088760375977
1112,2,15.953739166259766
1112,3,16.071826934814453
1112,4,16.081937789916992
1113,0,13.659394264221191
1113,1,13.03502082824707
1113,2,13.016364097595215
1113,3,12.52227783203125
1113,4,14.003403663635254
1114,0,14.17411994934082
1114,1,14.132989883422852
1114,2,13.517847061157227
1114,3,14.200136184692383
1114,4,14.20274829864502
1115,0,11.813637733459473
1115,1,11.404415130615234
1115,2,12.149303436279297
1115,3,11.19143009185791
1115,4,11.942612648010254
1116,0,11.813532829284668
1116,1,13.527129173278809
1116,2,11.268241882324219
1116,3,11.56635570526123
1116,4,11.470256805419922
1117,0,13.659852981567383
1117,1,14.786264419555664
1117,2,13.084150314331055
1117,3,14.144351959228516
1117,4,14.014116287231445
1118,0,6.36294412612915
1118,1,6.256531238555908
1118,2,7.42403507232666
1118,3,5.562853813171387
1118,4,6.484610557556152
1119,0,7.832887172698975
1119,1,8.570426940917969
1119,2,8.259239196777344
1119,3,7.074361324310303
1119,4,7.276473045349121
1120,0,13.498167037963867
1120,1,13.248327255249023
1120,2,12.876418113708496
1120,3,13.055776596069336
1120,4,13.301698684692383
1121,0,10.371013641357422
1121,1,10.922027587890625
1121,2,10.706846237182617
1121,3,10.525233268737793
1121,4,10.661786079406738
1122,0,11.603476524353027
1122,1,13.068331718444824
1122,2,12.947192192077637
1122,3,12.729594230651855
1122,4,12.312117576599121
1123,0,8.453503608703613
1123,1,7.605908393859863
1123,2,7.834705352783203
1123,3,7.582063674926758
1123,4,8.440457344055176
1124,0,15.607691764831543
1124,1,15.83407211303711
1124,2,15.935446739196777
1124,3,15.27288818359375
1124,4,15.625635147094727
1125,0,14.946626663208008
1125,1,15.474281311035156
1125,2,15.267131805419922
1125,3,14.416046142578125
1125,4,14.957832336425781
1126,0,12.633042335510254
1126,1,12.614466667175293
1126,2,13.04971981048584
1126,3,11.965245246887207
1126,4,12.204601287841797
1127,0,13.195075988769531
1127,1,11.838923454284668
1127,2,12.759990692138672
1127,3,13.295032501220703
1127,4,12.988031387329102
1128,0,11.982291221618652
1128,1,9.610822677612305
1128,2,10.264283180236816
1128,3,10.320207595825195
1128,4,12.40485668182373
1129,0,10.530933380126953
1129,1,10.007599830627441
1129,2,9.490694046020508
1129,3,10.931394577026367
1129,4,9.939688682556152
1130,0,8.528014183044434
1130,1,10.438985824584961
1130,2,13.469260215759277
1130,3,9.023612976074219
1130,4,8.596663475036621
1131,0,5.873260498046875
1131,1,5.384518146514893
1131,2,6.7116923332214355
1131,3,6.848421573638916
1131,4,5.763221263885498
1132,0,12.051682472229004
1132,1,11.455671310424805
1132,2,11.911425590515137
1132,3,10.256546974182129
1132,4,11.263981819152832
1133,0,11.491941452026367
1133,1,11.704575538635254
1133,2,12.607379913330078
1133,3,10.022659301757812
1133,4,11.602776527404785
1134,0,11.183637619018555
1134,1,12.775614738464355
1134,2,12.553373336791992
1134,3,12.717619895935059
1134,4,11.80867862701416
1135,0,12.165070533752441
1135,1,13.32315444946289
1135,2,12.873076438903809
1135,3,12.75078010559082
1135,4,12.798062324523926
1136,0,7.994557857513428
1136,1,9.136262893676758
1136,2,10.361286163330078
1136,3,7.70234489440918
1136,4,9.055220603942871
1137,0,13.42394733428955
1137,1,13.841440200805664
1137,2,14.102980613708496
1137,3,12.964098930358887
1137,4,13.474722862243652
1138,0,14.159899711608887
1138,1,13.811944961547852
1138,2,14.478827476501465
1138,3,13.36622428894043
1138,4,13.813803672790527
1139,0,10.70350170135498
1139,1,12.147427558898926
1139,2,13.609018325805664
1139,3,11.510592460632324
1139,4,9.633532524108887
1140,0,9.799201011657715
1140,1,11.351309776306152
1140,2,10.815199851989746
1140,3,8.771510124206543
1140,4,11.702840805053711
1141,0,12.825028419494629
1141,1,14.521526336669922
1141,2,15.388978004455566
1141,3,12.911260604858398
1141,4,13.347073554992676
1142,0,14.61539363861084
1142,1,12.86652946472168
1142,2,14.203124046325684
1142,3,14.394545555114746
1142,4,15.028444290161133
1143,0,14.22720718383789
1143,1,14.808710098266602
1143,2,14.286904335021973
1143,3,13.902198791503906
1143,4,9.893481254577637
1144,0,7.990872383117676
1144,1,9.89292049407959
1144,2,9.163362503051758
1144,3,8.217857360839844
1144,4,8.351449012756348
1145,0,13.705039978027344
1145,1,13.464661598205566
1145,2,12.938884735107422
1145,3,14.597485542297363
1145,4,13.831353187561035
1146,0,6.304874420166016
1146,1,6.049679279327393
1146,2,6.839730262756348
1146,3,5.8076090812683105
1146,4,5.365314483642578
1147,0,14.961649894714355
1147,1,14.399185180664062
1147,2,12.3201265335083
1147,3,14.878985404968262
1147,4,14.927302360534668
1148,0,14.941123008728027
1148,1,15.683236122131348
1148,2,14.873074531555176
1148,3,15.085865020751953
1148,4,14.74388599395752
1149,0,12.287459373474121
1149,1,14.537363052368164
1149,2,14.328752517700195
1149,3,12.307278633117676
1149,4,12.715055465698242
1150,0,11.60318660736084
1150,1,11.786483764648438
1150,2,11.256515502929688
1150,3,11.563852310180664
1150,4,11.679146766662598
1151,0,14.226297378540039
1151,1,14.57230281829834
1151,2,14.921394348144531
1151,3,14.322443008422852
1151,4,14.697101593017578
1152,0,11.232890129089355
1152,1,11.925764083862305
1152,2,11.501314163208008
1152,3,11.047286987304688
1152,4,11.295879364013672
1153,0,9.523582458496094
1153,1,10.68575382232666
1153,2,11.505784034729004
1153,3,9.376601219177246
1153,4,10.3626708984375
1154,0,9.87197208404541
1154,1,12.411514282226562
1154,2,11.994202613830566
1154,3,10.77499771118164
1154,4,11.68166732788086
1155,0,15.583084106445312
1155,1,12.992157936096191
1155,2,15.75094985961914
1155,3,15.358098030090332
1155,4,15.875351905822754
1156,0,7.003719806671143
1156,1,8.526510238647461
1156,2,6.810563087463379
1156,3,6.488722324371338
1156,4,6.544384479522705
1157,0,12.151922225952148
1157,1,12.731719017028809
1157,2,13.838271141052246
1157,3,11.470470428466797
1157,4,12.694791793823242
1158,0,8.010260581970215
1158,1,8.06381607055664
1158,2,8.322308540344238
1158,3,6.972824573516846
1158,4,7.955167293548584
1159,0,8.851470947265625
1159,1,10.98185920715332
1159,2,9.107715606689453
1159,3,7.533155918121338
1159,4,9.041010856628418
1160,0,11.171719551086426
1160,1,12.273294448852539
1160,2,12.7354736328125
1160,3,11.405494689941406
1160,4,11.646438598632812
1161,0,14.029437065124512
1161,1,14.998212814331055
1161,2,14.313653945922852
1161,3,14.30772876739502
1161,4,14.589606285095215
1162,0,7.558355331420898
1162,1,11.4877290725708
1162,2,10.251869201660156
1162,3,8.557679176330566
1162,4,9.21297550201416
1163,0,7.705700397491455
1163,1,7.744638919830322
1163,2,8.249679565429688
1163,3,7.309944152832031
1163,4,8.039525985717773
1164,0,5.985868453979492
1164,1,6.200019359588623
1164,2,6.79304313659668
1164,3,4.505519866943359
1164,4,6.164144039154053
1165,0,3.0449423789978027
1165,1,6.978740215301514
1165,2,6.275150775909424
1165,3,0.6057566404342651
1165,4,0.8923828601837158
1166,0,13.780808448791504
1166,1,14.51115894317627
1166,2,14.066360473632812
1166,3,14.487512588500977
1166,4,14.121247291564941
1167,0,10.231748580932617
1167,1,10.476762771606445
1167,2,10.716852188110352
1167,3,10.769816398620605
1167,4,10.32101058959961
1168,0,-2.0968194007873535
1168,1,0.5445161461830139
1168,2,0.9705794453620911
1168,3,-2.706313133239746
1168,4,-0.19481368362903595
1169,0,13.564465522766113
1169,1,14.111464500427246
1169,2,14.21152400970459
1169,3,13.143184661865234
1169,4,13.494571685791016
1170,0,11.139355659484863
1170,1,10.901447296142578
1170,2,11.984375
1170,3,10.972899436950684
1170,4,11.19680118560791
1171,0,9.30706787109375
1171,1,10.840694427490234
1171,2,10.440655708312988
1171,3,6.48710823059082
1171,4,9.16639518737793
1172,0,9.0213623046875
1172,1,8.988903045654297
1172,2,8.024723052978516
1172,3,9.569482803344727
1172,4,9.326872825622559
1173,0,7.848838806152344
1173,1,8.307356834411621
1173,2,8.508683204650879
1173,3,6.506943225860596
1173,4,7.438216209411621
1174,0,9.695202827453613
1174,1,11.685708045959473
1174,2,11.731071472167969
1174,3,9.993125915527344
1174,4,9.907485008239746
1175,0,10.279033660888672
1175,1,11.438770294189453
1175,2,13.380263328552246
1175,3,9.655805587768555
1175,4,11.158760070800781
1176,0,14.993753433227539
1176,1,14.59321117401123
1176,2,14.94648551940918
1176,3,15.120475769042969
1176,4,15.522276878356934
1177,0,8.496522903442383
1177,1,8.324301719665527
1177,2,9.577198028564453
1177,3,8.818374633789062
1177,4,8.20739459991455
1178,0,14.639485359191895
1178,1,15.261106491088867
1178,2,15.312922477722168
1178,3,14.73595905303955
1178,4,13.11355972290039
1179,0,9.67680835723877
1179,1,10.665031433105469
1179,2,10.288662910461426
1179,3,9.050009727478027
1179,4,9.53081226348877
1180,0,10.952807426452637
1180,1,9.898042678833008
1180,2,8.961942672729492
1180,3,7.137537479400635
1180,4,11.890810012817383
1181,0,10.929466247558594
1181,1,11.842195510864258
1181,2,12.229560852050781
1181,3,10.832182884216309
1181,4,9.047147750854492
1182,0,13.05702018737793
1182,1,12.605168342590332
1182,2,11.611640930175781
1182,3,12.75758171081543
1182,4,12.630779266357422
1183,0,13.341547966003418
1183,1,15.413474082946777
1183,2,15.415629386901855
1183,3,12.849125862121582
1183,4,14.079439163208008
1184,0,9.400402069091797
1184,1,13.597204208374023
1184,2,12.852888107299805
1184,3,10.55903434753418
1184,4,9.700377464294434
1185,0,8.914320945739746
1185,1,8.041733741760254
1185,2,10.067532539367676
1185,3,7.822109699249268
1185,4,9.112787246704102
1186,0,11.072710990905762
1186,1,13.981499671936035
1186,2,13.749494552612305
1186,3,11.58835506439209
1186,4,11.366636276245117
1187,0,14.417899131774902
1187,1,13.515950202941895
1187,2,13.828158378601074
1187,3,14.31734561920166
1187,4,14.623281478881836
1188,0,10.454523086547852
1188,1,10.121617317199707
1188,2,9.782183647155762
1188,3,10.43163013458252
1188,4,11.796334266662598
1189,0,10.571550369262695
1189,1,10.414897918701172
1189,2,11.382589340209961
1189,3,9.520466804504395
1189,4,10.815041542053223
1190,0,8.449512481689453
1190,1,6.57413911819458
1190,2,5.303103446960449
1190,3,7.610113620758057
1190,4,9.097627639770508
1191,0,14.210031509399414
1191,1,14.264083862304688
1191,2,14.112051963806152
1191,3,13.528225898742676
1191,4,13.598010063171387
1192,0,11.897590637207031
1192,1,11.682600975036621
1192,2,11.397223472595215
1192,3,11.888894081115723
1192,4,12.467889785766602
1193,0,13.632250785827637
1193,1,15.353376388549805
1193,2,15.19566822052002
1193,3,13.308991432189941
1193,4,14.516042709350586
1194,0,13.226231575012207
1194,1,11.505446434020996
1194,2,10.518474578857422
1194,3,11.731203079223633
1194,4,12.73123836517334
1195,0,7.450994968414307
1195,1,8.857081413269043
1195,2,8.585286140441895
1195,3,7.5513811111450195
1195,4,8.183151245117188
1196,0,11.936720848083496
1196,1,11.133773803710938
1196,2,13.479557991027832
1196,3,12.636917114257812
1196,4,11.95238971710205
1197,0,10.058877944946289
1197,1,8.81256103515625
1197,2,8.605501174926758
1197,3,9.249754905700684
1197,4,9.755972862243652
1198,0,10.08016586303711
1198,1,10.286401748657227
1198,2,12.169628143310547
1198,3,11.621888160705566
1198,4,10.074488639831543
1199,0,10.302751541137695
1199,1,13.020598411560059
1199,2,12.3725004196167
1199,3,9.752110481262207
1199,4,10.34450912475586
1200,0,15.602510452270508
1200,1,15.584358215332031
1200,2,15.664064407348633
1200,3,15.88537311553955
1200,4,15.801778793334961
1201,0,10.161521911621094
1201,1,12.711760520935059
1201,2,13.897717475891113
1201,3,11.504168510437012
1201,4,10.683897018432617
1202,0,14.51323127746582
1202,1,14.577603340148926
1202,2,14.183586120605469
1202,3,13.63855266571045
1202,4,14.116920471191406
1203,0,11.862614631652832
1203,1,12.33219051361084
1203,2,12.878294944763184
1203,3,12.985844612121582
1203,4,10.858200073242188
1204,0,11.12084674835205
1204,1,11.45329761505127
1204,2,11.946908950805664
1204,3,9.994425773620605
1204,4,11.279287338256836
1205,0,10.311805725097656
1205,1,10.615096092224121
1205,2,11.70370101928711
1205,3,9.308011054992676
1205,4,10.211875915527344
1206,0,14.278634071350098
1206,1,15.58534049987793
1206,2,15.315397262573242
1206,3,14.254280090332031
1206,4,14.622113227844238
1207,0,10.23770523071289
1207,1,11.152267456054688
1207,2,8.546809196472168
1207,3,12.016193389892578
1207,4,9.873701095581055
1208,0,14.805374145507812
1208,1,14.519198417663574
1208,2,14.394229888916016
1208,3,14.914523124694824
1208,4,15.05574893951416
1209,0,6.743510723114014
1209,1,13.05919361114502
1209,2,11.223224639892578
1209,3,7.411684989929199
1209,4,7.65095329284668
1210,0,13.943075180053711
1210,1,12.137602806091309
1210,2,12.271469116210938
1210,3,13.010080337524414
1210,4,13.452690124511719
1211,0,10.23149585723877
1211,1,11.21938419342041
1211,2,12.003416061401367
1211,3,10.842185974121094
1211,4,9.889082908630371
1212,0,10.133169174194336
1212,1,6.7982892990112305
1212,2,9.27316951751709
1212,3,9.732254981994629
1212,4,9.20193862915039
1213,0,6.8860344886779785
1213,1,7.83521842956543
1213,2,7.611037731170654
1213,3,7.766037464141846
1213,4,7.073497772216797
1214,0,5.629430294036865
1214,1,10.029301643371582
1214,2,10.980542182922363
1214,3,6.091778755187988
1214,4,4.9249396324157715
1215,0,9.989179611206055
1215,1,10.433523178100586
1215,2,10.504636764526367
1215,3,9.257562637329102
1215,4,9.918004989624023
1216,0,8.836531639099121
1216,1,10.714710235595703
1216,2,10.372984886169434
1216,3,11.124470710754395
1216,4,10.139822959899902
1217,0,8.882806777954102
1217,1,11.154397964477539
1217,2,11.058137893676758
1217,3,9.313834190368652
1217,4,9.415773391723633
1218,0,10.583958625793457
1218,1,11.063706398010254
1218,2,11.658609390258789
1218,3,11.437803268432617
1218,4,10.188916206359863
1219,0,13.065385818481445
1219,1,13.15491008758545
1219,2,13.786992073059082
1219,3,11.258601188659668
1219,4,12.678056716918945
1220,0,10.222624778747559
1220,1,10.573662757873535
1220,2,11.772270202636719
1220,3,10.259772300720215
1220,4,10.899432182312012
1221,0,11.06413459777832
1221,1,8.445086479187012
1221,2,9.524993896484375
1221,3,10.781365394592285
1221,4,12.017728805541992
1222,0,10.86664867401123
1222,1,11.133345603942871
1222,2,11.97186279296875
1222,3,11.43911075592041
1222,4,10.771120071411133
1223,0,11.743814468383789
1223,1,10.37207317352295
1223,2,11.837162971496582
1223,3,10.251386642456055
1223,4,11.88426685333252
1224,0,9.267396926879883
1224,1,9.332172393798828
1224,2,9.350274085998535
1224,3,8.415444374084473
1224,4,10.650886535644531
1225,0,8.05411148071289
1225,1,15.100530624389648
1225,2,15.312220573425293
1225,3,6.620935916900635
1225,4,7.913858413696289
1226,0,14.7014799118042
1226,1,13.999637603759766
1226,2,13.962420463562012
1226,3,14.772523880004883
1226,4,14.30911636352539
1227,0,13.740849494934082
1227,1,13.84993839263916
1227,2,13.726518630981445
1227,3,14.676307678222656
1227,4,13.649209976196289
1228,0,12.215922355651855
1228,1,14.535493850708008
1228,2,14.859874725341797
1228,3,14.115240097045898
1228,4,10.409011840820312
1229,0,11.422175407409668
1229,1,12.357440948486328
1229,2,11.322622299194336
1229,3,11.562515258789062
1229,4,11.318747520446777
1230,0,11.934632301330566
1230,1,10.5640287399292
1230,2,11.206092834472656
1230,3,10.444612503051758
1230,4,11.570612907409668
1231,0,11.313591003417969
1231,1,9.722564697265625
1231,2,10.052350997924805
1231,3,9.99066162109375
1231,4,11.480467796325684
1232,0,14.710955619812012
1232,1,11.272605895996094
1232,2,13.230504035949707
1232,3,14.345552444458008
1232,4,14.638355255126953
1233,0,11.019718170166016
1233,1,11.922040939331055
1233,2,10.191557884216309
1233,3,10.478235244750977
1233,4,11.950796127319336
1234,0,12.391326904296875
1234,1,11.735901832580566
1234,2,11.76938247680664
1234,3,12.237687110900879
1234,4,12.373941421508789
1235,0,11.77316665649414
1235,1,14.019218444824219
1235,2,14.512166023254395
1235,3,11.745747566223145
1235,4,11.038718223571777
1236,0,6.392796039581299
1236,1,8.375404357910156
1236,2,9.383976936340332
1236,3,7.047730445861816
1236,4,8.028812408447266
1237,0,11.532780647277832
1237,1,13.668831825256348
1237,2,14.524657249450684
1237,3,10.866880416870117
1237,4,11.569534301757812
1238,0,8.652663230895996
1238,1,9.210183143615723
1238,2,8.347611427307129
1238,3,8.12401294708252
1238,4,8.407426834106445
1239,0,10.040517807006836
1239,1,10.633058547973633
1239,2,10.651931762695312
1239,3,10.680547714233398
1239,4,11.17983341217041
1240,0,10.204656600952148
1240,1,5.4735846519470215
1240,2,6.783647060394287
1240,3,8.961750984191895
1240,4,10.104578018188477
1241,0,7.904891490936279
1241,1,8.133864402770996
1241,2,8.147653579711914
1241,3,7.289469242095947
1241,4,8.226489067077637
1242,0,12.35129451751709
1242,1,12.671513557434082
1242,2,11.75430965423584
1242,3,12.275716781616211
1242,4,12.734140396118164
1243,0,9.77557373046875
1243,1,12.876185417175293
1243,2,12.920205116271973
1243,3,12.298046112060547
1243,4,13.000859260559082
1244,0,13.402982711791992
1244,1,12.925798416137695
1244,2,13.316448211669922
1244,3,14.23907470703125
1244,4,13.575472831726074
1245,0,11.030816078186035
1245,1,9.712777137756348
1245,2,12.099588394165039
1245,3,9.451904296875
1245,4,9.307452201843262
1246,0,9.048833847045898
1246,1,10.314309120178223
1246,2,12.24353313446045
1246,3,9.399169921875
1246,4,9.16515064239502
1247,0,11.850172996520996
1247,1,13.638334274291992
1247,2,13.121258735656738
1247,3,10.009867668151855
1247,4,11.419574737548828
1248,0,9.64928150177002
1248,1,10.202997207641602
1248,2,9.680130958557129
1248,3,8.91567325592041
1248,4,9.274043083190918
1249,0,12.98108959197998
1249,1,12.808612823486328
1249,2,12.77338981628418
1249,3,13.168020248413086
1249,4,12.97378158569336
1250,0,12.666003227233887
1250,1,8.889217376708984
1250,2,8.851879119873047
1250,3,9.749778747558594
1250,4,12.806048393249512
1251,0,7.077324867248535
1251,1,9.30042552947998
1251,2,10.3700590133667
1251,3,7.709613800048828
1251,4,7.409729480743408
1252,0,15.33060359954834
1252,1,15.871896743774414
1252,2,15.776627540588379
1252,3,15.323076248168945
1252,4,15.27465534210205
1253,0,7.481012344360352
1253,1,9.418777465820312
1253,2,10.829107284545898
1253,3,6.185738563537598
1253,4,7.924587726593018
1254,0,11.19355297088623
1254,1,10.519760131835938
1254,2,11.032027244567871
1254,3,11.797002792358398
1254,4,10.398704528808594
1255,0,11.315679550170898
1255,1,12.20830249786377
1255,2,12.163657188415527
1255,3,11.098139762878418
1255,4,11.139090538024902
1256,0,12.411181449890137
1256,1,13.03425121307373
1256,2,12.875144958496094
1256,3,12.160571098327637
1256,4,12.13642692565918
1257,0,11.409988403320312
1257,1,11.886886596679688
1257,2,11.866958618164062
1257,3,11.039273262023926
1257,4,10.919474601745605
1258,0,12.207376480102539
1258,1,11.847713470458984
1258,2,12.427529335021973
1258,3,11.745670318603516
1258,4,12.02875804901123
1259,0,11.584125518798828
1259,1,11.923704147338867
1259,2,12.626055717468262
1259,3,11.024683952331543
1259,4,11.00528335571289
1260,0,9.68978214263916
1260,1,10.373997688293457
1260,2,10.278313636779785
1260,3,10.289628982543945
1260,4,3.189849615097046
1261,0,-3.807605266571045
1261,1,-1.9116394519805908
1261,2,-1.6369855403900146
1261,3,-3.766880750656128
1261,4,-5.161754131317139
1262,0,10.018625259399414
1262,1,13.467585563659668
1262,2,13.986432075500488
1262,3,12.134045600891113
1262,4,9.888854026794434
1263,0,7.493102073669434
1263,1,8.188335418701172
1263,2,8.248919486999512
1263,3,7.308101177215576
1263,4,7.182114124298096
1264,0,10.684192657470703
1264,1,12.12960147857666
1264,2,10.550159454345703
1264,3,11.097358703613281
1264,4,11.604962348937988
1265,0,10.401294708251953
1265,1,9.24567699432373
1265,2,9.259018898010254
1265,3,10.198976516723633
1265,4,10.393619537353516
1266,0,10.83613395690918
1266,1,11.191177368164062
1266,2,12.01258373260498
1266,3,8.765141487121582
1266,4,11.039156913757324
1267,0,10.441323280334473
1267,1,8.119654655456543
1267,2,10.059063911437988
1267,3,8.431849479675293
1267,4,8.935479164123535
1268,0,13.309274673461914
1268,1,14.750833511352539
1268,2,14.940886497497559
1268,3,13.556029319763184
1268,4,13.191500663757324
1269,0,4.894870281219482
1269,1,7.008162975311279
1269,2,5.785139560699463
1269,3,4.982837200164795
1269,4,5.0314154624938965
1270,0,11.428770065307617
1270,1,14.88512897491455
1270,2,14.9303617477417
1270,3,11.325292587280273
1270,4,11.677461624145508
1271,0,7.492580890655518
1271,1,11.361392974853516
1271,2,9.495329856872559
1271,3,8.730206489562988
1271,4,7.63221549987793
1272,0,11.365579605102539
1272,1,10.901776313781738
1272,2,12.149186134338379
1272,3,11.618961334228516
1272,4,11.673178672790527
1273,0,10.886700630187988
1273,1,10.62012767791748
1273,2,10.84320068359375
1273,3,10.855128288269043
1273,4,11.221388816833496
1274,0,9.8594388961792
1274,1,10.861842155456543
1274,2,11.656448364257812
1274,3,11.025543212890625
1274,4,10.313888549804688
1275,0,13.17951488494873
1275,1,12.715782165527344
1275,2,13.269865989685059
1275,3,13.089856147766113
1275,4,13.315443992614746
1276,0,11.856368064880371
1276,1,13.008842468261719
1276,2,12.937386512756348
1276,3,11.520172119140625
1276,4,11.89829158782959
1277,0,10.704658508300781
1277,1,10.624651908874512
1277,2,10.547629356384277
1277,3,10.581077575683594
1277,4,10.906161308288574
1278,0,13.746256828308105
1278,1,14.593026161193848
1278,2,14.417926788330078
1278,3,13.973249435424805
1278,4,13.918004989624023
1279,0,13.588189125061035
1279,1,14.067547798156738
1279,2,14.522159576416016
1279,3,12.357060432434082
1279,4,13.842577934265137
1280,0,13.080312728881836
1280,1,12.285293579101562
1280,2,12.20210075378418
1280,3,12.351709365844727
1280,4,12.786481857299805
1281,0,12.725945472717285
1281,1,12.54230785369873
1281,2,14.017311096191406
1281,3,10.921167373657227
1281,4,11.823692321777344
1282,0,14.34280776977539
1282,1,13.680215835571289
1282,2,13.760177612304688
1282,3,13.656937599182129
1282,4,13.96782398223877
1283,0,12.456595420837402
1283,1,12.386087417602539
1283,2,12.418309211730957
1283,3,10.41016960144043
1283,4,12.529953002929688
1284,0,6.82145357131958
1284,1,10.19610595703125
1284,2,9.674328804016113
1284,3,6.689023494720459
1284,4,6.580837726593018
1285,0,9.623286247253418
1285,1,10.667841911315918
1285,2,9.886359214782715
1285,3,8.801932334899902
1285,4,10.028953552246094
1286,0,9.805502891540527
1286,1,9.389724731445312
1286,2,10.021716117858887
1286,3,7.342225074768066
1286,4,9.62858772277832
1287,0,6.326894283294678
1287,1,7.7915730476379395
1287,2,7.3178839683532715
1287,3,6.222894668579102
1287,4,6.065697193145752
1288,0,9.402162551879883
1288,1,9.88505744934082
1288,2,11.290228843688965
1288,3,8.597284317016602
1288,4,10.622396469116211
1289,0,12.42617416381836
1289,1,14.259562492370605
1289,2,14.21715259552002
1289,3,12.5873384475708
1289,4,12.094338417053223
1290,0,9.880187034606934
1290,1,11.746598243713379
1290,2,10.514718055725098
1290,3,10.444642066955566
1290,4,11.148553848266602
1291,0,14.11600399017334
1291,1,13.775968551635742
1291,2,14.905264854431152
1291,3,13.94894027709961
1291,4,14.237924575805664
1292,0,12.065342903137207
1292,1,11.3358736038208
1292,2,12.973033905029297
1292,3,11.791153907775879
1292,4,11.669350624084473
1293,0,14.901342391967773
1293,1,15.603522300720215
1293,2,14.99997615814209
1293,3,14.976473808288574
1293,4,15.213322639465332
1294,0,12.29253101348877
1294,1,10.964198112487793
1294,2,11.677569389343262
1294,3,11.616594314575195
1294,4,12.342150688171387
1295,0,10.950496673583984
1295,1,11.437234878540039
1295,2,11.937153816223145
1295,3,10.13939094543457
1295,4,10.496856689453125
1296,0,12.47529411315918
1296,1,14.118783950805664
1296,2,14.438989639282227
1296,3,12.696332931518555
1296,4,11.517814636230469
1297,0,11.207934379577637
1297,1,12.954883575439453
1297,2,12.979363441467285
1297,3,13.885757446289062
1297,4,9.59582233428955
1298,0,12.416736602783203
1298,1,13.296218872070312
1298,2,12.583611488342285
1298,3,11.901833534240723
1298,4,11.919105529785156
1299,0,10.533529281616211
1299,1,10.988349914550781
1299,2,11.526969909667969
1299,3,10.329353332519531
1299,4,10.915234565734863
1300,0,8.081140518188477
1300,1,7.800032138824463
1300,2,8.767045974731445
1300,3,7.986340045928955
1300,4,8.11986255645752
1301,0,10.40024471282959
1301,1,10.594326972961426
1301,2,10.667566299438477
1301,3,11.042893409729004
1301,4,10.61013126373291
1302,0,12.822590827941895
1302,1,13.008374214172363
1302,2,12.945525169372559
1302,3,12.631181716918945
1302,4,13.08240795135498
1303,0,13.657069206237793
1303,1,14.373956680297852
1303,2,13.922749519348145
1303,3,13.398911476135254
1303,4,13.466148376464844
1304,0,11.073521614074707
1304,1,11.390342712402344
1304,2,12.066920280456543
1304,3,11.006937980651855
1304,4,11.112916946411133
1305,0,12.773035049438477
1305,1,11.198025703430176
1305,2,12.227768898010254
1305,3,11.735272407531738
1305,4,12.942022323608398
1306,0,9.024063110351562
1306,1,10.664613723754883
1306,2,12.14363956451416
1306,3,9.226107597351074
1306,4,9.460492134094238
1307,0,11.321405410766602
1307,1,11.739293098449707
1307,2,12.59044075012207
1307,3,11.532770156860352
1307,4,11.717138290405273
1308,0,11.386710166931152
1308,1,11.758912086486816
1308,2,12.148661613464355
1308,3,11.978803634643555
1308,4,11.64867877960205
1309,0,9.788232803344727
1309,1,7.302036285400391
1309,2,9.266044616699219
1309,3,9.998601913452148
1309,4,10.746715545654297
1310,0,10.213940620422363
1310,1,10.629047393798828
1310,2,9.307784080505371
1310,3,9.383176803588867
1310,4,10.433966636657715
1311,0,13.451560020446777
1311,1,13.662911415100098
1311,2,14.866904258728027
1311,3,12.459718704223633
1311,4,13.260705947875977
1312,0,12.865819931030273
1312,1,12.296586990356445
1312,2,12.699475288391113
1312,3,13.160160064697266
1312,4,11.456283569335938
1313,0,8.317310333251953
1313,1,6.888960361480713
1313,2,9.267783164978027
1313,3,6.847980499267578
1313,4,8.169815063476562
1314,0,9.316774368286133
1314,1,8.92289924621582
1314,2,9.883408546447754
1314,3,8.597745895385742
1314,4,9.556748390197754
1315,0,12.17535400390625
1315,1,13.739384651184082
1315,2,13.59345817565918
1315,3,9.999868392944336
1315,4,12.102569580078125
1316,0,8.934484481811523
1316,1,6.00993537902832
1316,2,6.79718017578125
1316,3,8.503188133239746
1316,4,9.203917503356934
1317,0,10.43282699584961
1317,1,11.388030052185059
1317,2,12.353021621704102
1317,3,9.190603256225586
1317,4,9.79296588897705
1318,0,11.139801025390625
1318,1,12.67162036895752
1318,2,12.597553253173828
1318,3,10.535368919372559
1318,4,11.177163124084473
1319,0,12.926060676574707
1319,1,13.094108581542969
1319,2,11.966883659362793
1319,3,12.91897201538086
1319,4,13.02425765991211
1320,0,9.93692398071289
1320,1,11.38910961151123
1320,2,11.354708671569824
1320,3,9.310081481933594
1320,4,9.760369300842285
1321,0,8.841209411621094
1321,1,8.77743148803711
1321,2,7.86903715133667
1321,3,8.284989356994629
1321,4,8.069707870483398
1322,0,6.680595874786377
1322,1,7.157922744750977
1322,2,7.478905200958252
1322,3,6.954431533813477
1322,4,7.131998062133789
1323,0,10.444138526916504
1323,1,10.152201652526855
1323,2,10.437522888183594
1323,3,10.71558666229248
1323,4,10.785789489746094
1324,0,11.876879692077637
1324,1,12.556943893432617
1324,2,11.579486846923828
1324,3,12.037216186523438
1324,4,12.194588661193848
1325,0,13.331759452819824
1325,1,14.120942115783691
1325,2,14.251304626464844
1325,3,13.002433776855469
1325,4,11.952903747558594
1326,0,13.539323806762695
1326,1,13.06162166595459
1326,2,10.188840866088867
1326,3,12.134033203125
1326,4,14.415094375610352
1327,0,13.936821937561035
1327,1,14.428118705749512
1327,2,13.885956764221191
1327,3,13.10280704498291
1327,4,13.684855461120605
1328,0,10.69991683959961
1328,1,10.985791206359863
1328,2,11.723139762878418
1328,3,10.600595474243164
1328,4,10.737128257751465
1329,0,9.3390474319458
1329,1,5.899109840393066
1329,2,6.81291389465332
1329,3,5.8675642013549805
1329,4,9.437178611755371
1330,0,14.52843189239502
1330,1,14.141542434692383
1330,2,15.206881523132324
1330,3,14.271303176879883
1330,4,15.097058296203613
1331,0,6.451594829559326
1331,1,6.574895858764648
1331,2,7.476942539215088
1331,3,7.0374555587768555
1331,4,7.613118648529053
1332,0,11.873855590820312
1332,1,10.900957107543945
1332,2,11.29371166229248
1332,3,11.312564849853516
1332,4,12.851861000061035
1333,0,13.690832138061523
1333,1,12.73802375793457
1333,2,14.783109664916992
1333,3,14.10983657836914
1333,4,13.815860748291016
1334,0,15.15902328491211
1334,1,12.153934478759766
1334,2,11.29318618774414
1334,3,13.146477699279785
1334,4,13.652935981750488
1335,0,13.364550590515137
1335,1,10.850249290466309
1335,2,10.4371976852417
1335,3,13.436018943786621
1335,4,13.67518424987793
1336,0,7.49055814743042
1336,1,12.875563621520996
1336,2,11.08035659790039
1336,3,11.010820388793945
1336,4,5.98494291305542
1337,0,15.37304401397705
1337,1,15.550705909729004
1337,2,15.67158317565918
1337,3,15.26305866241455
1337,4,15.128385543823242
1338,0,8.943033218383789
1338,1,8.478500366210938
1338,2,8.651491165161133
1338,3,8.06975269317627
1338,4,8.214873313903809
1339,0,12.897843360900879
1339,1,13.689851760864258
1339,2,13.154995918273926
1339,3,10.154007911682129
1339,4,12.552713394165039
1340,0,9.598319053649902
1340,1,11.16817855834961
1340,2,12.13094425201416
1340,3,9.404333114624023
1340,4,9.408406257629395
1341,0,12.276213645935059
1341,1,11.532607078552246
1341,2,12.466096878051758
1341,3,12.107263565063477
1341,4,13.13964557647705
1342,0,12.632287979125977
1342,1,13.317815780639648
1342,2,13.067052841186523
1342,3,13.069173812866211
1342,4,12.857398986816406
1343,0,7.564900875091553
1343,1,4.078056335449219
1343,2,4.347470760345459
1343,3,6.457152366638184
1343,4,7.024336814880371
1344,0,10.018656730651855
1344,1,10.680161476135254
1344,2,5.743012428283691
1344,3,6.246622085571289
1344,4,9.41040325164795
1345,0,7.150705814361572
1345,1,9.47928524017334
1345,2,8.398301124572754
1345,3,8.431153297424316
1345,4,6.694911003112793
1346,0,9.07728099822998
1346,1,10.652658462524414
1346,2,10.16769790649414
1346,3,8.488516807556152
1346,4,8.463091850280762
1347,0,11.423721313476562
1347,1,11.871074676513672
1347,2,11.519805908203125
1347,3,11.999600410461426
1347,4,11.77089786529541
1348,0,10.63502311706543
1348,1,9.771724700927734
1348,2,10.493388175964355
1348,3,11.022331237792969
1348,4,10.720527648925781
1349,0,6.818225860595703
1349,1,7.257737636566162
1349,2,7.532007217407227
1349,3,7.504109859466553
1349,4,7.57971715927124
1350,0,13.955892562866211
1350,1,13.975967407226562
1350,2,14.877277374267578
1350,3,12.449114799499512
1350,4,14.052713394165039
1351,0,13.627006530761719
1351,1,14.526412010192871
1351,2,14.134366035461426
1351,3,14.05697250366211
1351,4,14.269950866699219
1352,0,10.91296100616455
1352,1,11.795424461364746
1352,2,11.820446968078613
1352,3,13.16712474822998
1352,4,11.281915664672852
1353,0,12.061250686645508
1353,1,12.501374244689941
1353,2,11.760978698730469
1353,3,10.316649436950684
1353,4,12.425681114196777
1354,0,14.037601470947266
1354,1,13.583850860595703
1354,2,13.66116714477539
1354,3,14.445968627929688
1354,4,14.277701377868652
1355,0,11.447314262390137
1355,1,13.545967102050781
1355,2,14.326912879943848
1355,3,11.461487770080566
1355,4,11.621145248413086
1356,0,10.084891319274902
1356,1,9.499034881591797
1356,2,9.588018417358398
1356,3,9.345480918884277
1356,4,9.558926582336426
1357,0,12.2669677734375
1357,1,13.86574649810791
1357,2,13.587077140808105
1357,3,11.904799461364746
1357,4,12.427361488342285
1358,0,9.257219314575195
1358,1,8.556326866149902
1358,2,11.266505241394043
1358,3,9.642849922180176
1358,4,9.031048774719238
1359,0,11.957398414611816
1359,1,12.899589538574219
1359,2,12.805320739746094
1359,3,12.310463905334473
1359,4,11.80142593383789
1360,0,15.572419166564941
1360,1,15.79435920715332
1360,2,14.647353172302246
1360,3,15.63807487487793
1360,4,15.728416442871094
1361,0,11.96500301361084
1361,1,11.762489318847656
1361,2,12.584805488586426
1361,3,11.55029582977295
1361,4,12.07421875
1362,0,11.707601547241211
1362,1,10.634227752685547
1362,2,10.635951042175293
1362,3,11.002720832824707
1362,4,11.361251831054688
1363,0,7.389461517333984
1363,1,11.05882453918457
1363,2,12.511198043823242
1363,3,5.191012859344482
1363,4,8.547586441040039
1364,0,11.268638610839844
1364,1,11.33625316619873
1364,2,12.874746322631836
1364,3,10.117152214050293
1364,4,9.926657676696777
1365,0,10.306663513183594
1365,1,9.891586303710938
1365,2,9.39411449432373
1365,3,9.056164741516113
1365,4,9.82369613647461
1366,0,13.411460876464844
1366,1,14.755270004272461
1366,2,15.17404842376709
1366,3,13.705560684204102
1366,4,13.384567260742188
1367,0,6.625171184539795
1367,1,10.596616744995117
1367,2,10.843968391418457
1367,3,8.968317985534668
1367,4,8.61927318572998
1368,0,12.258143424987793
1368,1,11.049057960510254
1368,2,10.451151847839355
1368,3,12.166658401489258
1368,4,12.110036849975586
1369,0,8.232535362243652
1369,1,11.686720848083496
1369,2,10.893468856811523
1369,3,8.128840446472168
1369,4,7.177145481109619
1370,0,6.884791851043701
1370,1,0.1793333888053894
1370,2,8.170573234558105
1370,3,1.7133196592330933
1370,4,7.273119926452637
1371,0,9.316906929016113
1371,1,10.105910301208496
1371,2,10.144453048706055
1371,3,8.014062881469727
1371,4,9.283293724060059
1372,0,11.958672523498535
1372,1,10.481743812561035
1372,2,9.62971019744873
1372,3,11.983748435974121
1372,4,11.630650520324707
1373,0,12.912914276123047
1373,1,10.709096908569336
1373,2,10.486212730407715
1373,3,12.138171195983887
1373,4,12.364771842956543
1374,0,6.20560884475708
1374,1,7.261731147766113
1374,2,6.5827317237854
1374,3,8.199292182922363
1374,4,6.479377746582031
1375,0,13.430410385131836
1375,1,14.035188674926758
1375,2,15.116829872131348
1375,3,13.537091255187988
1375,4,12.477792739868164
1376,0,8.634378433227539
1376,1,7.9445977210998535
1376,2,6.034776210784912
1376,3,8.191804885864258
1376,4,8.158217430114746
1377,0,14.011791229248047
1377,1,13.086760520935059
1377,2,13.259324073791504
1377,3,13.318821907043457
1377,4,13.902670860290527
1378,0,11.335142135620117
1378,1,10.858315467834473
1378,2,11.89551067352295
1378,3,11.818211555480957
1378,4,11.849151611328125
1379,0,12.820822715759277
1379,1,12.049298286437988
1379,2,12.509782791137695
1379,3,11.919947624206543
1379,4,12.737829208374023
1380,0,13.653421401977539
1380,1,15.289875030517578
1380,2,15.234516143798828
1380,3,13.418234825134277
1380,4,13.959756851196289
1381,0,10.945549964904785
1381,1,11.639947891235352
1381,2,10.695084571838379
1381,3,11.78388500213623
1381,4,10.766878128051758
1382,0,8.723039627075195
1382,1,7.6509528160095215
1382,2,8.998637199401855
1382,3,9.421297073364258
1382,4,8.408985137939453
1383,0,14.999783515930176
1383,1,15.285368919372559
1383,2,15.259298324584961
1383,3,14.833112716674805
1383,4,15.188865661621094
1384,0,11.41836166381836
1384,1,12.66232681274414
1384,2,12.6812162399292
1384,3,10.62497329711914
1384,4,10.740204811096191
1385,0,10.774701118469238
1385,1,10.618227005004883
1385,2,11.5995512008667
1385,3,9.685955047607422
1385,4,10.822863578796387
1386,0,11.518436431884766
1386,1,9.844428062438965
1386,2,9.185033798217773
1386,3,11.619759559631348
1386,4,11.60040283203125
1387,0,7.281708240509033
1387,1,7.185684680938721
1387,2,8.760292053222656
1387,3,7.015991687774658
1387,4,7.375910758972168
1388,0,9.329879760742188
1388,1,9.568851470947266
1388,2,9.41252613067627
1388,3,9.373826026916504
1388,4,9.524601936340332
1389,0,9.639561653137207
1389,1,8.53290843963623
1389,2,7.675191402435303
1389,3,9.901025772094727
1389,4,9.463581085205078
1390,0,9.591060638427734
1390,1,8.381963729858398
1390,2,8.730792999267578
1390,3,10.0725736618042
1390,4,8.806495666503906
1391,0,13.361653327941895
1391,1,13.523966789245605
1391,2,15.541532516479492
1391,3,13.25402545928955
1391,4,13.691692352294922
1392,0,13.750466346740723
1392,1,12.990835189819336
1392,2,14.062051773071289
1392,3,13.308954238891602
1392,4,14.4718656539917
1393,0,11.021795272827148
1393,1,10.628413200378418
1393,2,9.641487121582031
1393,3,11.497769355773926
1393,4,11.02111530303955
1394,0,12.012639999389648
1394,1,9.855088233947754
1394,2,9.82778549194336
1394,3,10.579586029052734
1394,4,11.327743530273438
1395,0,5.956572532653809
1395,1,9.139204025268555
1395,2,7.187892913818359
1395,3,6.158889293670654
1395,4,6.208653450012207
1396,0,11.147698402404785
1396,1,11.473790168762207
1396,2,11.060260772705078
1396,3,10.558837890625
1396,4,10.084299087524414
1397,0,8.913909912109375
1397,1,6.9888763427734375
1397,2,7.689056873321533
1397,3,8.709965705871582
1397,4,8.671882629394531
1398,0,8.465340614318848
1398,1,9.23566722869873
1398,2,10.407882690429688
1398,3,8.613595008850098
1398,4,9.11219310760498
1399,0,4.647078514099121
1399,1,3.9875996112823486
1399,2,3.9690985679626465
1399,3,4.225717544555664
1399,4,4.112452507019043
1400,0,15.351725578308105
1400,1,15.58935546875
1400,2,15.693048477172852
1400,3,15.321667671203613
1400,4,15.549436569213867
1401,0,9.305013656616211
1401,1,11.53819465637207
1401,2,12.1168794631958
1401,3,6.362720012664795
1401,4,8.394220352172852
1402,0,7.551759243011475
1402,1,7.072473526000977
1402,2,6.691704750061035
1402,3,7.755837917327881
1402,4,8.386284828186035
1403,0,11.792550086975098
1403,1,13.244627952575684
1403,2,12.239312171936035
1403,3,10.971489906311035
1403,4,11.9651517868042
1404,0,-0.4647980034351349
1404,1,2.5879344940185547
1404,2,3.191046714782715
1404,3,0.6458674669265747
1404,4,-0.13317400217056274
1405,0,8.22480583190918
1405,1,8.574848175048828
1405,2,7.978048801422119
1405,3,6.514736175537109
1405,4,7.7012858390808105
1406,0,11.009963989257812
1406,1,12.172999382019043
1406,2,13.313648223876953
1406,3,11.342249870300293
1406,4,10.590902328491211
1407,0,12.065261840820312
1407,1,12.824081420898438
1407,2,12.466351509094238
1407,3,12.85673999786377
1407,4,11.915696144104004
1408,0,14.372413635253906
1408,1,14.125589370727539
1408,2,13.971435546875
1408,3,14.357338905334473
1408,4,14.106955528259277
1409,0,6.105476379394531
1409,1,9.147507667541504
1409,2,9.78776741027832
1409,3,7.139707565307617
1409,4,7.15608024597168
1410,0,9.484077453613281
1410,1,9.9534912109375
1410,2,10.711088180541992
1410,3,8.036972045898438
1410,4,9.319171905517578
1411,0,8.029269218444824
1411,1,10.483880043029785
1411,2,11.31889533996582
1411,3,7.369358539581299
1411,4,8.96306037902832
1412,0,10.797696113586426
1412,1,11.406307220458984
1412,2,10.813176155090332
1412,3,9.813739776611328
1412,4,11.007085800170898
1413,0,7.281739234924316
1413,1,9.831298828125
1413,2,9.316935539245605
1413,3,7.285522937774658
1413,4,7.289958953857422
1414,0,13.336097717285156
1414,1,12.914434432983398
1414,2,12.847100257873535
1414,3,13.153546333312988
1414,4,12.776962280273438
1415,0,11.746983528137207
1415,1,11.307367324829102
1415,2,13.044525146484375
1415,3,12.101978302001953
1415,4,10.50185775756836
1416,0,12.54836654663086
1416,1,13.937605857849121
1416,2,15.13244342803955
1416,3,12.580523490905762
1416,4,13.054868698120117
1417,0,9.2467679977417
1417,1,9.338179588317871
1417,2,8.940103530883789
1417,3,9.003655433654785
1417,4,8.862792015075684
1418,0,7.5938520431518555
1418,1,13.151729583740234
1418,2,14.129197120666504
1418,3,6.9125165939331055
1418,4,7.971175670623779
1419,0,14.327247619628906
1419,1,15.863414764404297
1419,2,15.670241355895996
1419,3,14.569347381591797
1419,4,14.44608211517334
1420,0,14.247830390930176
1420,1,14.187078475952148
1420,2,14.397655487060547
1420,3,13.498607635498047
1420,4,14.02316665649414
1421,0,12.352142333984375
1421,1,13.21434211730957
1421,2,14.341361999511719
1421,3,11.40542221069336
1421,4,12.460454940795898
1422,0,8.407132148742676
1422,1,9.680849075317383
1422,2,10.099677085876465
1422,3,9.383076667785645
1422,4,8.431640625
1423,0,12.585102081298828
1423,1,11.69897747039795
1423,2,12.711899757385254
1423,3,11.776512145996094
1423,4,12.262035369873047
1424,0,9.638997077941895
1424,1,11.750653266906738
1424,2,11.929244041442871
1424,3,9.774168968200684
1424,4,10.52576732635498
1425,0,9.543818473815918
1425,1,10.463228225708008
1425,2,9.272149085998535
1425,3,9.770293235778809
1425,4,9.99605655670166
1426,0,7.856307029724121
1426,1,10.595727920532227
1426,2,10.171734809875488
1426,3,7.777498245239258
1426,4,9.40207290649414
1427,0,11.138891220092773
1427,1,12.091214179992676
1427,2,13.355852127075195
1427,3,11.511947631835938
1427,4,11.461536407470703
1428,0,13.72029972076416
1428,1,14.449281692504883
1428,2,14.339004516601562
1428,3,13.490029335021973
1428,4,13.869818687438965
1429,0,2.921767473220825
1429,1,6.362302780151367
1429,2,6.873180866241455
1429,3,3.8410775661468506
1429,4,2.8305020332336426
1430,0,14.590133666992188
1430,1,13.278264999389648
1430,2,13.585871696472168
1430,3,13.63556957244873
1430,4,14.447644233703613
1431,0,2.2780587673187256
1431,1,11.519309997558594
1431,2,6.647343635559082
1431,3,5.5029802322387695
1431,4,2.755957841873169
1432,0,14.034737586975098
1432,1,9.790680885314941
1432,2,9.853035926818848
1432,3,9.326736450195312
1432,4,14.558280944824219
1433,0,15.252888679504395
1433,1,13.6119384765625
1433,2,13.903042793273926
1433,3,14.972639083862305
1433,4,14.935796737670898
1434,0,11.829760551452637
1434,1,12.486139297485352
1434,2,12.55951976776123
1434,3,11.040421485900879
1434,4,12.661754608154297
1435,0,8.693856239318848
1435,1,6.122039318084717
1435,2,2.9374356269836426
1435,3,7.907891750335693
1435,4,8.282978057861328
1436,0,12.65301513671875
1436,1,14.41151237487793
1436,2,14.109134674072266
1436,3,12.785783767700195
1436,4,13.065282821655273
1437,0,13.429245948791504
1437,1,14.74299430847168
1437,2,14.003853797912598
1437,3,13.06450080871582
1437,4,13.237988471984863
1438,0,12.440714836120605
1438,1,12.490328788757324
1438,2,11.827266693115234
1438,3,12.253549575805664
1438,4,12.104079246520996
1439,0,12.464407920837402
1439,1,14.834612846374512
1439,2,14.845792770385742
1439,3,12.450418472290039
1439,4,12.892898559570312
1440,0,13.703374862670898
1440,1,14.396341323852539
1440,2,14.56059455871582
1440,3,13.444125175476074
1440,4,12.985838890075684
1441,0,7.547112941741943
1441,1,7.09099006652832
1441,2,6.301306247711182
1441,3,7.23676061630249
1441,4,7.542367935180664
1442,0,8.802633285522461
1442,1,9.777974128723145
1442,2,9.901244163513184
1442,3,9.176715850830078
1442,4,9.420645713806152
1443,0,12.754983901977539
1443,1,12.198129653930664
1443,2,11.830124855041504
1443,3,11.758740425109863
1443,4,14.073720932006836
1444,0,10.314833641052246
1444,1,7.747495174407959
1444,2,9.227256774902344
1444,3,7.670436382293701
1444,4,10.300824165344238
1445,0,11.02187442779541
1445,1,8.72899055480957
1445,2,8.903162956237793
1445,3,10.229691505432129
1445,4,11.82374382019043
1446,0,11.708061218261719
1446,1,12.607034683227539
1446,2,12.129798889160156
1446,3,12.409965515136719
1446,4,11.319066047668457
1447,0,13.088363647460938
1447,1,14.2338228225708
1447,2,13.129766464233398
1447,3,13.219680786132812
1447,4,12.994665145874023
1448,0,10.21752643585205
1448,1,12.378656387329102
1448,2,11.228477478027344
1448,3,8.775771141052246
1448,4,10.053704261779785
1449,0,7.008580684661865
1449,1,6.298776149749756
1449,2,7.143706798553467
1449,3,6.499783992767334
1449,4,7.3698201179504395
1450,0,10.507890701293945
1450,1,10.39730167388916
1450,2,10.82241439819336
1450,3,10.393853187561035
1450,4,9.971014976501465
1451,0,11.912715911865234
1451,1,10.809967041015625
1451,2,11.88733959197998
1451,3,11.558959007263184
1451,4,12.06017017364502
1452,0,8.698105812072754
1452,1,8.604628562927246
1452,2,8.383758544921875
1452,3,6.511303901672363
1452,4,7.794558048248291
1453,0,10.431364059448242
1453,1,10.054596900939941
1453,2,9.530556678771973
1453,3,9.98702335357666
1453,4,10.556251525878906
1454,0,13.563591003417969
1454,1,13.895635604858398
1454,2,13.545027732849121
1454,3,12.541646957397461
1454,4,13.409039497375488
1455,0,10.957636833190918
1455,1,12.418936729431152
1455,2,12.173859596252441
1455,3,10.64885425567627
1455,4,10.287809371948242
1456,0,10.223949432373047
1456,1,10.480226516723633
1456,2,9.002049446105957
1456,3,9.740276336669922
1456,4,10.310750007629395
1457,0,8.855376243591309
1457,1,9.048681259155273
1457,2,9.207357406616211
1457,3,7.697152137756348
1457,4,8.386221885681152
1458,0,14.131244659423828
1458,1,14.171699523925781
1458,2,14.34954833984375
1458,3,14.266079902648926
1458,4,14.094066619873047
1459,0,11.25182056427002
1459,1,10.95458698272705
1459,2,11.305986404418945
1459,3,11.033740043640137
1459,4,10.919676780700684
1460,0,11.021981239318848
1460,1,10.829331398010254
1460,2,11.733179092407227
1460,3,12.064263343811035
1460,4,11.035611152648926
1461,0,8.205635070800781
1461,1,7.640535354614258
1461,2,7.360862731933594
1461,3,7.438338756561279
1461,4,7.820303916931152
1462,0,8.484432220458984
1462,1,9.14571762084961
1462,2,9.220415115356445
1462,3,7.725645065307617
1462,4,8.326081275939941
1463,0,14.550005912780762
1463,1,14.751919746398926
1463,2,14.641653060913086
1463,3,14.294633865356445
1463,4,14.836958885192871
1464,0,11.19003677368164
1464,1,11.022420883178711
1464,2,11.413614273071289
1464,3,10.138120651245117
1464,4,11.158291816711426
1465,0,11.539791107177734
1465,1,9.330265998840332
1465,2,9.758037567138672
1465,3,9.617478370666504
1465,4,11.753228187561035
1466,0,6.900848865509033
1466,1,6.766763687133789
1466,2,5.6288299560546875
1466,3,5.7900543212890625
1466,4,7.20065975189209
1467,0,9.600396156311035
1467,1,10.181800842285156
1467,2,9.756388664245605
1467,3,9.511913299560547
1467,4,9.462002754211426
1468,0,5.030096054077148
1468,1,3.4888601303100586
1468,2,1.16405189037323
1468,3,4.354625225067139
1468,4,3.7294328212738037
1469,0,8.18361759185791
1469,1,9.38156795501709
1469,2,10.270687103271484
1469,3,8.747390747070312
1469,4,8.215516090393066
1470,0,8.993196487426758
1470,1,11.525206565856934
1470,2,12.390271186828613
1470,3,8.091936111450195
1470,4,9.05500316619873
1471,0,12.146352767944336
1471,1,12.913620948791504
1471,2,13.369312286376953
1471,3,12.387688636779785
1471,4,10.992549896240234
1472,0,14.157817840576172
1472,1,13.449699401855469
1472,2,13.842365264892578
1472,3,13.093527793884277
1472,4,13.439453125
1473,0,12.960073471069336
1473,1,12.678078651428223
1473,2,12.48461627960205
1473,3,11.396768569946289
1473,4,12.73896312713623
1474,0,11.263124465942383
1474,1,10.469124794006348
1474,2,11.008163452148438
1474,3,10.063617706298828
1474,4,11.848588943481445
1475,0,11.454351425170898
1475,1,10.913679122924805
1475,2,11.996448516845703
1475,3,11.058741569519043
1475,4,11.267303466796875
1476,0,8.631479263305664
1476,1,10.980082511901855
1476,2,10.18946361541748
1476,3,9.023820877075195
1476,4,9.073774337768555
1477,0,10.313722610473633
1477,1,10.285552024841309
1477,2,9.644325256347656
1477,3,9.609436988830566
1477,4,10.260536193847656
1478,0,5.8300862312316895
1478,1,7.821812629699707
1478,2,7.6983466148376465
1478,3,5.843920707702637
1478,4,6.077086448669434
1479,0,12.543108940124512
1479,1,10.930603981018066
1479,2,11.636707305908203
1479,3,12.29232120513916
1479,4,12.480152130126953
1480,0,12.310026168823242
1480,1,13.02500057220459
1480,2,11.844780921936035
1480,3,12.212876319885254
1480,4,12.628218650817871
1481,0,13.388861656188965
1481,1,7.821794033050537
1481,2,9.422335624694824
1481,3,12.748507499694824
1481,4,12.996665954589844
1482,0,12.921587944030762
1482,1,13.991015434265137
1482,2,12.954864501953125
1482,3,11.672889709472656
1482,4,13.0095853805542
1483,0,11.04176139831543
1483,1,13.94736099243164
1483,2,13.581596374511719
1483,3,11.866087913513184
1483,4,11.309226036071777
1484,0,10.397188186645508
1484,1,11.175634384155273
1484,2,11.645293235778809
1484,3,11.042468070983887
1484,4,10.81658935546875
1485,0,7.464260101318359
1485,1,7.730863571166992
1485,2,8.827648162841797
1485,3,7.1207451820373535
1485,4,7.196920394897461
1486,0,14.221135139465332
1486,1,13.351491928100586
1486,2,13.527244567871094
1486,3,14.04412841796875
1486,4,13.984503746032715
1487,0,13.143245697021484
1487,1,13.447399139404297
1487,2,13.047221183776855
1487,3,13.165718078613281
1487,4,13.22701358795166
1488,0,13.167664527893066
1488,1,12.962438583374023
1488,2,14.616209030151367
1488,3,13.514841079711914
1488,4,13.467201232910156
1489,0,13.135960578918457
1489,1,13.525376319885254
1489,2,13.954317092895508
1489,3,12.385769844055176
1489,4,13.582428932189941
1490,0,10.834659576416016
1490,1,9.106173515319824
1490,2,9.072775840759277
1490,3,10.815668106079102
1490,4,10.628242492675781
1491,0,12.317111015319824
1491,1,12.148791313171387
1491,2,12.771574020385742
1491,3,12.631240844726562
1491,4,11.742719650268555
1492,0,10.072831153869629
1492,1,9.891409873962402
1492,2,9.474664688110352
1492,3,10.072789192199707
1492,4,9.638961791992188
1493,0,13.489354133605957
1493,1,13.694631576538086
1493,2,13.745903968811035
1493,3,13.994346618652344
1493,4,13.906966209411621
1494,0,10.148757934570312
1494,1,11.68079948425293
1494,2,11.976593971252441
1494,3,9.8143310546875
1494,4,10.700393676757812
1495,0,10.036624908447266
1495,1,11.294307708740234
1495,2,11.600408554077148
1495,3,8.927902221679688
1495,4,10.025174140930176
1496,0,13.420926094055176
1496,1,13.463208198547363
1496,2,12.470206260681152
1496,3,12.791411399841309
1496,4,13.450556755065918
1497,0,11.734580993652344
1497,1,11.766371726989746
1497,2,11.409380912780762
1497,3,11.637433052062988
1497,4,11.223936080932617
1498,0,9.831686019897461
1498,1,12.59160327911377
1498,2,11.965487480163574
1498,3,10.497265815734863
1498,4,9.61508846282959
1499,0,10.49156379699707
1499,1,10.063980102539062
1499,2,10.585944175720215
1499,3,10.552538871765137
1499,4,11.653242111206055
1500,0,10.279753684997559
1500,1,10.540827751159668
1500,2,10.03725814819336
1500,3,9.714590072631836
1500,4,10.416404724121094
1501,0,9.39927864074707
1501,1,9.951863288879395
1501,2,11.168292045593262
1501,3,8.174092292785645
1501,4,9.538544654846191
1502,0,11.644883155822754
1502,1,13.39326286315918
1502,2,13.72997760772705
1502,3,12.01576042175293
1502,4,11.185470581054688
1503,0,7.486253261566162
1503,1,8.043066024780273
1503,2,8.413921356201172
1503,3,7.305810451507568
1503,4,7.644697189331055
1504,0,10.173727989196777
1504,1,12.16041374206543
1504,2,12.032333374023438
1504,3,10.738576889038086
1504,4,10.567456245422363
1505,0,8.86007308959961
1505,1,7.906081199645996
1505,2,9.880548477172852
1505,3,7.726024627685547
1505,4,7.753533840179443
1506,0,8.500794410705566
1506,1,8.699609756469727
1506,2,8.840764999389648
1506,3,7.993697643280029
1506,4,8.701899528503418
1507,0,14.60580825805664
1507,1,14.799249649047852
1507,2,16.000736236572266
1507,3,14.295114517211914
1507,4,15.051094055175781
1508,0,10.736818313598633
1508,1,11.19255542755127
1508,2,11.12511920928955
1508,3,9.393604278564453
1508,4,10.271308898925781
1509,0,10.452591896057129
1509,1,11.339105606079102
1509,2,11.265593528747559
1509,3,7.748021125793457
1509,4,11.152791976928711
1510,0,14.08916187286377
1510,1,13.389908790588379
1510,2,14.036184310913086
1510,3,13.587259292602539
1510,4,14.21113109588623
1511,0,12.769989013671875
1511,1,13.078032493591309
1511,2,13.821429252624512
1511,3,11.495628356933594
1511,4,11.328845024108887
1512,0,9.97261905670166
1512,1,8.893378257751465
1512,2,8.351301193237305
1512,3,8.53297233581543
1512,4,9.235846519470215
1513,0,7.975951194763184
1513,1,6.911061763763428
1513,2,6.02956485748291
1513,3,7.845325469970703
1513,4,8.307559967041016
1514,0,12.377291679382324
1514,1,10.66554069519043
1514,2,13.09183120727539
1514,3,11.563240051269531
1514,4,11.753401756286621
1515,0,12.356790542602539
1515,1,10.4230318069458
1515,2,9.261218070983887
1515,3,11.513535499572754
1515,4,12.501839637756348
1516,0,15.297114372253418
1516,1,15.541097640991211
1516,2,15.27114200592041
1516,3,15.6542329788208
1516,4,15.001964569091797
1517,0,2.354285478591919
1517,1,7.036092281341553
1517,2,8.162153244018555
1517,3,-0.5191561579704285
1517,4,2.8054258823394775
1518,0,9.278565406799316
1518,1,9.320831298828125
1518,2,10.120749473571777
1518,3,9.5641508102417
1518,4,9.452595710754395
1519,0,12.913661003112793
1519,1,12.460461616516113
1519,2,12.915926933288574
1519,3,12.753752708435059
1519,4,13.199869155883789
1520,0,7.843516826629639
1520,1,11.5671968460083
1520,2,13.541152000427246
1520,3,8.686363220214844
1520,4,8.573860168457031
1521,0,13.24453353881836
1521,1,14.235383987426758
1521,2,14.647066116333008
1521,3,13.807113647460938
1521,4,13.127041816711426
1522,0,0.7037853002548218
1522,1,4.258847713470459
1522,2,2.7909629344940186
1522,3,-1.293860673904419
1522,4,1.4239070415496826
1523,0,14.83670711517334
1523,1,13.959856033325195
1523,2,14.37864875793457
1523,3,14.906034469604492
1523,4,14.749388694763184
1524,0,9.95315170288086
1524,1,11.544839859008789
1524,2,13.693767547607422
1524,3,10.333089828491211
1524,4,9.887210845947266
1525,0,7.466611385345459
1525,1,8.346688270568848
1525,2,9.257864952087402
1525,3,7.657773971557617
1525,4,8.421192169189453
1526,0,13.842519760131836
1526,1,13.79534912109375
1526,2,12.465002059936523
1526,3,13.083053588867188
1526,4,12.172164916992188
1527,0,12.976160049438477
1527,1,12.326178550720215
1527,2,11.811891555786133
1527,3,12.639476776123047
1527,4,12.846689224243164
1528,0,12.822776794433594
1528,1,11.310408592224121
1528,2,11.391778945922852
1528,3,10.744951248168945
1528,4,12.011459350585938
1529,0,10.57711124420166
1529,1,11.938552856445312
1529,2,10.836238861083984
1529,3,11.314739227294922
1529,4,11.51268482208252
1530,0,12.871790885925293
1530,1,12.784424781799316
1530,2,13.908949851989746
1530,3,9.748191833496094
1530,4,12.895564079284668
1531,0,4.8393096923828125
1531,1,6.795158386230469
1531,2,8.11145305633545
1531,3,5.8685407638549805
1531,4,5.152137756347656
1532,0,6.949301719665527
1532,1,5.048562526702881
1532,2,5.9243879318237305
1532,3,6.5983171463012695
1532,4,6.448179244995117
1533,0,10.377727508544922
1533,1,9.983590126037598
1533,2,9.602617263793945
1533,3,9.513688087463379
1533,4,8.659524917602539
1534,0,11.951996803283691
1534,1,11.368169784545898
1534,2,11.676715850830078
1534,3,10.907329559326172
1534,4,12.276341438293457
1535,0,11.100007057189941
1535,1,12.250992774963379
1535,2,11.824959754943848
1535,3,11.216651916503906
1535,4,11.025857925415039
1536,0,9.701226234436035
1536,1,12.810942649841309
1536,2,12.887557029724121
1536,3,9.230931282043457
1536,4,10.052566528320312
1537,0,10.59764289855957
1537,1,12.223811149597168
1537,2,13.152079582214355
1537,3,10.016154289245605
1537,4,10.08566665649414
1538,0,15.56367015838623
1538,1,15.223448753356934
1538,2,15.629755973815918
1538,3,15.312811851501465
1538,4,15.153372764587402
1539,0,13.211682319641113
1539,1,14.318482398986816
1539,2,15.97079849243164
1539,3,11.591733932495117
1539,4,12.677878379821777
1540,0,12.15105152130127
1540,1,11.068811416625977
1540,2,11.558196067810059
1540,3,11.241904258728027
1540,4,10.356730461120605
1541,0,9.799574851989746
1541,1,9.195623397827148
1541,2,10.29564094543457
1541,3,9.41662883758545
1541,4,10.348628044128418
1542,0,6.229837894439697
1542,1,12.290353775024414
1542,2,12.5057954788208
1542,3,6.832897186279297
1542,4,5.6834306716918945
1543,0,13.753640174865723
1543,1,12.538874626159668
1543,2,15.514256477355957
1543,3,13.25407886505127
1543,4,13.635329246520996
1544,0,11.302899360656738
1544,1,11.13014030456543
1544,2,11.775459289550781
1544,3,10.614411354064941
1544,4,11.313712120056152
1545,0,12.791596412658691
1545,1,13.916152000427246
1545,2,13.961370468139648
1545,3,11.526294708251953
1545,4,12.56935977935791
1546,0,14.477931022644043
1546,1,15.066238403320312
1546,2,14.559144973754883
1546,3,13.838151931762695
1546,4,14.594611167907715
1547,0,12.626081466674805
1547,1,13.519197463989258
1547,2,13.73421859741211
1547,3,12.722582817077637
1547,4,13.731658935546875
1548,0,8.169839859008789
1548,1,8.955334663391113
1548,2,9.151662826538086
1548,3,6.807312488555908
1548,4,8.13921070098877
1549,0,15.135507583618164
1549,1,13.727823257446289
1549,2,15.2774658203125
1549,3,15.358621597290039
1549,4,15.509361267089844
1550,0,6.131081581115723
1550,1,7.974316120147705
1550,2,8.748696327209473
1550,3,2.9661800861358643
1550,4,5.870369911193848
1551,0,9.87525463104248
1551,1,12.160861015319824
1551,2,12.289496421813965
1551,3,7.3926215171813965
1551,4,9.872730255126953
1552,0,9.769529342651367
1552,1,8.846073150634766
1552,2,8.820930480957031
1552,3,10.7543306350708
1552,4,10.235880851745605
1553,0,14.531370162963867
1553,1,14.734275817871094
1553,2,14.541945457458496
1553,3,13.501385688781738
1553,4,14.102643966674805
1554,0,11.46583080291748
1554,1,11.465760231018066
1554,2,11.345425605773926
1554,3,11.184871673583984
1554,4,11.508042335510254
1555,0,11.3125
1555,1,12.10610580444336
1555,2,12.471589088439941
1555,3,11.016827583312988
1555,4,11.224919319152832
1556,0,11.634474754333496
1556,1,14.589982986450195
1556,2,14.609329223632812
1556,3,11.657257080078125
1556,4,10.911974906921387
1557,0,11.600628852844238
1557,1,12.859665870666504
1557,2,13.244215965270996
1557,3,11.321964263916016
1557,4,10.697342872619629
1558,0,13.981695175170898
1558,1,14.721089363098145
1558,2,14.855452537536621
1558,3,13.866631507873535
1558,4,13.928520202636719
1559,0,8.372734069824219
1559,1,9.169695854187012
1559,2,9.632440567016602
1559,3,8.487445831298828
1559,4,7.828754425048828
1560,0,11.777022361755371
1560,1,12.698575973510742
1560,2,12.414982795715332
1560,3,13.265039443969727
1560,4,11.855030059814453
1561,0,10.443533897399902
1561,1,8.837339401245117
1561,2,8.094304084777832
1561,3,10.381828308105469
1561,4,10.02098560333252
1562,0,14.386857986450195
1562,1,12.782308578491211
1562,2,14.059711456298828
1562,3,12.767037391662598
1562,4,14.036834716796875
1563,0,10.49118423461914
1563,1,9.914019584655762
1563,2,9.680285453796387
1563,3,10.00247573852539
1563,4,9.784002304077148
1564,0,11.648258209228516
1564,1,12.133594512939453
1564,2,11.316049575805664
1564,3,11.461173057556152
1564,4,11.24811840057373
1565,0,12.050226211547852
1565,1,13.54893684387207
1565,2,11.64730453491211
1565,3,11.381631851196289
1565,4,12.734384536743164
1566,0,12.406455039978027
1566,1,12.715780258178711
1566,2,13.135820388793945
1566,3,12.218674659729004
1566,4,12.043501853942871
1567,0,12.095622062683105
1567,1,12.443727493286133
1567,2,13.491095542907715
1567,3,11.46812915802002
1567,4,12.472289085388184
1568,0,9.121199607849121
1568,1,10.763845443725586
1568,2,12.306090354919434
1568,3,9.871963500976562
1568,4,9.511100769042969
1569,0,11.403190612792969
1569,1,11.770861625671387
1569,2,13.10783576965332
1569,3,11.161669731140137
1569,4,10.948929786682129
1570,0,12.398000717163086
1570,1,10.710494995117188
1570,2,11.622568130493164
1570,3,12.33976936340332
1570,4,12.248236656188965
1571,0,9.878920555114746
1571,1,9.85948657989502
1571,2,10.581215858459473
1571,3,9.329643249511719
1571,4,10.163557052612305
1572,0,7.093023777008057
1572,1,8.033042907714844
1572,2,8.259039878845215
1572,3,7.025811195373535
1572,4,6.772429943084717
1573,0,8.484833717346191
1573,1,9.263993263244629
1573,2,9.205705642700195
1573,3,8.902284622192383
1573,4,8.640892028808594
1574,0,11.277059555053711
1574,1,12.503137588500977
1574,2,13.312234878540039
1574,3,11.188258171081543
1574,4,11.534524917602539
1575,0,3.8478543758392334
1575,1,6.482295036315918
1575,2,6.081155300140381
1575,3,5.048915863037109
1575,4,5.9849772453308105
1576,0,10.225961685180664
1576,1,11.50735855102539
1576,2,10.671269416809082
1576,3,9.538321495056152
1576,4,9.688085556030273
1577,0,9.62193489074707
1577,1,10.712249755859375
1577,2,11.688847541809082
1577,3,10.347439765930176
1577,4,8.98333740234375
1578,0,12.240321159362793
1578,1,11.410784721374512
1578,2,11.621265411376953
1578,3,12.099039077758789
1578,4,12.15609359741211
1579,0,13.402617454528809
1579,1,12.933084487915039
1579,2,13.371865272521973
1579,3,12.730326652526855
1579,4,13.638885498046875
1580,0,8.492937088012695
1580,1,9.246496200561523
1580,2,9.971902847290039
1580,3,8.316690444946289
1580,4,8.716712951660156
1581,0,10.91595458984375
1581,1,10.603302001953125
1581,2,11.072484016418457
1581,3,10.302940368652344
1581,4,10.24094295501709
1582,0,10.982935905456543
1582,1,11.651178359985352
1582,2,13.100765228271484
1582,3,10.086519241333008
1582,4,10.602194786071777
1583,0,10.606344223022461
1583,1,13.645007133483887
1583,2,12.57062816619873
1583,3,10.515607833862305
1583,4,10.8462495803833
1584,0,11.275123596191406
1584,1,11.891633987426758
1584,2,12.058752059936523
1584,3,10.943618774414062
1584,4,12.449612617492676
1585,0,9.870841979980469
1585,1,12.166950225830078
1585,2,14.013452529907227
1585,3,7.446892738342285
1585,4,10.568631172180176
1586,0,9.259461402893066
1586,1,10.445535659790039
1586,2,9.020285606384277
1586,3,9.224872589111328
1586,4,9.03785228729248
1587,0,11.430606842041016
1587,1,13.143402099609375
1587,2,13.60715103149414
1587,3,10.211756706237793
1587,4,11.826607704162598
1588,0,14.163161277770996
1588,1,13.847671508789062
1588,2,14.036186218261719
1588,3,14.739594459533691
1588,4,14.528568267822266
1589,0,12.313565254211426
1589,1,11.396536827087402
1589,2,12.403484344482422
1589,3,12.314923286437988
1589,4,11.61800765991211
1590,0,6.664918899536133
1590,1,8.530506134033203
1590,2,9.632594108581543
1590,3,7.416121006011963
1590,4,7.4886155128479
1591,0,12.31816291809082
1591,1,10.5200777053833
1591,2,9.59416389465332
1591,3,11.04677963256836
1591,4,11.234280586242676
1592,0,15.456342697143555
1592,1,14.961960792541504
1592,2,15.956191062927246
1592,3,13.883637428283691
1592,4,15.552287101745605
1593,0,13.089315414428711
1593,1,13.220651626586914
1593,2,13.281744956970215
1593,3,12.445963859558105
1593,4,13.104680061340332
1594,0,9.996941566467285
1594,1,9.489755630493164
1594,2,11.211456298828125
1594,3,8.928925514221191
1594,4,10.184386253356934
1595,0,8.314106941223145
1595,1,10.413875579833984
1595,2,10.782367706298828
1595,3,9.29996395111084
1595,4,8.76511287689209
1596,0,14.489744186401367
1596,1,14.768783569335938
1596,2,14.96031665802002
1596,3,13.658272743225098
1596,4,14.628376960754395
1597,0,13.45555305480957
1597,1,12.367393493652344
1597,2,12.781722068786621
1597,3,12.98199462890625
1597,4,13.750450134277344
1598,0,10.997623443603516
1598,1,10.84879207611084
1598,2,11.356224060058594
1598,3,10.95589542388916
1598,4,10.891575813293457
1599,0,11.132757186889648
1599,1,7.578020095825195
1599,2,11.147355079650879
1599,3,11.335882186889648
1599,4,11.921029090881348
1600,0,8.584577560424805
1600,1,10.896024703979492
1600,2,9.712519645690918
1600,3,8.858226776123047
1600,4,7.9927077293396
1601,0,10.691359519958496
1601,1,11.130615234375
1601,2,10.897385597229004
1601,3,8.821105003356934
1601,4,9.467528343200684
1602,0,13.657113075256348
1602,1,13.387177467346191
1602,2,14.35358715057373
1602,3,13.525062561035156
1602,4,13.795501708984375
1603,0,11.718700408935547
1603,1,13.039286613464355
1603,2,12.939166069030762
1603,3,11.42807388305664
1603,4,12.79112434387207
1604,0,11.58966064453125
1604,1,12.276484489440918
1604,2,12.646676063537598
1604,3,10.341340065002441
1604,4,11.484856605529785
1605,0,12.163310050964355
1605,1,13.830856323242188
1605,2,13.870232582092285
1605,3,11.677882194519043
1605,4,12.479292869567871
1606,0,9.94536304473877
1606,1,8.742692947387695
1606,2,9.446279525756836
1606,3,8.724112510681152
1606,4,8.3777437210083
1607,0,9.201286315917969
1607,1,9.230324745178223
1607,2,4.663450241088867
1607,3,10.143898010253906
1607,4,9.3954496383667
1608,0,9.22315502166748
1608,1,11.186948776245117
1608,2,11.225503921508789
1608,3,9.245382308959961
1608,4,9.034284591674805
1609,0,9.280163764953613
1609,1,9.017176628112793
1609,2,8.953302383422852
1609,3,11.446593284606934
1609,4,9.75474739074707
1610,0,9.63521957397461
1610,1,11.982284545898438
1610,2,11.505748748779297
1610,3,9.948472023010254
1610,4,9.666869163513184
1611,0,8.637639999389648
1611,1,9.540894508361816
1611,2,10.06470775604248
1611,3,6.795050144195557
1611,4,8.854133605957031
1612,0,11.889434814453125
1612,1,11.139652252197266
1612,2,12.475781440734863
1612,3,11.911535263061523
1612,4,11.564863204956055
1613,0,7.720276832580566
1613,1,9.492344856262207
1613,2,8.26740837097168
1613,3,7.457865238189697
1613,4,6.194389343261719
1614,0,12.280733108520508
1614,1,13.554633140563965
1614,2,13.103045463562012
1614,3,12.499383926391602
1614,4,12.622124671936035
1615,0,15.746249198913574
1615,1,15.881109237670898
1615,2,16.019548416137695
1615,3,15.961760520935059
1615,4,15.87887954711914
1616,0,8.234024047851562
1616,1,10.98480224609375
1616,2,11.290043830871582
1616,3,8.948686599731445
1616,4,7.756748199462891
1617,0,11.840749740600586
1617,1,7.163114070892334
1617,2,7.491350173950195
1617,3,12.805598258972168
1617,4,11.870473861694336
1618,0,10.611082077026367
1618,1,11.195090293884277
1618,2,9.748476028442383
1618,3,9.6622896194458
1618,4,10.52256965637207
1619,0,9.577120780944824
1619,1,13.019652366638184
1619,2,11.625658988952637
1619,3,10.76504135131836
1619,4,10.733277320861816
1620,0,10.892918586730957
1620,1,9.16396427154541
1620,2,7.31233549118042
1620,3,10.784510612487793
1620,4,10.946860313415527
1621,0,9.880321502685547
1621,1,11.37197208404541
1621,2,10.666742324829102
1621,3,10.14807415008545
1621,4,9.969672203063965
1622,0,8.106154441833496
1622,1,8.63418197631836
1622,2,8.989707946777344
1622,3,7.561714172363281
1622,4,7.787611484527588
1623,0,12.50595474243164
1623,1,12.17238998413086
1623,2,14.265654563903809
1623,3,11.95353889465332
1623,4,12.127917289733887
1624,0,10.579267501831055
1624,1,10.054115295410156
1624,2,10.22616958618164
1624,3,9.996439933776855
1624,4,10.981122970581055
1625,0,14.271074295043945
1625,1,13.839387893676758
1625,2,14.63317584991455
1625,3,13.002795219421387
1625,4,14.361405372619629
1626,0,9.848160743713379
1626,1,13.167158126831055
1626,2,10.262940406799316
1626,3,8.599451065063477
1626,4,10.130358695983887
1627,0,9.177289962768555
1627,1,8.424850463867188
1627,2,9.845610618591309
1627,3,8.903023719787598
1627,4,8.968169212341309
1628,0,10.203451156616211
1628,1,12.486398696899414
1628,2,11.837172508239746
1628,3,8.688213348388672
1628,4,10.028986930847168
1629,0,10.305106163024902
1629,1,12.120016098022461
1629,2,11.733210563659668
1629,3,10.269563674926758
1629,4,11.159842491149902
1630,0,14.457319259643555
1630,1,14.40339469909668
1630,2,14.73567008972168
1630,3,14.477458953857422
1630,4,14.727165222167969
1631,0,13.168293952941895
1631,1,13.91545581817627
1631,2,14.248193740844727
1631,3,13.0111083984375
1631,4,12.84292221069336
1632,0,13.712790489196777
1632,1,11.790512084960938
1632,2,11.21651554107666
1632,3,11.998071670532227
1632,4,14.154562950134277
1633,0,11.374712944030762
1633,1,10.888830184936523
1633,2,11.856066703796387
1633,3,9.68728256225586
1633,4,11.142779350280762
1634,0,15.013582229614258
1634,1,15.514155387878418
1634,2,15.645390510559082
1634,3,15.112225532531738
1634,4,15.11711311340332
1635,0,12.8761568069458
1635,1,12.950431823730469
1635,2,15.215752601623535
1635,3,11.801862716674805
1635,4,13.06397819519043
1636,0,8.087368965148926
1636,1,10.155414581298828
1636,2,11.073524475097656
1636,3,6.471185684204102
1636,4,8.24600887298584
1637,0,11.40534496307373
1637,1,11.775599479675293
1637,2,12.387798309326172
1637,3,11.041952133178711
1637,4,12.346901893615723
1638,0,12.403404235839844
1638,1,11.38951587677002
1638,2,9.45688247680664
1638,3,12.657989501953125
1638,4,12.543295860290527
1639,0,10.21920108795166
1639,1,11.775335311889648
1639,2,12.578325271606445
1639,3,10.543261528015137
1639,4,10.580923080444336
1640,0,8.298492431640625
1640,1,11.377213478088379
1640,2,13.334062576293945
1640,3,10.498697280883789
1640,4,9.903340339660645
1641,0,10.816553115844727
1641,1,10.161288261413574
1641,2,9.503473281860352
1641,3,10.306550025939941
1641,4,10.952516555786133
1642,0,12.622088432312012
1642,1,12.379181861877441
1642,2,12.09486198425293
1642,3,12.471502304077148
1642,4,13.458603858947754
1643,0,13.398021697998047
1643,1,13.039630889892578
1643,2,13.897378921508789
1643,3,12.975288391113281
1643,4,13.342934608459473
1644,0,12.046634674072266
1644,1,10.825443267822266
1644,2,11.749783515930176
1644,3,11.160452842712402
1644,4,11.559253692626953
1645,0,9.85145092010498
1645,1,11.401227951049805
1645,2,10.829161643981934
1645,3,10.1915283203125
1645,4,10.345378875732422
1646,0,9.240978240966797
1646,1,9.70865249633789
1646,2,11.28625774383545
1646,3,8.609673500061035
1646,4,7.566629886627197
1647,0,8.93036937713623
1647,1,8.711651802062988
1647,2,7.8879313468933105
1647,3,7.717817306518555
1647,4,8.97999095916748
1648,0,8.697443962097168
1648,1,10.07341480255127
1648,2,9.513821601867676
1648,3,6.875390529632568
1648,4,8.163681030273438
1649,0,13.983301162719727
1649,1,15.099958419799805
1649,2,15.343228340148926
1649,3,13.7355375289917
1649,4,14.25029182434082
1650,0,13.625387191772461
1650,1,13.211343765258789
1650,2,14.947575569152832
1650,3,12.021234512329102
1650,4,14.176698684692383
1651,0,9.220009803771973
1651,1,10.272300720214844
1651,2,9.233424186706543
1651,3,8.290318489074707
1651,4,10.07557201385498
1652,0,14.800984382629395
1652,1,14.754585266113281
1652,2,14.894116401672363
1652,3,14.977776527404785
1652,4,14.581156730651855
1653,0,10.840867042541504
1653,1,10.76860237121582
1653,2,10.225566864013672
1653,3,10.194770812988281
1653,4,10.74212646484375
1654,0,12.02530574798584
1654,1,12.598214149475098
1654,2,12.177153587341309
1654,3,12.32960033416748
1654,4,11.95036506652832
1655,0,10.431525230407715
1655,1,10.084280967712402
1655,2,9.931055068969727
1655,3,9.107141494750977
1655,4,10.05285930633545
1656,0,7.141290664672852
1656,1,8.226936340332031
1656,2,9.903973579406738
1656,3,6.58396577835083
1656,4,7.50941276550293
1657,0,-0.09969910234212875
1657,1,-4.562061786651611
1657,2,-1.3135560750961304
1657,3,-0.13420411944389343
1657,4,0.16320788860321045
1658,0,12.113754272460938
1658,1,12.180763244628906
1658,2,13.03208065032959
1658,3,11.360836029052734
1658,4,12.632943153381348
1659,0,13.617762565612793
1659,1,14.685979843139648
1659,2,16.01449966430664
1659,3,15.77568531036377
1659,4,13.693793296813965
1660,0,10.543991088867188
1660,1,11.054275512695312
1660,2,11.371731758117676
1660,3,12.80451488494873
1660,4,11.153975486755371
1661,0,10.235252380371094
1661,1,8.113256454467773
1661,2,10.3399076461792
1661,3,9.511606216430664
1661,4,9.714078903198242
1662,0,10.324604034423828
1662,1,9.39281177520752
1662,2,10.815792083740234
1662,3,9.203502655029297
1662,4,10.888559341430664
1663,0,7.678216934204102
1663,1,8.205242156982422
1663,2,9.972402572631836
1663,3,7.240843772888184
1663,4,7.555168628692627
1664,0,10.252861022949219
1664,1,8.186664581298828
1664,2,7.337637424468994
1664,3,9.80746841430664
1664,4,13.384706497192383
1665,0,11.678446769714355
1665,1,12.115495681762695
1665,2,11.807775497436523
1665,3,11.39812183380127
1665,4,11.357781410217285
1666,0,11.16671085357666
1666,1,13.590737342834473
1666,2,14.13080883026123
1666,3,13.542824745178223
1666,4,9.615633010864258
1667,0,10.555025100708008
1667,1,10.727313995361328
1667,2,11.202281951904297
1667,3,10.561625480651855
1667,4,10.683753967285156
1668,0,12.237768173217773
1668,1,12.666733741760254
1668,2,12.897457122802734
1668,3,12.569799423217773
1668,4,12.678680419921875
1669,0,9.46192741394043
1669,1,11.240288734436035
1669,2,11.440887451171875
1669,3,8.897649765014648
1669,4,9.684478759765625
1670,0,9.423284530639648
1670,1,12.300594329833984
1670,2,12.152848243713379
1670,3,5.866695880889893
1670,4,10.483044624328613
1671,0,9.636054039001465
1671,1,11.766736030578613
1671,2,12.197442054748535
1671,3,9.739984512329102
1671,4,9.968104362487793
1672,0,9.673539161682129
1672,1,7.755030155181885
1672,2,6.549219131469727
1672,3,8.832815170288086
1672,4,9.189786911010742
1673,0,9.416692733764648
1673,1,10.72481632232666
1673,2,11.212542533874512
1673,3,8.540675163269043
1673,4,9.801563262939453
1674,0,9.506918907165527
1674,1,11.26563549041748
1674,2,13.29887866973877
1674,3,9.484875679016113
1674,4,8.624407768249512
1675,0,12.838014602661133
1675,1,13.744487762451172
1675,2,13.296282768249512
1675,3,12.042511940002441
1675,4,13.198702812194824
1676,0,3.4955782890319824
1676,1,4.040103435516357
1676,2,4.400085926055908
1676,3,4.9824323654174805
1676,4,3.461042642593384
1677,0,15.786796569824219
1677,1,15.254746437072754
1677,2,16.011966705322266
1677,3,15.2763090133667
1677,4,15.730149269104004
1678,0,10.978150367736816
1678,1,11.886818885803223
1678,2,11.507341384887695
1678,3,10.596273422241211
1678,4,10.62039852142334
1679,0,12.351104736328125
1679,1,11.036303520202637
1679,2,10.18127155303955
1679,3,11.492362022399902
1679,4,12.611908912658691
1680,0,12.925429344177246
1680,1,11.699886322021484
1680,2,12.429215431213379
1680,3,11.086112022399902
1680,4,13.628175735473633
1681,0,7.575410842895508
1681,1,7.711975574493408
1681,2,10.163293838500977
1681,3,6.67578125
1681,4,7.550553798675537
1682,0,7.9859466552734375
1682,1,7.39448356628418
1682,2,7.891440391540527
1682,3,6.907756328582764
1682,4,6.784594535827637
1683,0,13.6005277633667
1683,1,14.393667221069336
1683,2,11.508803367614746
1683,3,13.038521766662598
1683,4,13.640097618103027
1684,0,13.551431655883789
1684,1,12.536764144897461
1684,2,13.056440353393555
1684,3,12.529555320739746
1684,4,13.294937133789062
1685,0,10.695182800292969
1685,1,11.376601219177246
1685,2,11.417580604553223
1685,3,10.284720420837402
1685,4,11.273909568786621
1686,0,15.142403602600098
1686,1,14.382875442504883
1686,2,15.415387153625488
1686,3,15.313663482666016
1686,4,15.02256965637207
1687,0,8.684771537780762
1687,1,10.808356285095215
1687,2,11.502305030822754
1687,3,8.081356048583984
1687,4,9.622122764587402
1688,0,6.268209934234619
1688,1,6.612778663635254
1688,2,6.501577377319336
1688,3,5.965854644775391
1688,4,6.633364677429199
1689,0,14.774948120117188
1689,1,15.001953125
1689,2,14.955974578857422
1689,3,14.473929405212402
1689,4,14.630155563354492
1690,0,11.092294692993164
1690,1,10.240687370300293
1690,2,9.202454566955566
1690,3,8.582610130310059
1690,4,10.007518768310547
1691,0,13.209039688110352
1691,1,13.84121322631836
1691,2,14.001976013183594
1691,3,13.286584854125977
1691,4,14.613700866699219
1692,0,10.043773651123047
1692,1,10.717824935913086
1692,2,12.09106731414795
1692,3,9.610179901123047
1692,4,10.165874481201172
1693,0,11.30447769165039
1693,1,10.716331481933594
1693,2,12.580098152160645
1693,3,12.776912689208984
1693,4,12.840042114257812
1694,0,11.701282501220703
1694,1,10.687324523925781
1694,2,9.079160690307617
1694,3,11.809380531311035
1694,4,12.078914642333984
1695,0,9.256300926208496
1695,1,7.579708576202393
1695,2,8.50134563446045
1695,3,8.792372703552246
1695,4,9.081761360168457
1696,0,13.021384239196777
1696,1,12.779214859008789
1696,2,13.939254760742188
1696,3,12.805218696594238
1696,4,13.150551795959473
1697,0,8.040072441101074
1697,1,9.7813720703125
1697,2,10.754064559936523
1697,3,5.81836462020874
1697,4,6.877732276916504
1698,0,12.157634735107422
1698,1,11.445158958435059
1698,2,12.271561622619629
1698,3,11.412076950073242
1698,4,11.579324722290039
1699,0,12.778993606567383
1699,1,15.022880554199219
1699,2,15.506136894226074
1699,3,11.636701583862305
1699,4,13.434621810913086
1700,0,8.551385879516602
1700,1,10.498481750488281
1700,2,10.676060676574707
1700,3,9.354450225830078
1700,4,7.758584499359131
1701,0,9.07127857208252
1701,1,9.9838228225708
1701,2,6.54304313659668
1701,3,8.346927642822266
1701,4,7.075081825256348
1702,0,3.8935635089874268
1702,1,6.832572937011719
1702,2,8.039897918701172
1702,3,4.674773216247559
1702,4,5.471963405609131
1703,0,6.016545295715332
1703,1,9.438154220581055
1703,2,8.813226699829102
1703,3,7.033616542816162
1703,4,9.624162673950195
1704,0,5.732622146606445
1704,1,4.243464469909668
1704,2,3.9540841579437256
1704,3,6.062101364135742
1704,4,3.938180685043335
1705,0,7.271819591522217
1705,1,9.546603202819824
1705,2,7.782111644744873
1705,3,6.606109142303467
1705,4,6.073922634124756
1706,0,7.2083420753479
1706,1,8.28599739074707
1706,2,7.766401767730713
1706,3,5.912961006164551
1706,4,7.166243076324463
1707,0,8.960079193115234
1707,1,11.07716178894043
1707,2,10.590556144714355
1707,3,8.41631031036377
1707,4,9.39303970336914
1708,0,5.534064769744873
1708,1,9.268985748291016
1708,2,7.754122257232666
1708,3,5.61014986038208
1708,4,6.188013553619385
1709,0,11.246686935424805
1709,1,13.523924827575684
1709,2,14.243619918823242
1709,3,10.38586711883545
1709,4,11.680431365966797
1710,0,11.779654502868652
1710,1,12.864981651306152
1710,2,12.001246452331543
1710,3,11.068239212036133
1710,4,12.80989933013916
1711,0,5.180014133453369
1711,1,8.99137020111084
1711,2,5.966058254241943
1711,3,-0.027636270970106125
1711,4,5.717505931854248
1712,0,12.043575286865234
1712,1,11.599583625793457
1712,2,11.183259010314941
1712,3,11.974661827087402
1712,4,11.333940505981445
1713,0,10.361680030822754
1713,1,10.922154426574707
1713,2,11.001436233520508
1713,3,10.383681297302246
1713,4,10.480501174926758
1714,0,8.179391860961914
1714,1,10.472017288208008
1714,2,9.788297653198242
1714,3,7.093456745147705
1714,4,8.597368240356445
1715,0,13.480138778686523
1715,1,13.9313325881958
1715,2,14.139908790588379
1715,3,12.109952926635742
1715,4,13.38618278503418
1716,0,12.31860065460205
1716,1,12.290582656860352
1716,2,12.596665382385254
1716,3,11.773591995239258
1716,4,11.834207534790039
1717,0,13.921758651733398
1717,1,12.471763610839844
1717,2,12.47127628326416
1717,3,12.728391647338867
1717,4,11.254020690917969
1718,0,10.674211502075195
1718,1,10.408379554748535
1718,2,10.739423751831055
1718,3,11.388236999511719
1718,4,11.656122207641602
1719,0,8.997737884521484
1719,1,11.712903022766113
1719,2,11.939248085021973
1719,3,9.096612930297852
1719,4,9.344138145446777
1720,0,12.182676315307617
1720,1,12.269152641296387
1720,2,11.967096328735352
1720,3,12.306595802307129
1720,4,12.009876251220703
1721,0,9.450765609741211
1721,1,12.321696281433105
1721,2,12.261299133300781
1721,3,7.349460601806641
1721,4,11.016613960266113
1722,0,9.783438682556152
1722,1,10.094094276428223
1722,2,10.36365032196045
1722,3,10.052145004272461
1722,4,10.069164276123047
1723,0,6.563271999359131
1723,1,8.723450660705566
1723,2,9.035879135131836
1723,3,7.9664835929870605
1723,4,8.709393501281738
1724,0,8.390125274658203
1724,1,9.411710739135742
1724,2,10.779655456542969
1724,3,9.586520195007324
1724,4,9.617525100708008
1725,0,13.390349388122559
1725,1,12.259222984313965
1725,2,11.188455581665039
1725,3,11.298505783081055
1725,4,12.57831859588623
1726,0,12.689863204956055
1726,1,11.714194297790527
1726,2,10.838789939880371
1726,3,11.51223373413086
1726,4,12.137338638305664
1727,0,12.615279197692871
1727,1,13.724309921264648
1727,2,14.206366539001465
1727,3,12.063741683959961
1727,4,13.301589965820312
1728,0,11.026094436645508
1728,1,12.018915176391602
1728,2,11.23244857788086
1728,3,10.509622573852539
1728,4,11.308908462524414
1729,0,9.419514656066895
1729,1,7.820124626159668
1729,2,10.484728813171387
1729,3,7.569575786590576
1729,4,8.551015853881836
1730,0,6.788773536682129
1730,1,8.132609367370605
1730,2,8.12375259399414
1730,3,6.384706974029541
1730,4,7.700921535491943
1731,0,11.186980247497559
1731,1,13.59243392944336
1731,2,13.46521282196045
1731,3,11.440773010253906
1731,4,11.46609878540039
1732,0,10.792825698852539
1732,1,11.515689849853516
1732,2,13.321683883666992
1732,3,10.200071334838867
1732,4,10.735989570617676
1733,0,9.689773559570312
1733,1,10.213607788085938
1733,2,9.167529106140137
1733,3,9.654682159423828
1733,4,9.798186302185059
1734,0,15.036202430725098
1734,1,15.413269996643066
1734,2,15.531829833984375
1734,3,14.885522842407227
1734,4,14.826128005981445
1735,0,8.152444839477539
1735,1,5.922496318817139
1735,2,6.194334506988525
1735,3,5.773224830627441
1735,4,4.999404430389404
1736,0,9.718926429748535
1736,1,9.952371597290039
1736,2,9.617897987365723
1736,3,9.039807319641113
1736,4,9.970952033996582
1737,0,14.38703441619873
1737,1,12.719877243041992
1737,2,14.32011604309082
1737,3,13.521851539611816
1737,4,13.757140159606934
1738,0,9.350225448608398
1738,1,10.7345552444458
1738,2,11.149613380432129
1738,3,10.330731391906738
1738,4,9.806547164916992
1739,0,11.695326805114746
1739,1,12.268745422363281
1739,2,12.432686805725098
1739,3,12.395835876464844
1739,4,12.061895370483398
1740,0,9.221385955810547
1740,1,9.185976028442383
1740,2,9.112882614135742
1740,3,9.795414924621582
1740,4,9.059595108032227
1741,0,-3.2508325576782227
1741,1,9.49603271484375
1741,2,8.50424861907959
1741,3,-0.9652427434921265
1741,4,-4.31912899017334
1742,0,10.373067855834961
1742,1,10.94119930267334
1742,2,10.947349548339844
1742,3,11.161744117736816
1742,4,9.839468002319336
1743,0,8.789459228515625
1743,1,9.691696166992188
1743,2,10.202356338500977
1743,3,10.809860229492188
1743,4,9.660905838012695
1744,0,11.624475479125977
1744,1,10.007514953613281
1744,2,10.774971008300781
1744,3,9.78703498840332
1744,4,10.21924877166748
1745,0,7.072205066680908
1745,1,9.680753707885742
1745,2,8.81088924407959
1745,3,6.631622791290283
1745,4,7.464677333831787
1746,0,7.315556526184082
1746,1,6.31295108795166
1746,2,6.53535270690918
1746,3,7.093470096588135
1746,4,7.107469081878662
1747,0,12.043533325195312
1747,1,12.997302055358887
1747,2,12.62744140625
1747,3,10.384395599365234
1747,4,11.730364799499512
1748,0,9.286909103393555
1748,1,7.402960300445557
1748,2,8.06136417388916
1748,3,10.65998649597168
1748,4,9.695069313049316
1749,0,15.191475868225098
1749,1,15.553694725036621
1749,2,14.870919227600098
1749,3,13.832603454589844
1749,4,15.011237144470215
1750,0,-4.546920299530029
1750,1,8.115286827087402
1750,2,7.692790508270264
1750,3,-6.977875232696533
1750,4,-6.652342796325684
1751,0,14.438775062561035
1751,1,15.361621856689453
1751,2,15.52733039855957
1751,3,14.220521926879883
1751,4,14.082520484924316
1752,0,15.048813819885254
1752,1,15.087629318237305
1752,2,14.657660484313965
1752,3,14.14954948425293
1752,4,15.052873611450195
1753,0,5.854293346405029
1753,1,7.582548141479492
1753,2,8.002840995788574
1753,3,6.335775852203369
1753,4,5.8083577156066895
1754,0,10.426102638244629
1754,1,12.570235252380371
1754,2,11.805352210998535
1754,3,9.855594635009766
1754,4,11.204349517822266
1755,0,12.344467163085938
1755,1,13.588276863098145
1755,2,13.016202926635742
1755,3,11.896903991699219
1755,4,12.62076473236084
1756,0,13.954578399658203
1756,1,13.591486930847168
1756,2,13.40722942352295
1756,3,12.825133323669434
1756,4,14.065418243408203
1757,0,11.32624340057373
1757,1,10.23438549041748
1757,2,10.814827919006348
1757,3,10.933341026306152
1757,4,10.921782493591309
1758,0,9.861071586608887
1758,1,10.43764591217041
1758,2,8.626453399658203
1758,3,9.922450065612793
1758,4,9.649559020996094
1759,0,10.475447654724121
1759,1,11.350872993469238
1759,2,11.251997947692871
1759,3,10.059774398803711
1759,4,11.309664726257324
1760,0,14.75023365020752
1760,1,15.064255714416504
1760,2,15.095090866088867
1760,3,14.498942375183105
1760,4,14.750500679016113
1761,0,9.735123634338379
1761,1,9.369544982910156
1761,2,10.64892292022705
1761,3,9.287558555603027
1761,4,10.2039155960083
1762,0,8.046188354492188
1762,1,8.818307876586914
1762,2,6.624779224395752
1762,3,9.16344165802002
1762,4,8.070746421813965
1763,0,11.91117000579834
1763,1,11.318729400634766
1763,2,10.48333740234375
1763,3,9.054451942443848
1763,4,9.704094886779785
1764,0,13.082143783569336
1764,1,10.843657493591309
1764,2,6.184134006500244
1764,3,14.058664321899414
1764,4,12.55493450164795
1765,0,11.717679977416992
1765,1,13.219179153442383
1765,2,12.633371353149414
1765,3,11.413618087768555
1765,4,12.692673683166504
1766,0,8.999159812927246
1766,1,10.305032730102539
1766,2,10.621342658996582
1766,3,9.263029098510742
1766,4,9.076837539672852
1767,0,12.278647422790527
1767,1,12.676908493041992
1767,2,12.53209114074707
1767,3,11.759736061096191
1767,4,12.050232887268066
1768,0,13.819435119628906
1768,1,12.288722038269043
1768,2,12.372594833374023
1768,3,14.268819808959961
1768,4,13.487627029418945
1769,0,9.026960372924805
1769,1,10.251554489135742
1769,2,10.167924880981445
1769,3,8.951294898986816
1769,4,9.590831756591797
1770,0,7.575963020324707
1770,1,9.188456535339355
1770,2,7.657761573791504
1770,3,7.033094882965088
1770,4,8.598917007446289
1771,0,14.390508651733398
1771,1,14.056289672851562
1771,2,13.893655776977539
1771,3,14.182577133178711
1771,4,14.515043258666992
1772,0,5.079631328582764
1772,1,6.251181602478027
1772,2,5.8200812339782715
1772,3,5.103578090667725
1772,4,5.625040531158447
1773,0,14.988457679748535
1773,1,14.451828956604004
1773,2,14.82779312133789
1773,3,14.519155502319336
1773,4,15.082941055297852
1774,0,13.889324188232422
1774,1,14.29353141784668
1774,2,14.036983489990234
1774,3,13.957718849182129
1774,4,14.548104286193848
1775,0,10.292657852172852
1775,1,10.85174560546875
1775,2,13.355759620666504
1775,3,10.110681533813477
1775,4,10.063697814941406
1776,0,12.477407455444336
1776,1,10.700925827026367
1776,2,12.402170181274414
1776,3,11.051535606384277
1776,4,12.786270141601562
1777,0,8.412736892700195
1777,1,9.336791038513184
1777,2,9.927957534790039
1777,3,8.496675491333008
1777,4,8.255352973937988
1778,0,11.829839706420898
1778,1,12.916646957397461
1778,2,13.216007232666016
1778,3,11.773423194885254
1778,4,11.90716552734375
1779,0,9.067288398742676
1779,1,11.140508651733398
1779,2,11.996176719665527
1779,3,6.776376247406006
1779,4,8.46827220916748
1780,0,9.30434799194336
1780,1,11.307376861572266
1780,2,11.03512954711914
1780,3,9.10718059539795
1780,4,9.340109825134277
1781,0,11.568808555603027
1781,1,10.181251525878906
1781,2,12.465115547180176
1781,3,11.192971229553223
1781,4,11.49805736541748
1782,0,14.552657127380371
1782,1,15.079355239868164
1782,2,15.322678565979004
1782,3,13.873071670532227
1782,4,14.535604476928711
1783,0,10.950940132141113
1783,1,12.613960266113281
1783,2,11.85012149810791
1783,3,10.935328483581543
1783,4,10.440771102905273
1784,0,13.923046112060547
1784,1,12.37333869934082
1784,2,13.049848556518555
1784,3,13.320630073547363
1784,4,13.001678466796875
1785,0,10.261575698852539
1785,1,9.786845207214355
1785,2,10.574606895446777
1785,3,9.212677955627441
1785,4,9.87829875946045
1786,0,13.297147750854492
1786,1,14.385605812072754
1786,2,14.431941032409668
1786,3,13.082941055297852
1786,4,12.811907768249512
1787,0,10.517251968383789
1787,1,11.27432918548584
1787,2,10.224287033081055
1787,3,9.718403816223145
1787,4,10.193296432495117
1788,0,11.637572288513184
1788,1,11.602507591247559
1788,2,11.10205078125
1788,3,10.57656478881836
1788,4,10.593823432922363
1789,0,10.647177696228027
1789,1,12.514531135559082
1789,2,12.391831398010254
1789,3,10.565245628356934
1789,4,10.165945053100586
1790,0,6.556832790374756
1790,1,10.048030853271484
1790,2,9.709237098693848
1790,3,7.50712251663208
1790,4,4.181459903717041
1791,0,10.200576782226562
1791,1,10.192946434020996
1791,2,10.081947326660156
1791,3,9.714887619018555
1791,4,10.484984397888184
1792,0,8.582921981811523
1792,1,9.080333709716797
1792,2,8.567604064941406
1792,3,8.174245834350586
1792,4,9.330938339233398
1793,0,8.134112358093262
1793,1,11.670827865600586
1793,2,11.76854419708252
1793,3,8.5547456741333
1793,4,7.948397636413574
1794,0,13.652552604675293
1794,1,14.886590003967285
1794,2,15.250227928161621
1794,3,13.10090446472168
1794,4,14.07770824432373
1795,0,6.888596057891846
1795,1,8.798781394958496
1795,2,8.794203758239746
1795,3,6.323366641998291
1795,4,6.7693681716918945
1796,0,11.702445030212402
1796,1,12.410070419311523
1796,2,12.183372497558594
1796,3,11.679482460021973
1796,4,11.193973541259766
1797,0,10.762040138244629
1797,1,13.507416725158691
1797,2,14.019238471984863
1797,3,11.752143859863281
1797,4,12.38519287109375
1798,0,7.480853080749512
1798,1,10.093360900878906
1798,2,10.517269134521484
1798,3,7.836193561553955
1798,4,6.9853949546813965
1799,0,3.2730348110198975
1799,1,6.761132717132568
1799,2,6.362723350524902
1799,3,2.082595109939575
1799,4,3.818812608718872
1800,0,11.80600643157959
1800,1,11.103889465332031
1800,2,11.68053913116455
1800,3,10.963410377502441
1800,4,11.866888046264648
1801,0,15.968114852905273
1801,1,15.534863471984863
1801,2,15.694109916687012
1801,3,15.929170608520508
1801,4,15.810150146484375
1802,0,14.045315742492676
1802,1,15.653386116027832
1802,2,16.002643585205078
1802,3,14.648369789123535
1802,4,14.386316299438477
1803,0,11.99986457824707
1803,1,15.145631790161133
1803,2,15.131308555603027
1803,3,9.390680313110352
1803,4,10.89327621459961
1804,0,15.844385147094727
1804,1,15.586520195007324
1804,2,15.547715187072754
1804,3,15.77153491973877
1804,4,15.781041145324707
1805,0,9.099591255187988
1805,1,10.17073917388916
1805,2,11.638958930969238
1805,3,7.917496681213379
1805,4,9.455950736999512
1806,0,11.562020301818848
1806,1,12.258271217346191
1806,2,9.438929557800293
1806,3,11.390317916870117
1806,4,11.572025299072266
1807,0,10.156683921813965
1807,1,11.262429237365723
1807,2,12.204421997070312
1807,3,11.627530097961426
1807,4,10.633574485778809
1808,0,10.234130859375
1808,1,10.689552307128906
1808,2,10.212505340576172
1808,3,10.988229751586914
1808,4,10.8361177444458
1809,0,12.138296127319336
1809,1,13.624534606933594
1809,2,12.651676177978516
1809,3,13.028234481811523
1809,4,12.73218822479248
1810,0,13.4293212890625
1810,1,12.883546829223633
1810,2,12.966612815856934
1810,3,13.63774585723877
1810,4,13.578813552856445
1811,0,7.046970844268799
1811,1,10.104995727539062
1811,2,9.297405242919922
1811,3,7.837499618530273
1811,4,6.159363269805908
1812,0,10.914709091186523
1812,1,10.776583671569824
1812,2,11.169822692871094
1812,3,10.37596607208252
1812,4,10.961307525634766
1813,0,10.544039726257324
1813,1,11.543410301208496
1813,2,9.929367065429688
1813,3,10.800370216369629
1813,4,9.751029968261719
1814,0,7.647099494934082
1814,1,9.831459045410156
1814,2,8.106141090393066
1814,3,6.871109962463379
1814,4,7.497340679168701
1815,0,16.07392692565918
1815,1,15.339346885681152
1815,2,15.719331741333008
1815,3,15.752364158630371
1815,4,15.951622009277344
1816,0,8.325927734375
1816,1,10.03122329711914
1816,2,10.047718048095703
1816,3,8.85538387298584
1816,4,8.933624267578125
1817,0,12.073822975158691
1817,1,11.44016170501709
1817,2,11.288654327392578
1817,3,11.110917091369629
1817,4,11.525026321411133
1818,0,7.037200450897217
1818,1,7.864902019500732
1818,2,8.139154434204102
1818,3,6.876951694488525
1818,4,6.9001007080078125
1819,0,10.220754623413086
1819,1,11.65255355834961
1819,2,12.21570110321045
1819,3,10.240120887756348
1819,4,9.229498863220215
1820,0,11.519843101501465
1820,1,11.11811351776123
1820,2,10.271049499511719
1820,3,9.5752534866333
1820,4,11.5366849899292
1821,0,8.346556663513184
1821,1,9.807708740234375
1821,2,9.569549560546875
1821,3,7.9346113204956055
1821,4,8.651756286621094
1822,0,13.088173866271973
1822,1,11.746725082397461
1822,2,13.290093421936035
1822,3,12.892868041992188
1822,4,12.81224536895752
1823,0,11.419960021972656
1823,1,10.103459358215332
1823,2,10.879703521728516
1823,3,11.788808822631836
1823,4,11.255558013916016
1824,0,8.626473426818848
1824,1,8.755338668823242
1824,2,9.316866874694824
1824,3,8.448040962219238
1824,4,8.359211921691895
1825,0,9.644707679748535
1825,1,11.159587860107422
1825,2,11.365300178527832
1825,3,10.874276161193848
1825,4,9.747796058654785
1826,0,9.203234672546387
1826,1,8.917435646057129
1826,2,8.878071784973145
1826,3,8.04622745513916
1826,4,8.543257713317871
1827,0,9.193915367126465
1827,1,12.586150169372559
1827,2,11.756596565246582
1827,3,8.395401954650879
1827,4,9.107975006103516
1828,0,13.6379976272583
1828,1,15.146788597106934
1828,2,14.638103485107422
1828,3,13.243680000305176
1828,4,14.063211441040039
1829,0,9.509533882141113
1829,1,9.851411819458008
1829,2,10.720348358154297
1829,3,8.812111854553223
1829,4,10.369949340820312
1830,0,11.804611206054688
1830,1,13.807222366333008
1830,2,14.843016624450684
1830,3,13.255276679992676
1830,4,12.309549331665039
1831,0,8.947497367858887
1831,1,10.013082504272461
1831,2,10.398634910583496
1831,3,8.398500442504883
1831,4,9.874055862426758
1832,0,15.433086395263672
1832,1,14.106053352355957
1832,2,14.754793167114258
1832,3,15.724509239196777
1832,4,14.995452880859375
1833,0,14.181510925292969
1833,1,12.351958274841309
1833,2,14.36389446258545
1833,3,11.785504341125488
1833,4,15.374850273132324
1834,0,7.171295642852783
1834,1,7.8347487449646
1834,2,8.508005142211914
1834,3,7.220157146453857
1834,4,6.774051666259766
1835,0,9.9664306640625
1835,1,11.787848472595215
1835,2,10.724322319030762
1835,3,10.335315704345703
1835,4,9.827998161315918
1836,0,14.888644218444824
1836,1,14.76661491394043
1836,2,14.862298965454102
1836,3,14.946832656860352
1836,4,14.9342679977417
1837,0,12.40798568725586
1837,1,13.62716293334961
1837,2,13.38519287109375
1837,3,12.684965133666992
1837,4,12.303394317626953
1838,0,13.970678329467773
1838,1,14.830143928527832
1838,2,14.106392860412598
1838,3,13.798736572265625
1838,4,14.390828132629395
1839,0,8.513175964355469
1839,1,6.718703746795654
1839,2,5.749802589416504
1839,3,7.14310359954834
1839,4,7.906436443328857
1840,0,-3.2567598819732666
1840,1,12.54814624786377
1840,2,9.818215370178223
1840,3,4.412669658660889
1840,4,-3.251284599304199
1841,0,12.220611572265625
1841,1,12.132311820983887
1841,2,13.198629379272461
1841,3,12.50294017791748
1841,4,12.523787498474121
1842,0,12.13308048248291
1842,1,13.792531967163086
1842,2,14.62615966796875
1842,3,11.247032165527344
1842,4,11.508599281311035
1843,0,10.142049789428711
1843,1,12.338271141052246
1843,2,13.893270492553711
1843,3,9.884838104248047
1843,4,10.822604179382324
1844,0,8.07988166809082
1844,1,9.099936485290527
1844,2,10.248600006103516
1844,3,9.073050498962402
1844,4,10.017355918884277
1845,0,12.564140319824219
1845,1,13.07923412322998
1845,2,13.853150367736816
1845,3,15.804192543029785
1845,4,12.317423820495605
1846,0,11.30132007598877
1846,1,9.56574821472168
1846,2,11.498494148254395
1846,3,10.057827949523926
1846,4,11.419655799865723
1847,0,11.642586708068848
1847,1,12.458938598632812
1847,2,13.020642280578613
1847,3,13.284587860107422
1847,4,11.658170700073242
1848,0,14.363360404968262
1848,1,14.72311782836914
1848,2,14.144715309143066
1848,3,14.19881820678711
1848,4,14.557598114013672
1849,0,11.087430953979492
1849,1,10.516349792480469
1849,2,11.140965461730957
1849,3,10.049956321716309
1849,4,11.185141563415527
1850,0,13.139578819274902
1850,1,12.287115097045898
1850,2,12.799968719482422
1850,3,9.988672256469727
1850,4,12.3295259475708
1851,0,15.376907348632812
1851,1,14.56731128692627
1851,2,13.67331600189209
1851,3,15.161717414855957
1851,4,14.72705078125
1852,0,7.688473224639893
1852,1,7.408719062805176
1852,2,8.064300537109375
1852,3,7.182582378387451
1852,4,7.448365211486816
1853,0,8.80319595336914
1853,1,8.783647537231445
1853,2,8.103039741516113
1853,3,8.890666007995605
1853,4,8.908878326416016
1854,0,13.025918006896973
1854,1,13.069551467895508
1854,2,13.383805274963379
1854,3,13.399609565734863
1854,4,13.167240142822266
1855,0,12.08791732788086
1855,1,13.163554191589355
1855,2,12.58974552154541
1855,3,12.456877708435059
1855,4,12.893184661865234
1856,0,7.8078227043151855
1856,1,9.572300910949707
1856,2,7.891725540161133
1856,3,8.810589790344238
1856,4,7.665506839752197
1857,0,11.539060592651367
1857,1,9.780298233032227
1857,2,9.895113945007324
1857,3,9.907726287841797
1857,4,10.907110214233398
1858,0,9.153203964233398
1858,1,9.907866477966309
1858,2,9.130324363708496
1858,3,9.329462051391602
1858,4,9.331157684326172
1859,0,13.6185884475708
1859,1,14.328230857849121
1859,2,13.123920440673828
1859,3,13.282203674316406
1859,4,13.513518333435059
1860,0,12.915468215942383
1860,1,13.78452205657959
1860,2,14.640083312988281
1860,3,12.668620109558105
1860,4,13.459945678710938
1861,0,12.603421211242676
1861,1,13.759310722351074
1861,2,13.539222717285156
1861,3,12.85802173614502
1861,4,12.711265563964844
1862,0,9.513298034667969
1862,1,7.254870414733887
1862,2,7.705532550811768
1862,3,9.255559921264648
1862,4,9.716812133789062
1863,0,11.805023193359375
1863,1,11.048828125
1863,2,10.796380996704102
1863,3,11.00776195526123
1863,4,11.565468788146973
1864,0,13.724164009094238
1864,1,11.925379753112793
1864,2,11.230592727661133
1864,3,13.449410438537598
1864,4,13.428053855895996
1865,0,9.081310272216797
1865,1,10.068449974060059
1865,2,8.96851634979248
1865,3,9.12790584564209
1865,4,9.340551376342773
1866,0,6.893466949462891
1866,1,10.839004516601562
1866,2,10.456094741821289
1866,3,7.104428768157959
1866,4,7.3921027183532715
1867,0,12.295573234558105
1867,1,14.070570945739746
1867,2,13.533638000488281
1867,3,13.375999450683594
1867,4,12.493722915649414
1868,0,7.774148464202881
1868,1,9.46428394317627
1868,2,9.439406394958496
1868,3,8.649419784545898
1868,4,7.815601348876953
1869,0,11.312983512878418
1869,1,10.929944038391113
1869,2,11.598158836364746
1869,3,9.113801002502441
1869,4,11.836735725402832
1870,0,14.12114143371582
1870,1,14.145952224731445
1870,2,14.305980682373047
1870,3,14.285785675048828
1870,4,13.778791427612305
1871,0,12.872069358825684
1871,1,12.711581230163574
1871,2,8.855076789855957
1871,3,12.34147834777832
1871,4,12.304367065429688
1872,0,10.429296493530273
1872,1,11.738577842712402
1872,2,11.517523765563965
1872,3,8.963404655456543
1872,4,10.747967720031738
1873,0,11.553024291992188
1873,1,11.707379341125488
1873,2,11.496174812316895
1873,3,11.236955642700195
1873,4,12.077878952026367
1874,0,13.344541549682617
1874,1,12.016515731811523
1874,2,12.311714172363281
1874,3,11.700040817260742
1874,4,12.830665588378906
1875,0,9.823831558227539
1875,1,7.963708877563477
1875,2,8.53711986541748
1875,3,6.234084129333496
1875,4,8.867450714111328
1876,0,13.383831977844238
1876,1,14.064903259277344
1876,2,13.753033638000488
1876,3,15.215799331665039
1876,4,13.960448265075684
1877,0,9.01443099975586
1877,1,7.795913219451904
1877,2,6.395293235778809
1877,3,8.39161491394043
1877,4,9.224529266357422
1878,0,13.864181518554688
1878,1,14.558963775634766
1878,2,14.500720977783203
1878,3,14.249475479125977
1878,4,14.51622200012207
1879,0,8.329713821411133
1879,1,8.771825790405273
1879,2,9.045654296875
1879,3,8.430466651916504
1879,4,7.878445625305176
1880,0,12.105873107910156
1880,1,12.485750198364258
1880,2,11.567143440246582
1880,3,11.070279121398926
1880,4,12.42048168182373
1881,0,10.833070755004883
1881,1,10.074790000915527
1881,2,11.044413566589355
1881,3,11.319070816040039
1881,4,10.479305267333984
1882,0,11.584041595458984
1882,1,12.74437141418457
1882,2,13.205402374267578
1882,3,11.56245231628418
1882,4,11.60378646850586
1883,0,10.888588905334473
1883,1,10.52121639251709
1883,2,11.539571762084961
1883,3,10.449719429016113
1883,4,10.794575691223145
1884,0,14.100409507751465
1884,1,14.399799346923828
1884,2,14.30350112915039
1884,3,14.047707557678223
1884,4,14.107548713684082
1885,0,12.923567771911621
1885,1,12.70213508605957
1885,2,12.838149070739746
1885,3,13.070101737976074
1885,4,12.906639099121094
1886,0,6.867242336273193
1886,1,7.292807579040527
1886,2,8.520397186279297
1886,3,6.369762420654297
1886,4,5.820493221282959
1887,0,10.404058456420898
1887,1,12.080840110778809
1887,2,12.21468734741211
1887,3,10.914835929870605
1887,4,10.496485710144043
1888,0,11.663472175598145
1888,1,11.781607627868652
1888,2,8.437424659729004
1888,3,10.065167427062988
1888,4,11.784490585327148
1889,0,7.4551682472229
1889,1,8.93724536895752
1889,2,8.236494064331055
1889,3,7.627449989318848
1889,4,8.076025009155273
1890,0,11.637931823730469
1890,1,11.586771965026855
1890,2,11.758648872375488
1890,3,10.906647682189941
1890,4,12.048186302185059
1891,0,11.311928749084473
1891,1,11.395505905151367
1891,2,11.299446105957031
1891,3,10.941463470458984
1891,4,11.336519241333008
1892,0,9.553208351135254
1892,1,9.201066970825195
1892,2,9.739391326904297
1892,3,8.789769172668457
1892,4,9.489609718322754
1893,0,11.900193214416504
1893,1,12.596516609191895
1893,2,12.892993927001953
1893,3,10.575008392333984
1893,4,11.909906387329102
1894,0,6.949051380157471
1894,1,11.434741973876953
1894,2,9.292786598205566
1894,3,4.196002960205078
1894,4,6.174709320068359
1895,0,14.062299728393555
1895,1,13.714609146118164
1895,2,15.112838745117188
1895,3,13.6505126953125
1895,4,13.998147964477539
1896,0,11.722933769226074
1896,1,11.108823776245117
1896,2,10.518460273742676
1896,3,12.412731170654297
1896,4,13.249093055725098
1897,0,8.019808769226074
1897,1,9.11054801940918
1897,2,8.560603141784668
1897,3,8.611246109008789
1897,4,8.290923118591309
1898,0,12.019686698913574
1898,1,11.088302612304688
1898,2,11.973222732543945
1898,3,11.461565017700195
1898,4,11.854156494140625
1899,0,13.401117324829102
1899,1,13.359516143798828
1899,2,15.524073600769043
1899,3,13.928207397460938
1899,4,14.034720420837402
1900,0,12.471400260925293
1900,1,13.15855598449707
1900,2,12.942781448364258
1900,3,11.44353199005127
1900,4,12.829397201538086
1901,0,11.762152671813965
1901,1,12.892719268798828
1901,2,12.999500274658203
1901,3,10.645828247070312
1901,4,11.999703407287598
1902,0,7.532397270202637
1902,1,8.735718727111816
1902,2,8.883487701416016
1902,3,7.08179235458374
1902,4,8.29989242553711
1903,0,11.774794578552246
1903,1,13.537087440490723
1903,2,12.167900085449219
1903,3,11.9293851852417
1903,4,12.482854843139648
1904,0,10.640804290771484
1904,1,11.450146675109863
1904,2,11.474166870117188
1904,3,10.539097785949707
1904,4,10.488668441772461
1905,0,11.124818801879883
1905,1,10.320439338684082
1905,2,10.801015853881836
1905,3,10.14599895477295
1905,4,11.155733108520508
1906,0,8.450460433959961
1906,1,8.674579620361328
1906,2,9.388275146484375
1906,3,7.581654071807861
1906,4,9.080617904663086
1907,0,7.944211959838867
1907,1,7.631356239318848
1907,2,7.845006942749023
1907,3,7.722398281097412
1907,4,8.571290016174316
1908,0,4.235656261444092
1908,1,6.9242658615112305
1908,2,5.925489902496338
1908,3,3.0560853481292725
1908,4,3.496408224105835
1909,0,10.014792442321777
1909,1,9.17332649230957
1909,2,9.26768684387207
1909,3,9.368943214416504
1909,4,10.474472999572754
1910,0,7.003835678100586
1910,1,8.619354248046875
1910,2,8.940576553344727
1910,3,7.521534442901611
1910,4,7.204336643218994
1911,0,12.412612915039062
1911,1,12.368021011352539
1911,2,12.211532592773438
1911,3,11.792220115661621
1911,4,12.586548805236816
1912,0,12.348047256469727
1912,1,13.023735046386719
1912,2,12.769489288330078
1912,3,11.887728691101074
1912,4,12.679686546325684
1913,0,6.424101829528809
1913,1,9.052934646606445
1913,2,10.024250984191895
1913,3,7.820305824279785
1913,4,4.206146717071533
1914,0,12.728556632995605
1914,1,12.961173057556152
1914,2,12.247426986694336
1914,3,12.444643020629883
1914,4,12.971800804138184
1915,0,7.510258674621582
1915,1,9.389286041259766
1915,2,9.353592872619629
1915,3,9.43490219116211
1915,4,8.583235740661621
1916,0,11.620256423950195
1916,1,12.529154777526855
1916,2,13.427103996276855
1916,3,11.990335464477539
1916,4,11.421326637268066
1917,0,15.141969680786133
1917,1,15.280799865722656
1917,2,14.576746940612793
1917,3,14.713278770446777
1917,4,15.079855918884277
1918,0,12.667459487915039
1918,1,13.945882797241211
1918,2,14.404205322265625
1918,3,12.186088562011719
1918,4,13.438738822937012
1919,0,9.48483657836914
1919,1,10.620644569396973
1919,2,11.64704704284668
1919,3,8.824311256408691
1919,4,9.847190856933594
1920,0,15.569035530090332
1920,1,16.08903694152832
1920,2,16.04187774658203
1920,3,15.55882740020752
1920,4,15.71770191192627
1921,0,9.81572437286377
1921,1,9.799704551696777
1921,2,8.805588722229004
1921,3,9.083556175231934
1921,4,9.553481101989746
1922,0,13.982123374938965
1922,1,13.303655624389648
1922,2,12.72062873840332
1922,3,13.036972045898438
1922,4,14.170496940612793
1923,0,13.87661361694336
1923,1,14.074505805969238
1923,2,14.94831371307373
1923,3,14.050472259521484
1923,4,13.361307144165039
1924,0,10.629581451416016
1924,1,9.993430137634277
1924,2,10.799077987670898
1924,3,9.787376403808594
1924,4,9.77067756652832
1925,0,14.974018096923828
1925,1,15.218036651611328
1925,2,14.09464168548584
1925,3,15.09853744506836
1925,4,15.330863952636719
1926,0,11.922749519348145
1926,1,10.90144157409668
1926,2,10.823781967163086
1926,3,9.885455131530762
1926,4,11.746286392211914
1927,0,12.123931884765625
1927,1,14.083967208862305
1927,2,12.487560272216797
1927,3,12.179147720336914
1927,4,12.102461814880371
1928,0,13.54861831665039
1928,1,12.301657676696777
1928,2,13.155082702636719
1928,3,13.182740211486816
1928,4,13.389814376831055
1929,0,8.138583183288574
1929,1,9.526589393615723
1929,2,9.730234146118164
1929,3,9.165796279907227
1929,4,8.268284797668457
1930,0,14.486396789550781
1930,1,13.702093124389648
1930,2,13.344992637634277
1930,3,14.383672714233398
1930,4,14.903757095336914
1931,0,13.505568504333496
1931,1,14.61404037475586
1931,2,14.39832592010498
1931,3,13.806797981262207
1931,4,14.015263557434082
1932,0,11.223939895629883
1932,1,13.775664329528809
1932,2,13.649835586547852
1932,3,11.16350269317627
1932,4,12.642251968383789
1933,0,13.742910385131836
1933,1,15.882461547851562
1933,2,15.189433097839355
1933,3,15.765997886657715
1933,4,14.185773849487305
1934,0,9.273188591003418
1934,1,10.927231788635254
1934,2,10.419524192810059
1934,3,9.20136833190918
1934,4,9.59399127960205
1935,0,8.223259925842285
1935,1,13.674613952636719
1935,2,15.336185455322266
1935,3,8.404594421386719
1935,4,9.158967971801758
1936,0,9.786585807800293
1936,1,9.894905090332031
1936,2,10.246716499328613
1936,3,10.261481285095215
1936,4,9.696611404418945
1937,0,11.503947257995605
1937,1,11.979047775268555
1937,2,11.71369457244873
1937,3,11.159808158874512
1937,4,11.773807525634766
1938,0,10.047768592834473
1938,1,11.342119216918945
1938,2,11.374789237976074
1938,3,9.920037269592285
1938,4,10.329763412475586
1939,0,10.397234916687012
1939,1,14.190142631530762
1939,2,10.511630058288574
1939,3,11.792145729064941
1939,4,10.099318504333496
1940,0,7.46917724609375
1940,1,9.64134407043457
1940,2,9.873437881469727
1940,3,6.260817050933838
1940,4,7.77295446395874
1941,0,13.231757164001465
1941,1,14.301183700561523
1941,2,13.936290740966797
1941,3,12.905346870422363
1941,4,13.8406343460083
1942,0,14.905299186706543
1942,1,14.727898597717285
1942,2,15.501595497131348
1942,3,15.109333992004395
1942,4,15.060151100158691
1943,0,10.452228546142578
1943,1,10.87750244140625
1943,2,12.508743286132812
1943,3,9.616477012634277
1943,4,10.303853034973145
1944,0,11.115839958190918
1944,1,10.96852970123291
1944,2,11.196370124816895
1944,3,11.01608657836914
1944,4,11.499858856201172
1945,0,11.623834609985352
1945,1,12.062253952026367
1945,2,12.73682975769043
1945,3,10.677227973937988
1945,4,11.523789405822754
1946,0,12.021416664123535
1946,1,15.201237678527832
1946,2,15.25058364868164
1946,3,9.474791526794434
1946,4,11.2855224609375
1947,0,12.687418937683105
1947,1,12.93726921081543
1947,2,12.904464721679688
1947,3,12.029095649719238
1947,4,12.308642387390137
1948,0,11.783248901367188
1948,1,12.263508796691895
1948,2,13.001548767089844
1948,3,11.336069107055664
1948,4,11.126801490783691
1949,0,8.61067008972168
1949,1,7.227746963500977
1949,2,7.443362712860107
1949,3,7.388161659240723
1949,4,8.702180862426758
1950,0,13.247286796569824
1950,1,12.697881698608398
1950,2,12.770317077636719
1950,3,11.921934127807617
1950,4,13.581876754760742
1951,0,13.055924415588379
1951,1,12.620356559753418
1951,2,12.678780555725098
1951,3,12.862457275390625
1951,4,12.302614212036133
1952,0,12.840331077575684
1952,1,12.300500869750977
1952,2,13.25545597076416
1952,3,13.586108207702637
1952,4,13.8207368850708
1953,0,9.636335372924805
1953,1,10.136812210083008
1953,2,9.693476676940918
1953,3,10.072457313537598
1953,4,9.280983924865723
1954,0,13.140896797180176
1954,1,14.081138610839844
1954,2,13.687901496887207
1954,3,13.719361305236816
1954,4,13.582880973815918
1955,0,14.602598190307617
1955,1,13.964787483215332
1955,2,14.084212303161621
1955,3,14.457159996032715
1955,4,14.321986198425293
1956,0,10.734809875488281
1956,1,10.37160587310791
1956,2,11.605400085449219
1956,3,10.63369369506836
1956,4,10.744062423706055
1957,0,9.728209495544434
1957,1,9.700508117675781
1957,2,10.102212905883789
1957,3,8.49193000793457
1957,4,9.396211624145508
1958,0,8.178372383117676
1958,1,10.393121719360352
1958,2,12.04061508178711
1958,3,7.646463394165039
1958,4,8.759414672851562
1959,0,4.024089336395264
1959,1,5.033148765563965
1959,2,6.458169460296631
1959,3,3.6105308532714844
1959,4,2.814607858657837
1960,0,12.242733001708984
1960,1,11.87602424621582
1960,2,11.195444107055664
1960,3,12.866442680358887
1960,4,12.69296932220459
1961,0,12.073801040649414
1961,1,13.316276550292969
1961,2,12.575369834899902
1961,3,11.835002899169922
1961,4,12.212509155273438
1962,0,10.449738502502441
1962,1,11.76158618927002
1962,2,11.824469566345215
1962,3,9.52739429473877
1962,4,11.720071792602539
1963,0,8.124967575073242
1963,1,10.888442993164062
1963,2,9.519453048706055
1963,3,9.01538372039795
1963,4,8.242562294006348
1964,0,5.128230571746826
1964,1,6.6705851554870605
1964,2,5.995645046234131
1964,3,6.336497783660889
1964,4,7.0526347160339355
1965,0,9.584665298461914
1965,1,9.54624080657959
1965,2,11.433004379272461
1965,3,9.86082649230957
1965,4,7.560561180114746
1966,0,12.504161834716797
1966,1,12.486225128173828
1966,2,11.20444107055664
1966,3,12.800450325012207
1966,4,12.319512367248535
1967,0,12.786754608154297
1967,1,12.9617919921875
1967,2,11.944132804870605
1967,3,11.082793235778809
1967,4,12.895014762878418
1968,0,14.986730575561523
1968,1,14.500487327575684
1968,2,15.025946617126465
1968,3,14.47677230834961
1968,4,14.87492561340332
1969,0,9.43053913116455
1969,1,8.052637100219727
1969,2,8.226658821105957
1969,3,8.015641212463379
1969,4,9.379145622253418
1970,0,11.655904769897461
1970,1,11.350054740905762
1970,2,11.236615180969238
1970,3,11.881169319152832
1970,4,11.275492668151855
1971,0,12.514191627502441
1971,1,11.978225708007812
1971,2,11.972665786743164
1971,3,11.649648666381836
1971,4,11.76910400390625
1972,0,12.710518836975098
1972,1,14.245733261108398
1972,2,13.91629695892334
1972,3,13.520625114440918
1972,4,12.617856979370117
1973,0,6.781561851501465
1973,1,9.558759689331055
1973,2,7.805721759796143
1973,3,7.904826641082764
1973,4,6.257486343383789
1974,0,10.905248641967773
1974,1,11.498893737792969
1974,2,12.663475036621094
1974,3,10.891375541687012
1974,4,10.931501388549805
1975,0,7.677742004394531
1975,1,10.749594688415527
1975,2,9.688838005065918
1975,3,9.415470123291016
1975,4,7.121809005737305
1976,0,6.7431254386901855
1976,1,7.923351287841797
1976,2,8.284164428710938
1976,3,5.453427314758301
1976,4,6.63971471786499
1977,0,13.342906951904297
1977,1,12.506739616394043
1977,2,13.889922142028809
1977,3,12.842230796813965
1977,4,13.354498863220215
1978,0,7.545590877532959
1978,1,8.322891235351562
1978,2,8.508541107177734
1978,3,5.6462602615356445
1978,4,7.688963890075684
1979,0,12.250066757202148
1979,1,13.155765533447266
1979,2,13.738245964050293
1979,3,12.05217456817627
1979,4,12.711316108703613
1980,0,9.437594413757324
1980,1,8.895401000976562
1980,2,8.07059097290039
1980,3,9.073740005493164
1980,4,8.790993690490723
1981,0,11.140007972717285
1981,1,12.64139461517334
1981,2,13.25854206085205
1981,3,10.687332153320312
1981,4,11.269340515136719
1982,0,7.613556385040283
1982,1,8.123788833618164
1982,2,6.710111141204834
1982,3,8.379589080810547
1982,4,7.536596298217773
1983,0,11.445188522338867
1983,1,11.110368728637695
1983,2,11.45778751373291
1983,3,12.036334037780762
1983,4,11.962159156799316
1984,0,6.639068126678467
1984,1,7.050669193267822
1984,2,7.9900126457214355
1984,3,7.083909034729004
1984,4,6.241170406341553
1985,0,12.512284278869629
1985,1,14.305184364318848
1985,2,12.589597702026367
1985,3,11.418126106262207
1985,4,12.51204776763916
1986,0,13.508899688720703
1986,1,13.129110336303711
1986,2,12.027140617370605
1986,3,14.722235679626465
1986,4,13.567678451538086
1987,0,11.549424171447754
1987,1,10.701986312866211
1987,2,11.033380508422852
1987,3,10.295575141906738
1987,4,11.751077651977539
1988,0,15.560449600219727
1988,1,14.37625503540039
1988,2,14.881269454956055
1988,3,15.39737319946289
1988,4,15.511094093322754
1989,0,9.209904670715332
1989,1,8.469853401184082
1989,2,9.32056713104248
1989,3,8.496445655822754
1989,4,9.294037818908691
1990,0,13.242432594299316
1990,1,14.127044677734375
1990,2,14.493013381958008
1990,3,13.078346252441406
1990,4,13.897348403930664
1991,0,13.003618240356445
1991,1,12.652541160583496
1991,2,11.283758163452148
1991,3,12.08838176727295
1991,4,13.089232444763184
1992,0,13.522245407104492
1992,1,14.830431938171387
1992,2,14.58264446258545
1992,3,12.128246307373047
1992,4,13.655135154724121
1993,0,6.905492305755615
1993,1,9.27122688293457
1993,2,9.045965194702148
1993,3,5.9146928787231445
1993,4,7.687241554260254
1994,0,7.820832252502441
1994,1,8.592045783996582
1994,2,7.597642421722412
1994,3,7.836478233337402
1994,4,8.148721694946289
1995,0,9.21055793762207
1995,1,9.742280960083008
1995,2,9.328447341918945
1995,3,8.965920448303223
1995,4,9.455917358398438
1996,0,14.654473304748535
1996,1,14.703269958496094
1996,2,15.233145713806152
1996,3,14.119611740112305
1996,4,14.983969688415527
1997,0,8.991387367248535
1997,1,11.069765090942383
1997,2,11.700510025024414
1997,3,8.132288932800293
1997,4,9.737317085266113
1998,0,9.916807174682617
1998,1,9.13737678527832
1998,2,11.003365516662598
1998,3,10.263555526733398
1998,4,10.883199691772461
1999,0,8.132272720336914
1999,1,10.903626441955566
1999,2,9.801259994506836
1999,3,8.380755424499512
1999,4,9.242951393127441
2000,0,9.235180854797363
2000,1,13.850211143493652
2000,2,12.744734764099121
2000,3,14.11728572845459
2000,4,7.583309173583984
2001,0,9.321372032165527
2001,1,10.190847396850586
2001,2,10.049132347106934
2001,3,8.594639778137207
2001,4,8.600199699401855
2002,0,3.8046586513519287
2002,1,9.339293479919434
2002,2,7.942563056945801
2002,3,3.4145374298095703
2002,4,2.9982476234436035
2003,0,15.565449714660645
2003,1,14.46153450012207
2003,2,14.101238250732422
2003,3,14.602849006652832
2003,4,15.403919219970703
2004,0,12.536355972290039
2004,1,13.221742630004883
2004,2,13.817564010620117
2004,3,11.932172775268555
2004,4,12.629210472106934
2005,0,12.68388843536377
2005,1,9.741272926330566
2005,2,8.374592781066895
2005,3,11.649201393127441
2005,4,12.429183006286621
2006,0,8.338008880615234
2006,1,12.806950569152832
2006,2,13.321476936340332
2006,3,7.715224742889404
2006,4,7.789113521575928
2007,0,10.561185836791992
2007,1,12.925702095031738
2007,2,11.24704360961914
2007,3,11.091008186340332
2007,4,10.803271293640137
2008,0,12.258925437927246
2008,1,11.663957595825195
2008,2,11.439780235290527
2008,3,12.112907409667969
2008,4,11.932534217834473
2009,0,14.214335441589355
2009,1,15.181526184082031
2009,2,15.39909553527832
2009,3,14.637198448181152
2009,4,14.030930519104004
2010,0,7.9745306968688965
2010,1,8.559114456176758
2010,2,7.587915420532227
2010,3,7.804975509643555
2010,4,8.467838287353516
2011,0,9.592411994934082
2011,1,12.67490291595459
2011,2,13.350603103637695
2011,3,8.982928276062012
2011,4,9.398608207702637
2012,0,12.819244384765625
2012,1,12.526836395263672
2012,2,12.315353393554688
2012,3,12.595784187316895
2012,4,12.076663970947266
2013,0,15.080192565917969
2013,1,14.170022964477539
2013,2,13.731843948364258
2013,3,14.466580390930176
2013,4,14.470959663391113
2014,0,15.170642852783203
2014,1,13.434379577636719
2014,2,13.311762809753418
2014,3,15.080228805541992
2014,4,15.096342086791992
2015,0,15.818181991577148
2015,1,15.887458801269531
2015,2,15.995386123657227
2015,3,15.723081588745117
2015,4,15.94680404663086
2016,0,13.055696487426758
2016,1,11.970563888549805
2016,2,11.863414764404297
2016,3,12.118924140930176
2016,4,13.34311580657959
2017,0,11.980870246887207
2017,1,13.2057466506958
2017,2,12.835600852966309
2017,3,11.578079223632812
2017,4,12.151476860046387
2018,0,11.113107681274414
2018,1,9.888607025146484
2018,2,11.69229793548584
2018,3,9.6404390335083
2018,4,11.582893371582031
2019,0,8.774827003479004
2019,1,10.76402473449707
2019,2,9.382306098937988
2019,3,10.406405448913574
2019,4,9.541397094726562
2020,0,14.469614028930664
2020,1,13.09280014038086
2020,2,12.343915939331055
2020,3,13.590897560119629
2020,4,14.207856178283691
2021,0,10.439297676086426
2021,1,12.109777450561523
2021,2,12.006394386291504
2021,3,10.104164123535156
2021,4,9.895454406738281
2022,0,12.825664520263672
2022,1,12.486916542053223
2022,2,14.102239608764648
2022,3,11.059014320373535
2022,4,12.854771614074707
2023,0,8.151263236999512
2023,1,8.216115951538086
2023,2,8.934404373168945
2023,3,8.175630569458008
2023,4,7.502562522888184
2024,0,5.971329689025879
2024,1,9.695298194885254
2024,2,9.448691368103027
2024,3,4.961686134338379
2024,4,5.9351277351379395
2025,0,13.889022827148438
2025,1,12.72539234161377
2025,2,13.127336502075195
2025,3,13.810811042785645
2025,4,13.98307991027832
2026,0,10.055622100830078
2026,1,11.462616920471191
2026,2,8.223567008972168
2026,3,10.951276779174805
2026,4,8.63491439819336
2027,0,12.248696327209473
2027,1,12.6524658203125
2027,2,12.341825485229492
2027,3,12.046411514282227
2027,4,11.887486457824707
2028,0,12.601710319519043
2028,1,12.92052936553955
2028,2,13.270306587219238
2028,3,12.892256736755371
2028,4,12.470322608947754
2029,0,11.474349975585938
2029,1,11.19498348236084
2029,2,13.061306953430176
2029,3,12.793768882751465
2029,4,12.808646202087402
2030,0,8.313286781311035
2030,1,9.57043170928955
2030,2,9.790380477905273
2030,3,7.247469425201416
2030,4,8.831419944763184
2031,0,9.184064865112305
2031,1,8.45055866241455
2031,2,8.713788986206055
2031,3,8.91312313079834
2031,4,9.13906478881836
2032,0,12.821854591369629
2032,1,13.3106107711792
2032,2,12.373693466186523
2032,3,12.417098045349121
2032,4,12.888628005981445
2033,0,12.183765411376953
2033,1,13.98508358001709
2033,2,14.149968147277832
2033,3,11.030327796936035
2033,4,11.718116760253906
2034,0,12.262337684631348
2034,1,12.142868995666504
2034,2,10.179159164428711
2034,3,12.615248680114746
2034,4,13.033902168273926
2035,0,9.866739273071289
2035,1,11.148262023925781
2035,2,11.68157958984375
2035,3,11.009206771850586
2035,4,10.435718536376953
2036,0,10.543452262878418
2036,1,11.769031524658203
2036,2,12.063928604125977
2036,3,10.287578582763672
2036,4,10.74590015411377
2037,0,13.443251609802246
2037,1,14.00351333618164
2037,2,14.066035270690918
2037,3,13.323567390441895
2037,4,13.254755020141602
2038,0,9.40768051147461
2038,1,8.654134750366211
2038,2,8.313355445861816
2038,3,7.676211357116699
2038,4,8.743281364440918
2039,0,12.672883033752441
2039,1,10.528928756713867
2039,2,10.663188934326172
2039,3,12.41061782836914
2039,4,12.656899452209473
2040,0,8.122762680053711
2040,1,8.432405471801758
2040,2,8.073851585388184
2040,3,7.327101230621338
2040,4,8.300698280334473
2041,0,7.460718631744385
2041,1,9.365882873535156
2041,2,9.810364723205566
2041,3,7.563617706298828
2041,4,8.05167007446289
2042,0,8.093762397766113
2042,1,9.227072715759277
2042,2,10.343181610107422
2042,3,7.373566627502441
2042,4,7.639771461486816
2043,0,7.921966552734375
2043,1,8.577173233032227
2043,2,8.850594520568848
2043,3,9.264723777770996
2043,4,8.067566871643066
2044,0,9.726592063903809
2044,1,10.15815258026123
2044,2,9.656891822814941
2044,3,8.948609352111816
2044,4,9.123086929321289
2045,0,4.870521068572998
2045,1,10.654250144958496
2045,2,10.428845405578613
2045,3,7.720029354095459
2045,4,5.431919097900391
2046,0,12.327352523803711
2046,1,12.023581504821777
2046,2,11.524493217468262
2046,3,13.164989471435547
2046,4,13.529608726501465
2047,0,11.8051118850708
2047,1,13.919227600097656
2047,2,14.77445125579834
2047,3,12.70718002319336
2047,4,12.422656059265137
2048,0,6.544218063354492
2048,1,8.688655853271484
2048,2,8.961736679077148
2048,3,6.2619309425354
2048,4,7.123016834259033
2049,0,11.939839363098145
2049,1,12.956148147583008
2049,2,14.6185941696167
2049,3,9.268728256225586
2049,4,11.347023963928223
2050,0,9.018014907836914
2050,1,8.982380867004395
2050,2,8.832454681396484
2050,3,8.584623336791992
2050,4,9.293045043945312
2051,0,9.926746368408203
2051,1,10.71390438079834
2051,2,10.643072128295898
2051,3,8.026204109191895
2051,4,9.898221969604492
2052,0,14.917746543884277
2052,1,15.186838150024414
2052,2,15.167954444885254
2052,3,14.783254623413086
2052,4,14.112225532531738
2053,0,12.09369945526123
2053,1,13.190448760986328
2053,2,12.868595123291016
2053,3,11.974329948425293
2053,4,11.96158504486084
2054,0,7.9959940910339355
2054,1,13.502392768859863
2054,2,15.478611946105957
2054,3,7.978404998779297
2054,4,7.766681671142578
2055,0,15.527118682861328
2055,1,15.442841529846191
2055,2,15.725704193115234
2055,3,15.299572944641113
2055,4,15.744646072387695
2056,0,11.98734188079834
2056,1,10.53754997253418
2056,2,11.193517684936523
2056,3,10.980841636657715
2056,4,11.001667976379395
2057,0,8.760498046875
2057,1,9.411462783813477
2057,2,10.091165542602539
2057,3,7.643862724304199
2057,4,9.689080238342285
2058,0,13.175307273864746
2058,1,13.54865550994873
2058,2,13.480887413024902
2058,3,12.884481430053711
2058,4,12.835735321044922
2059,0,9.115492820739746
2059,1,8.987100601196289
2059,2,10.595623970031738
2059,3,8.525186538696289
2059,4,8.968229293823242
2060,0,8.090447425842285
2060,1,9.665411949157715
2060,2,10.191722869873047
2060,3,8.295026779174805
2060,4,7.9928741455078125
2061,0,12.010583877563477
2061,1,12.525406837463379
2061,2,13.452577590942383
2061,3,12.348108291625977
2061,4,13.106527328491211
2062,0,12.23673152923584
2062,1,10.683449745178223
2062,2,12.400057792663574
2062,3,12.099306106567383
2062,4,11.175127983093262
2063,0,10.146931648254395
2063,1,11.639908790588379
2063,2,11.635923385620117
2063,3,11.124578475952148
2063,4,9.369482040405273
2064,0,14.27263355255127
2064,1,15.398857116699219
2064,2,14.79258918762207
2064,3,14.256548881530762
2064,4,14.204825401306152
2065,0,14.019758224487305
2065,1,13.464759826660156
2065,2,13.480752944946289
2065,3,15.478239059448242
2065,4,14.313457489013672
2066,0,10.231507301330566
2066,1,11.127307891845703
2066,2,10.574776649475098
2066,3,9.831085205078125
2066,4,10.617754936218262
2067,0,14.200278282165527
2067,1,13.66533088684082
2067,2,14.590550422668457
2067,3,14.35220718383789
2067,4,13.890009880065918
2068,0,8.313700675964355
2068,1,7.535580635070801
2068,2,7.618819236755371
2068,3,6.6137824058532715
2068,4,9.622174263000488
2069,0,13.041423797607422
2069,1,13.483450889587402
2069,2,14.538506507873535
2069,3,12.882987976074219
2069,4,13.071340560913086
2070,0,10.402542114257812
2070,1,10.839154243469238
2070,2,10.924495697021484
2070,3,9.66214370727539
2070,4,10.87927532196045
2071,0,13.961562156677246
2071,1,14.578363418579102
2071,2,14.654236793518066
2071,3,13.425358772277832
2071,4,14.380805969238281
2072,0,11.512795448303223
2072,1,13.144047737121582
2072,2,12.481063842773438
2072,3,11.80662727355957
2072,4,11.422036170959473
2073,0,13.018877029418945
2073,1,12.470418930053711
2073,2,12.413581848144531
2073,3,13.01734733581543
2073,4,12.541260719299316
2074,0,9.901067733764648
2074,1,10.497391700744629
2074,2,10.594878196716309
2074,3,10.208364486694336
2074,4,9.863341331481934
2075,0,14.63071060180664
2075,1,11.363043785095215
2075,2,13.106280326843262
2075,3,11.42534351348877
2075,4,14.714637756347656
2076,0,12.25792407989502
2076,1,12.822505950927734
2076,2,10.27878189086914
2076,3,11.915266036987305
2076,4,11.94134521484375
2077,0,11.297605514526367
2077,1,13.032474517822266
2077,2,13.38233470916748
2077,3,11.218008041381836
2077,4,11.404781341552734
2078,0,12.73279094696045
2078,1,12.182682991027832
2078,2,11.253173828125
2078,3,13.057760238647461
2078,4,13.115330696105957
2079,0,12.839638710021973
2079,1,9.814878463745117
2079,2,9.918855667114258
2079,3,11.242243766784668
2079,4,10.996729850769043
2080,0,13.704527854919434
2080,1,13.254024505615234
2080,2,12.691446304321289
2080,3,13.068385124206543
2080,4,12.73288631439209
2081,0,11.535943031311035
2081,1,12.465270042419434
2081,2,10.534734725952148
2081,3,10.3578462600708
2081,4,11.065935134887695
2082,0,8.917037010192871
2082,1,8.644974708557129
2082,2,6.738368034362793
2082,3,7.432849884033203
2082,4,8.633631706237793
2083,0,7.303011417388916
2083,1,9.072738647460938
2083,2,7.830598831176758
2083,3,6.835127353668213
2083,4,7.087102890014648
2084,0,12.971625328063965
2084,1,12.542487144470215
2084,2,12.279086112976074
2084,3,12.04576301574707
2084,4,12.497920989990234
2085,0,12.111624717712402
2085,1,11.703567504882812
2085,2,11.417312622070312
2085,3,12.310213088989258
2085,4,12.57695198059082
2086,0,14.380101203918457
2086,1,14.237009048461914
2086,2,13.761046409606934
2086,3,14.583172798156738
2086,4,14.069694519042969
2087,0,11.311946868896484
2087,1,10.794913291931152
2087,2,11.449114799499512
2087,3,13.674418449401855
2087,4,11.210861206054688
2088,0,12.165665626525879
2088,1,10.09886646270752
2088,2,9.922669410705566
2088,3,12.324727058410645
2088,4,12.202409744262695
2089,0,10.301475524902344
2089,1,11.047271728515625
2089,2,13.95729923248291
2089,3,10.365814208984375
2089,4,10.113490104675293
2090,0,8.907660484313965
2090,1,10.465206146240234
2090,2,11.453375816345215
2090,3,8.771726608276367
2090,4,9.226093292236328
2091,0,14.009222030639648
2091,1,14.307412147521973
2091,2,14.124686241149902
2091,3,13.501679420471191
2091,4,13.419562339782715
2092,0,9.342411994934082
2092,1,10.43545150756836
2092,2,9.802862167358398
2092,3,9.81196117401123
2092,4,10.47668743133545
2093,0,9.206255912780762
2093,1,8.85763168334961
2093,2,8.528112411499023
2093,3,8.894733428955078
2093,4,9.229887962341309
2094,0,9.330761909484863
2094,1,9.750619888305664
2094,2,10.746910095214844
2094,3,9.446273803710938
2094,4,10.017343521118164
2095,0,10.382628440856934
2095,1,10.883523941040039
2095,2,11.307961463928223
2095,3,9.549572944641113
2095,4,9.966371536254883
2096,0,13.536819458007812
2096,1,12.022465705871582
2096,2,12.397482872009277
2096,3,12.238774299621582
2096,4,12.943655014038086
2097,0,11.021574974060059
2097,1,12.043045043945312
2097,2,14.5523099899292
2097,3,10.356922149658203
2097,4,10.278238296508789
2098,0,8.151006698608398
2098,1,10.894003868103027
2098,2,11.819437980651855
2098,3,7.566545009613037
2098,4,7.769990921020508
2099,0,9.996516227722168
2099,1,10.1001615524292
2099,2,8.9814453125
2099,3,10.686445236206055
2099,4,10.30831241607666
2100,0,10.653882026672363
2100,1,10.212892532348633
2100,2,11.955781936645508
2100,3,10.674330711364746
2100,4,10.601113319396973
2101,0,11.59689712524414
2101,1,12.708541870117188
2101,2,9.633431434631348
2101,3,11.483592987060547
2101,4,12.099676132202148
2102,0,9.130796432495117
2102,1,12.189631462097168
2102,2,10.988471031188965
2102,3,9.832762718200684
2102,4,9.599154472351074
2103,0,11.177729606628418
2103,1,11.600650787353516
2103,2,11.916535377502441
2103,3,11.697474479675293
2103,4,10.897768020629883
2104,0,9.004262924194336
2104,1,9.39719295501709
2104,2,9.826606750488281
2104,3,9.305885314941406
2104,4,8.931724548339844
2105,0,10.65558910369873
2105,1,14.169025421142578
2105,2,14.781401634216309
2105,3,13.741121292114258
2105,4,10.158220291137695
2106,0,10.653093338012695
2106,1,11.571036338806152
2106,2,11.594764709472656
2106,3,10.690733909606934
2106,4,10.004694938659668
2107,0,6.6424665451049805
2107,1,8.079676628112793
2107,2,8.741694450378418
2107,3,7.5682878494262695
2107,4,7.360103130340576
2108,0,8.249869346618652
2108,1,8.907227516174316
2108,2,7.555912494659424
2108,3,7.575893878936768
2108,4,9.297828674316406
2109,0,12.452777862548828
2109,1,12.790213584899902
2109,2,12.641181945800781
2109,3,10.659418106079102
2109,4,12.720037460327148
2110,0,7.237811088562012
2110,1,8.149568557739258
2110,2,8.514796257019043
2110,3,7.345071315765381
2110,4,7.388195991516113
2111,0,11.767791748046875
2111,1,12.451093673706055
2111,2,13.78304386138916
2111,3,12.019580841064453
2111,4,11.469569206237793
2112,0,12.159542083740234
2112,1,11.35888385772705
2112,2,11.76310920715332
2112,3,10.737442016601562
2112,4,11.14483642578125
2113,0,11.46156120300293
2113,1,11.650320053100586
2113,2,11.906842231750488
2113,3,11.413151741027832
2113,4,11.856695175170898
2114,0,14.243346214294434
2114,1,12.292976379394531
2114,2,12.929648399353027
2114,3,13.47430419921875
2114,4,14.415128707885742
2115,0,11.153800010681152
2115,1,10.03883171081543
2115,2,12.19862174987793
2115,3,10.906622886657715
2115,4,11.160028457641602
2116,0,12.273404121398926
2116,1,13.163947105407715
2116,2,12.920942306518555
2116,3,11.865504264831543
2116,4,12.818198204040527
2117,0,10.7188720703125
2117,1,10.939558982849121
2117,2,10.553504943847656
2117,3,10.703639030456543
2117,4,10.52951431274414
2118,0,8.436691284179688
2118,1,8.056983947753906
2118,2,8.663786888122559
2118,3,7.872485160827637
2118,4,8.4086275100708
2119,0,9.196630477905273
2119,1,9.434332847595215
2119,2,9.58246898651123
2119,3,8.85846996307373
2119,4,9.451192855834961
2120,0,8.942028999328613
2120,1,11.30894660949707
2120,2,11.088536262512207
2120,3,9.373717308044434
2120,4,9.199586868286133
2121,0,14.38237190246582
2121,1,14.840412139892578
2121,2,14.278841018676758
2121,3,14.059818267822266
2121,4,14.912591934204102
2122,0,13.962810516357422
2122,1,9.99128246307373
2122,2,13.989545822143555
2122,3,14.21742057800293
2122,4,13.494630813598633
2123,0,8.671085357666016
2123,1,7.672194957733154
2123,2,7.124877452850342
2123,3,7.823134899139404
2123,4,8.771184921264648
2124,0,8.430938720703125
2124,1,9.473346710205078
2124,2,11.307831764221191
2124,3,9.01405143737793
2124,4,8.543313026428223
2125,0,14.34199047088623
2125,1,15.301107406616211
2125,2,15.014193534851074
2125,3,14.98425579071045
2125,4,13.71854305267334
2126,0,10.208685874938965
2126,1,12.782020568847656
2126,2,13.187775611877441
2126,3,9.112386703491211
2126,4,12.256695747375488
2127,0,11.094512939453125
2127,1,11.763799667358398
2127,2,11.78311824798584
2127,3,9.96639633178711
2127,4,11.091099739074707
2128,0,7.693129539489746
2128,1,6.181142807006836
2128,2,10.28670597076416
2128,3,7.282989025115967
2128,4,8.137554168701172
2129,0,11.136175155639648
2129,1,11.77740478515625
2129,2,12.071697235107422
2129,3,10.751389503479004
2129,4,10.659197807312012
2130,0,5.198028564453125
2130,1,3.582014322280884
2130,2,6.364053249359131
2130,3,5.4706711769104
2130,4,4.9090352058410645
2131,0,5.834874629974365
2131,1,6.522019386291504
2131,2,6.946752071380615
2131,3,4.99436092376709
2131,4,5.700136184692383
2132,0,9.67110824584961
2132,1,10.811110496520996
2132,2,11.67636775970459
2132,3,9.413586616516113
2132,4,9.871332168579102
2133,0,10.047348976135254
2133,1,10.595907211303711
2133,2,10.528948783874512
2133,3,10.311662673950195
2133,4,10.019694328308105
2134,0,11.702303886413574
2134,1,11.88142204284668
2134,2,10.646941184997559
2134,3,11.136716842651367
2134,4,11.52688980102539
2135,0,6.650477886199951
2135,1,6.704409599304199
2135,2,7.020888328552246
2135,3,5.0904717445373535
2135,4,6.744320869445801
2136,0,9.147285461425781
2136,1,10.20850944519043
2136,2,9.518128395080566
2136,3,9.793172836303711
2136,4,8.837998390197754
2137,0,11.330824851989746
2137,1,9.457221031188965
2137,2,10.54180908203125
2137,3,10.794097900390625
2137,4,12.08954906463623
2138,0,10.210216522216797
2138,1,9.7496919631958
2138,2,9.541744232177734
2138,3,9.74559497833252
2138,4,10.230162620544434
2139,0,14.000272750854492
2139,1,14.56875991821289
2139,2,13.956892967224121
2139,3,13.95431900024414
2139,4,13.984562873840332
2140,0,10.530707359313965
2140,1,10.42693042755127
2140,2,9.365711212158203
2140,3,10.098530769348145
2140,4,10.61401653289795
2141,0,10.525833129882812
2141,1,14.290018081665039
2141,2,12.302032470703125
2141,3,10.361560821533203
2141,4,11.32285213470459
2142,0,12.309379577636719
2142,1,13.779364585876465
2142,2,13.03828239440918
2142,3,12.418075561523438
2142,4,12.241755485534668
2143,0,11.836531639099121
2143,1,11.505569458007812
2143,2,11.3757905960083
2143,3,9.64222526550293
2143,4,10.783056259155273
2144,0,9.769405364990234
2144,1,10.470283508300781
2144,2,8.544540405273438
2144,3,9.956707954406738
2144,4,10.227286338806152
2145,0,15.270402908325195
2145,1,15.06179141998291
2145,2,14.248987197875977
2145,3,14.616004943847656
2145,4,15.410101890563965
2146,0,11.122530937194824
2146,1,12.079442977905273
2146,2,12.548654556274414
2146,3,11.094999313354492
2146,4,11.694806098937988
2147,0,10.636544227600098
2147,1,10.926535606384277
2147,2,11.476264953613281
2147,3,10.930672645568848
2147,4,11.15644645690918
2148,0,9.650715827941895
2148,1,7.820463180541992
2148,2,6.15636682510376
2148,3,6.106093406677246
2148,4,14.035229682922363
2149,0,9.927406311035156
2149,1,10.201424598693848
2149,2,10.296258926391602
2149,3,9.356904983520508
2149,4,10.018908500671387
2150,0,10.433588027954102
2150,1,11.491141319274902
2150,2,10.559724807739258
2150,3,10.93364429473877
2150,4,10.646801948547363
2151,0,14.370264053344727
2151,1,12.990137100219727
2151,2,14.120989799499512
2151,3,12.727349281311035
2151,4,13.667377471923828
2152,0,10.451115608215332
2152,1,11.297876358032227
2152,2,11.789212226867676
2152,3,11.758852005004883
2152,4,10.634604454040527
2153,0,9.445143699645996
2153,1,8.165101051330566
2153,2,6.447506427764893
2153,3,9.727087020874023
2153,4,9.798970222473145
2154,0,7.8083815574646
2154,1,12.561304092407227
2154,2,12.02455997467041
2154,3,7.99858283996582
2154,4,8.251291275024414
2155,0,7.571831226348877
2155,1,11.465035438537598
2155,2,9.246033668518066
2155,3,8.633732795715332
2155,4,7.8247294425964355
2156,0,8.281970024108887
2156,1,10.330063819885254
2156,2,11.053862571716309
2156,3,5.775862216949463
2156,4,8.805147171020508
2157,0,12.23836898803711
2157,1,14.118172645568848
2157,2,13.211140632629395
2157,3,12.499846458435059
2157,4,12.930480003356934
2158,0,6.843929290771484
2158,1,7.119978904724121
2158,2,7.912479877471924
2158,3,6.242932319641113
2158,4,7.184262275695801
2159,0,14.529619216918945
2159,1,14.869218826293945
2159,2,14.778943061828613
2159,3,12.603211402893066
2159,4,14.488035202026367
2160,0,6.905858993530273
2160,1,6.754090309143066
2160,2,4.473222255706787
2160,3,6.646545886993408
2160,4,7.198111057281494
2161,0,7.305383205413818
2161,1,9.61710262298584
2161,2,10.348343849182129
2161,3,7.269914627075195
2161,4,5.37421178817749
2162,0,7.695828914642334
2162,1,7.306131362915039
2162,2,7.686924457550049
2162,3,7.297949314117432
2162,4,8.52486801147461
2163,0,11.249297142028809
2163,1,10.468368530273438
2163,2,10.210164070129395
2163,3,11.710081100463867
2163,4,10.918211936950684
2164,0,10.019588470458984
2164,1,11.415815353393555
2164,2,3.844428777694702
2164,3,10.349780082702637
2164,4,10.032267570495605
2165,0,12.869406700134277
2165,1,13.338177680969238
2165,2,12.055654525756836
2165,3,11.359109878540039
2165,4,13.214775085449219
2166,0,11.078227996826172
2166,1,12.781377792358398
2166,2,12.008184432983398
2166,3,11.894621849060059
2166,4,10.708379745483398
2167,0,9.66729736328125
2167,1,11.098843574523926
2167,2,10.63436222076416
2167,3,10.053025245666504
2167,4,10.759271621704102
2168,0,9.880036354064941
2168,1,9.374038696289062
2168,2,9.781205177307129
2168,3,9.522431373596191
2168,4,9.349151611328125
2169,0,15.934422492980957
2169,1,14.625694274902344
2169,2,14.154740333557129
2169,3,15.702604293823242
2169,4,15.622615814208984
2170,0,6.387293338775635
2170,1,7.501307487487793
2170,2,6.365980625152588
2170,3,5.978076934814453
2170,4,6.384799003601074
2171,0,15.14973258972168
2171,1,14.186511993408203
2171,2,14.248909950256348
2171,3,15.198336601257324
2171,4,15.84080696105957
2172,0,6.869467735290527
2172,1,9.712224960327148
2172,2,7.405379295349121
2172,3,7.661705017089844
2172,4,7.210848808288574
2173,0,11.077471733093262
2173,1,2.4378859996795654
2173,2,5.706208229064941
2173,3,11.536053657531738
2173,4,12.668506622314453
2174,0,10.512828826904297
2174,1,11.082897186279297
2174,2,10.795531272888184
2174,3,10.320560455322266
2174,4,10.4304838180542
2175,0,14.861677169799805
2175,1,15.684101104736328
2175,2,15.993325233459473
2175,3,14.579455375671387
2175,4,15.128905296325684
2176,0,14.645480155944824
2176,1,15.316964149475098
2176,2,14.769707679748535
2176,3,13.852724075317383
2176,4,14.563701629638672
2177,0,7.069834232330322
2177,1,9.945257186889648
2177,2,8.675868034362793
2177,3,5.932860374450684
2177,4,8.001124382019043
2178,0,11.408522605895996
2178,1,10.904312133789062
2178,2,9.49973201751709
2178,3,9.25690746307373
2178,4,11.21211051940918
2179,0,10.248526573181152
2179,1,9.799817085266113
2179,2,10.707866668701172
2179,3,10.889081954956055
2179,4,11.978713035583496
2180,0,10.088696479797363
2180,1,9.589111328125
2180,2,9.199158668518066
2180,3,7.7406182289123535
2180,4,10.560909271240234
2181,0,8.059935569763184
2181,1,12.018834114074707
2181,2,10.825579643249512
2181,3,11.606260299682617
2181,4,8.590636253356934
2182,0,9.031794548034668
2182,1,10.705479621887207
2182,2,10.426106452941895
2182,3,8.918072700500488
2182,4,8.472121238708496
2183,0,5.896160125732422
2183,1,12.767319679260254
2183,2,12.26786994934082
2183,3,8.852866172790527
2183,4,11.757450103759766
2184,0,9.757022857666016
2184,1,8.448984146118164
2184,2,10.224401473999023
2184,3,9.25782299041748
2184,4,9.595480918884277
2185,0,11.877913475036621
2185,1,10.302371978759766
2185,2,10.427483558654785
2185,3,10.78678035736084
2185,4,10.683629989624023
2186,0,8.852633476257324
2186,1,11.894095420837402
2186,2,10.678576469421387
2186,3,8.685696601867676
2186,4,9.175134658813477
2187,0,9.124273300170898
2187,1,9.397439002990723
2187,2,9.822322845458984
2187,3,8.323314666748047
2187,4,9.743345260620117
2188,0,7.13671350479126
2188,1,9.185617446899414
2188,2,8.553817749023438
2188,3,6.1505842208862305
2188,4,8.299846649169922
2189,0,14.886945724487305
2189,1,15.511146545410156
2189,2,15.349334716796875
2189,3,15.517077445983887
2189,4,14.433266639709473
2190,0,16.05888557434082
2190,1,15.676664352416992
2190,2,15.79396915435791
2190,3,15.656129837036133
2190,4,16.08021354675293
2191,0,5.986900806427002
2191,1,8.81491756439209
2191,2,9.023937225341797
2191,3,6.735389232635498
2191,4,6.120012283325195
2192,0,13.358383178710938
2192,1,13.501830101013184
2192,2,12.933124542236328
2192,3,13.14061164855957
2192,4,13.338403701782227
2193,0,13.91258430480957
2193,1,14.00259017944336
2193,2,14.505828857421875
2193,3,13.66761589050293
2193,4,13.503365516662598
2194,0,9.019152641296387
2194,1,10.739789009094238
2194,2,11.493525505065918
2194,3,9.794443130493164
2194,4,10.537879943847656
2195,0,10.8901948928833
2195,1,12.455843925476074
2195,2,12.306766510009766
2195,3,10.296907424926758
2195,4,10.865236282348633
2196,0,13.994837760925293
2196,1,14.786623001098633
2196,2,14.945721626281738
2196,3,14.162345886230469
2196,4,13.890440940856934
2197,0,10.801066398620605
2197,1,12.42426872253418
2197,2,12.834482192993164
2197,3,10.06667423248291
2197,4,11.46457576751709
2198,0,10.779287338256836
2198,1,8.68355655670166
2198,2,9.506441116333008
2198,3,10.930952072143555
2198,4,11.171136856079102
2199,0,12.803503036499023
2199,1,12.562180519104004
2199,2,13.18536376953125
2199,3,12.33299446105957
2199,4,13.172018051147461
2200,0,12.120711326599121
2200,1,8.607903480529785
2200,2,9.501084327697754
2200,3,12.490570068359375
2200,4,14.102754592895508
2201,0,7.764540672302246
2201,1,7.009183883666992
2201,2,7.6677751541137695
2201,3,6.689367771148682
2201,4,7.546510696411133
2202,0,10.018624305725098
2202,1,11.861095428466797
2202,2,12.35293197631836
2202,3,8.594461441040039
2202,4,10.758919715881348
2203,0,13.098041534423828
2203,1,13.389764785766602
2203,2,14.65287971496582
2203,3,12.774994850158691
2203,4,12.927084922790527
2204,0,13.503181457519531
2204,1,14.036166191101074
2204,2,14.723522186279297
2204,3,12.063968658447266
2204,4,12.722423553466797
2205,0,11.981828689575195
2205,1,13.8486909866333
2205,2,12.9020357131958
2205,3,11.766067504882812
2205,4,11.272932052612305
2206,0,10.121539115905762
2206,1,11.994169235229492
2206,2,11.291482925415039
2206,3,10.42630386352539
2206,4,10.625293731689453
2207,0,13.381370544433594
2207,1,13.628143310546875
2207,2,12.712028503417969
2207,3,12.601717948913574
2207,4,13.121085166931152
2208,0,14.286808013916016
2208,1,14.164437294006348
2208,2,14.192790031433105
2208,3,14.303327560424805
2208,4,14.30427360534668
2209,0,7.932213306427002
2209,1,10.737099647521973
2209,2,10.83828353881836
2209,3,8.14358901977539
2209,4,7.094633102416992
2210,0,5.067004680633545
2210,1,6.331149101257324
2210,2,4.704031944274902
2210,3,4.0162353515625
2210,4,4.277759075164795
2211,0,11.692693710327148
2211,1,11.920344352722168
2211,2,12.86966323852539
2211,3,10.140335083007812
2211,4,10.697260856628418
2212,0,8.791135787963867
2212,1,10.598447799682617
2212,2,11.4104642868042
2212,3,7.808253765106201
2212,4,9.03286361694336
2213,0,5.301462173461914
2213,1,6.716770648956299
2213,2,6.830550193786621
2213,3,9.084234237670898
2213,4,4.1196064949035645
2214,0,9.292572021484375
2214,1,10.912972450256348
2214,2,10.866249084472656
2214,3,9.169546127319336
2214,4,9.284195899963379
2215,0,9.760701179504395
2215,1,9.391858100891113
2215,2,9.828250885009766
2215,3,9.340239524841309
2215,4,9.968841552734375
2216,0,10.974620819091797
2216,1,10.988845825195312
2216,2,11.487977981567383
2216,3,11.5419282913208
2216,4,11.317521095275879
2217,0,15.247244834899902
2217,1,15.42914867401123
2217,2,14.72436809539795
2217,3,15.271943092346191
2217,4,15.20967960357666
2218,0,8.900341033935547
2218,1,8.230401039123535
2218,2,4.599327087402344
2218,3,7.743455410003662
2218,4,9.892901420593262
2219,0,15.339999198913574
2219,1,15.372527122497559
2219,2,15.228922843933105
2219,3,15.695042610168457
2219,4,15.482230186462402
2220,0,14.688879013061523
2220,1,14.188861846923828
2220,2,14.844189643859863
2220,3,14.353545188903809
2220,4,14.404471397399902
2221,0,13.347766876220703
2221,1,12.828377723693848
2221,2,14.035082817077637
2221,3,12.55841064453125
2221,4,13.67710018157959
2222,0,14.213720321655273
2222,1,12.39334774017334
2222,2,12.739057540893555
2222,3,13.093220710754395
2222,4,12.557716369628906
2223,0,7.001027584075928
2223,1,9.85181713104248
2223,2,12.613133430480957
2223,3,6.902507781982422
2223,4,7.279683589935303
2224,0,7.8807525634765625
2224,1,13.160295486450195
2224,2,12.111981391906738
2224,3,9.062037467956543
2224,4,7.916835308074951
2225,0,5.7817206382751465
2225,1,5.181910037994385
2225,2,4.502803325653076
2225,3,5.438967704772949
2225,4,5.035956859588623
2226,0,9.028173446655273
2226,1,8.560297966003418
2226,2,9.743762969970703
2226,3,9.000253677368164
2226,4,9.569901466369629
2227,0,11.07656192779541
2227,1,11.428224563598633
2227,2,11.086562156677246
2227,3,11.408679962158203
2227,4,10.357422828674316
2228,0,-6.076171875
2228,1,8.777183532714844
2228,2,9.123725891113281
2228,3,7.517572402954102
2228,4,-5.866780757904053
2229,0,9.086405754089355
2229,1,7.549508571624756
2229,2,8.48569393157959
2229,3,9.253117561340332
2229,4,8.941632270812988
2230,0,13.405228614807129
2230,1,14.779167175292969
2230,2,14.68545913696289
2230,3,12.936107635498047
2230,4,13.520109176635742
2231,0,9.911922454833984
2231,1,11.558128356933594
2231,2,11.076092720031738
2231,3,10.923015594482422
2231,4,11.867708206176758
2232,0,12.281624794006348
2232,1,14.192057609558105
2232,2,14.096307754516602
2232,3,12.7332181930542
2232,4,12.964302062988281
2233,0,3.1061723232269287
2233,1,3.435277223587036
2233,2,0.6620537042617798
2233,3,-2.8502564430236816
2233,4,4.209902286529541
2234,0,11.557605743408203
2234,1,13.858039855957031
2234,2,13.382259368896484
2234,3,11.191401481628418
2234,4,11.618967056274414
2235,0,14.476004600524902
2235,1,14.524738311767578
2235,2,13.179619789123535
2235,3,14.666293144226074
2235,4,14.374955177307129
2236,0,6.898474216461182
2236,1,8.429694175720215
2236,2,8.165688514709473
2236,3,6.642505645751953
2236,4,7.054137706756592
2237,0,6.4384989738464355
2237,1,6.0180134773254395
2237,2,6.712497711181641
2237,3,6.421971797943115
2237,4,6.373502731323242
2238,0,8.249485969543457
2238,1,10.385079383850098
2238,2,11.18344497680664
2238,3,8.62374496459961
2238,4,8.202775955200195
2239,0,11.846601486206055
2239,1,13.632933616638184
2239,2,14.911904335021973
2239,3,11.714795112609863
2239,4,12.392433166503906
2240,0,6.505852222442627
2240,1,6.184893608093262
2240,2,6.421913146972656
2240,3,5.282158374786377
2240,4,6.737671852111816
2241,0,8.339530944824219
2241,1,7.9608378410339355
2241,2,7.979819297790527
2241,3,6.843202590942383
2241,4,8.352887153625488
2242,0,10.79038143157959
2242,1,11.92535400390625
2242,2,11.541065216064453
2242,3,11.313250541687012
2242,4,9.813395500183105
2243,0,1.0425975322723389
2243,1,5.987078666687012
2243,2,7.5760674476623535
2243,3,0.6842111349105835
2243,4,2.5031044483184814
2244,0,9.771918296813965
2244,1,11.650415420532227
2244,2,7.817998886108398
2244,3,9.663473129272461
2244,4,10.150240898132324
2245,0,11.16459846496582
2245,1,11.224686622619629
2245,2,10.179287910461426
2245,3,11.434833526611328
2245,4,11.633773803710938
2246,0,8.546361923217773
2246,1,9.041669845581055
2246,2,6.342411994934082
2246,3,7.896657943725586
2246,4,8.297745704650879
2247,0,12.264299392700195
2247,1,12.596521377563477
2247,2,12.793159484863281
2247,3,11.12764835357666
2247,4,11.991606712341309
2248,0,12.042181968688965
2248,1,10.845267295837402
2248,2,11.363259315490723
2248,3,11.252655029296875
2248,4,12.145020484924316
2249,0,12.002092361450195
2249,1,12.496574401855469
2249,2,12.516916275024414
2249,3,11.241414070129395
2249,4,13.089051246643066
2250,0,9.520298957824707
2250,1,9.683465003967285
2250,2,10.566916465759277
2250,3,8.053789138793945
2250,4,9.745820999145508
2251,0,12.506879806518555
2251,1,11.90204906463623
2251,2,12.057988166809082
2251,3,11.220572471618652
2251,4,12.355234146118164
2252,0,11.898923873901367
2252,1,12.218461990356445
2252,2,12.64752197265625
2252,3,11.688604354858398
2252,4,12.581343650817871
2253,0,12.202018737792969
2253,1,11.923356056213379
2253,2,12.026468276977539
2253,3,12.3303804397583
2253,4,11.871881484985352
2254,0,8.64460277557373
2254,1,10.564297676086426
2254,2,10.490598678588867
2254,3,8.523701667785645
2254,4,9.229844093322754
2255,0,11.384435653686523
2255,1,12.573826789855957
2255,2,12.187268257141113
2255,3,11.568462371826172
2255,4,11.746562957763672
2256,0,9.272829055786133
2256,1,9.184968948364258
2256,2,9.72027587890625
2256,3,8.965022087097168
2256,4,8.774353981018066
2257,0,9.741790771484375
2257,1,10.975605964660645
2257,2,11.082977294921875
2257,3,9.740423202514648
2257,4,9.613791465759277
2258,0,11.173151969909668
2258,1,10.901780128479004
2258,2,10.558478355407715
2258,3,9.222132682800293
2258,4,10.820221900939941
2259,0,16.04729461669922
2259,1,15.990015029907227
2259,2,16.02379035949707
2259,3,15.917848587036133
2259,4,16.077693939208984
2260,0,7.5809807777404785
2260,1,8.708900451660156
2260,2,9.943861961364746
2260,3,7.249080181121826
2260,4,7.572368144989014
2261,0,8.605056762695312
2261,1,7.873741626739502
2261,2,11.930201530456543
2261,3,4.54526424407959
2261,4,10.439269065856934
2262,0,9.609152793884277
2262,1,11.176838874816895
2262,2,10.028717041015625
2262,3,10.40067195892334
2262,4,9.826537132263184
2263,0,7.511382579803467
2263,1,13.98541259765625
2263,2,11.64076042175293
2263,3,9.293956756591797
2263,4,8.829529762268066
2264,0,14.349373817443848
2264,1,11.476846694946289
2264,2,14.84511947631836
2264,3,14.185110092163086
2264,4,14.305819511413574
2265,0,3.780195951461792
2265,1,5.84287166595459
2265,2,7.449637413024902
2265,3,2.211939573287964
2265,4,4.264500141143799
2266,0,13.48837661743164
2266,1,12.562767028808594
2266,2,12.369361877441406
2266,3,14.318243980407715
2266,4,14.094644546508789
2267,0,10.303460121154785
2267,1,10.281464576721191
2267,2,9.738713264465332
2267,3,10.593034744262695
2267,4,9.69050407409668
2268,0,9.22567367553711
2268,1,12.48570442199707
2268,2,11.881515502929688
2268,3,9.277857780456543
2268,4,9.215554237365723
2269,0,13.387874603271484
2269,1,13.78382682800293
2269,2,14.637348175048828
2269,3,10.388045310974121
2269,4,13.97057056427002
2270,0,9.455551147460938
2270,1,10.176029205322266
2270,2,9.879362106323242
2270,3,6.764055252075195
2270,4,10.506972312927246
2271,0,12.981972694396973
2271,1,14.624515533447266
2271,2,14.026776313781738
2271,3,13.658136367797852
2271,4,12.858997344970703
2272,0,9.068341255187988
2272,1,10.614535331726074
2272,2,10.597293853759766
2272,3,9.092193603515625
2272,4,9.833219528198242
2273,0,7.737125396728516
2273,1,3.108311653137207
2273,2,4.300360202789307
2273,3,6.87912654876709
2273,4,7.677577972412109
2274,0,10.741363525390625
2274,1,12.408781051635742
2274,2,14.566545486450195
2274,3,11.390229225158691
2274,4,10.370335578918457
2275,0,10.349457740783691
2275,1,11.237173080444336
2275,2,11.486433982849121
2275,3,9.55627727508545
2275,4,10.68321704864502
2276,0,6.877768039703369
2276,1,7.998073577880859
2276,2,9.8489408493042
2276,3,7.449352264404297
2276,4,7.155609130859375
2277,0,6.577001571655273
2277,1,6.997772216796875
2277,2,7.811407089233398
2277,3,6.611708164215088
2277,4,6.248349189758301
2278,0,15.012702941894531
2278,1,14.772112846374512
2278,2,14.436287879943848
2278,3,14.35599136352539
2278,4,15.249055862426758
2279,0,6.872902870178223
2279,1,12.528014183044434
2279,2,8.722664833068848
2279,3,9.75761890411377
2279,4,8.631668090820312
2280,0,11.164862632751465
2280,1,11.70719051361084
2280,2,12.804891586303711
2280,3,10.76396656036377
2280,4,10.489013671875
2281,0,8.058588027954102
2281,1,6.573559761047363
2281,2,7.9246826171875
2281,3,8.036578178405762
2281,4,8.080025672912598
2282,0,14.272238731384277
2282,1,14.512718200683594
2282,2,14.520813941955566
2282,3,14.041006088256836
2282,4,14.191947937011719
2283,0,11.609703063964844
2283,1,11.847591400146484
2283,2,11.629057884216309
2283,3,10.166876792907715
2283,4,12.080053329467773
2284,0,5.1531853675842285
2284,1,6.038488864898682
2284,2,7.181427478790283
2284,3,5.1706109046936035
2284,4,5.2893595695495605
2285,0,7.963757514953613
2285,1,8.624214172363281
2285,2,7.097513675689697
2285,3,7.373999118804932
2285,4,8.514731407165527
2286,0,12.218437194824219
2286,1,13.042855262756348
2286,2,13.320724487304688
2286,3,12.150545120239258
2286,4,12.454039573669434
2287,0,8.771465301513672
2287,1,9.105391502380371
2287,2,9.415984153747559
2287,3,8.009270668029785
2287,4,8.440767288208008
2288,0,11.25831413269043
2288,1,11.0708646774292
2288,2,13.13789176940918
2288,3,10.838908195495605
2288,4,10.5828275680542
2289,0,13.848434448242188
2289,1,14.25572681427002
2289,2,15.19640827178955
2289,3,14.601152420043945
2289,4,14.98651123046875
2290,0,11.34525203704834
2290,1,12.562198638916016
2290,2,12.101960182189941
2290,3,11.48536205291748
2290,4,11.763952255249023
2291,0,9.222966194152832
2291,1,10.12267017364502
2291,2,9.555063247680664
2291,3,8.076677322387695
2291,4,10.485013008117676
2292,0,13.549513816833496
2292,1,12.685094833374023
2292,2,13.344806671142578
2292,3,13.528024673461914
2292,4,14.070378303527832
2293,0,11.825888633728027
2293,1,13.029247283935547
2293,2,12.6068696975708
2293,3,12.090601921081543
2293,4,11.723450660705566
2294,0,11.522953033447266
2294,1,10.89620304107666
2294,2,11.80707836151123
2294,3,11.657942771911621
2294,4,12.192460060119629
2295,0,8.282572746276855
2295,1,8.845382690429688
2295,2,9.192133903503418
2295,3,8.385854721069336
2295,4,8.495017051696777
2296,0,9.509295463562012
2296,1,8.537543296813965
2296,2,8.42737865447998
2296,3,2.717740535736084
2296,4,10.307661056518555
2297,0,12.635038375854492
2297,1,10.900179862976074
2297,2,11.302343368530273
2297,3,13.126745223999023
2297,4,13.140020370483398
2298,0,10.903911590576172
2298,1,10.206672668457031
2298,2,11.472933769226074
2298,3,7.76228141784668
2298,4,10.603838920593262
2299,0,13.428893089294434
2299,1,14.40861701965332
2299,2,14.036989212036133
2299,3,13.057101249694824
2299,4,13.187695503234863
2300,0,8.841598510742188
2300,1,10.268128395080566
2300,2,10.578761100769043
2300,3,8.827341079711914
2300,4,9.258514404296875
2301,0,11.085478782653809
2301,1,11.362103462219238
2301,2,12.17119312286377
2301,3,9.502589225769043
2301,4,11.603259086608887
2302,0,12.4222993850708
2302,1,11.005721092224121
2302,2,11.339245796203613
2302,3,11.20044231414795
2302,4,11.726341247558594
2303,0,6.720104217529297
2303,1,10.667557716369629
2303,2,10.943703651428223
2303,3,6.986147880554199
2303,4,7.537233829498291
2304,0,12.364133834838867
2304,1,10.942615509033203
2304,2,12.08143424987793
2304,3,12.626973152160645
2304,4,11.841585159301758
2305,0,12.846129417419434
2305,1,10.960412979125977
2305,2,10.987407684326172
2305,3,11.703665733337402
2305,4,12.337698936462402
2306,0,9.617284774780273
2306,1,9.689077377319336
2306,2,9.573697090148926
2306,3,6.7047271728515625
2306,4,8.93809700012207
2307,0,11.078733444213867
2307,1,13.845846176147461
2307,2,13.131853103637695
2307,3,12.016148567199707
2307,4,10.451553344726562
2308,0,7.884267330169678
2308,1,7.396695613861084
2308,2,9.154464721679688
2308,3,7.319706916809082
2308,4,7.6805033683776855
2309,0,8.053742408752441
2309,1,7.493153095245361
2309,2,8.425006866455078
2309,3,6.519510746002197
2309,4,8.463007926940918
2310,0,9.621679306030273
2310,1,9.922638893127441
2310,2,11.118081092834473
2310,3,9.77299690246582
2310,4,9.26479434967041
2311,0,9.581108093261719
2311,1,10.836932182312012
2311,2,8.9723539352417
2311,3,9.25090503692627
2311,4,8.27296257019043
2312,0,13.217267036437988
2312,1,15.269753456115723
2312,2,15.481389045715332
2312,3,12.706364631652832
2312,4,12.002946853637695
2313,0,12.4083890914917
2313,1,11.8993501663208
2313,2,12.571776390075684
2313,3,11.329231262207031
2313,4,12.49966049194336
2314,0,15.92870044708252
2314,1,14.459921836853027
2314,2,14.59023666381836
2314,3,15.610346794128418
2314,4,15.3336763381958
2315,0,3.279459238052368
2315,1,2.9663851261138916
2315,2,3.7726287841796875
2315,3,2.315969944000244
2315,4,2.822331190109253
2316,0,8.978165626525879
2316,1,7.826999664306641
2316,2,10.18642807006836
2316,3,8.348830223083496
2316,4,9.510279655456543
2317,0,10.196333885192871
2317,1,9.975526809692383
2317,2,9.16545295715332
2317,3,9.336383819580078
2317,4,10.282093048095703
2318,0,12.47050666809082
2318,1,11.62100601196289
2318,2,11.378151893615723
2318,3,12.137398719787598
2318,4,12.687004089355469
2319,0,13.471722602844238
2319,1,12.900083541870117
2319,2,13.867663383483887
2319,3,13.41205883026123
2319,4,13.006065368652344
2320,0,6.893059730529785
2320,1,7.9165167808532715
2320,2,8.46689224243164
2320,3,6.644392967224121
2320,4,7.025268077850342
2321,0,10.309178352355957
2321,1,10.41577434539795
2321,2,9.663318634033203
2321,3,10.280253410339355
2321,4,10.440861701965332
2322,0,11.019001960754395
2322,1,10.055808067321777
2322,2,9.762455940246582
2322,3,7.642343997955322
2322,4,10.046183586120605
2323,0,5.457427501678467
2323,1,7.399059772491455
2323,2,7.8177289962768555
2323,3,2.3398592472076416
2323,4,5.384575366973877
2324,0,9.471580505371094
2324,1,10.967964172363281
2324,2,11.427181243896484
2324,3,9.825678825378418
2324,4,12.730239868164062
2325,0,14.478157043457031
2325,1,13.825756072998047
2325,2,13.360594749450684
2325,3,12.303281784057617
2325,4,13.449801445007324
2326,0,14.35086727142334
2326,1,11.97020149230957
2326,2,12.262018203735352
2326,3,15.53182315826416
2326,4,13.256850242614746
2327,0,9.352265357971191
2327,1,10.179266929626465
2327,2,10.78708267211914
2327,3,9.56126594543457
2327,4,9.776161193847656
2328,0,12.862348556518555
2328,1,12.730419158935547
2328,2,11.950881958007812
2328,3,12.526463508605957
2328,4,12.718235969543457
2329,0,9.281880378723145
2329,1,10.865351676940918
2329,2,10.603856086730957
2329,3,10.56718921661377
2329,4,9.345786094665527
2330,0,12.697921752929688
2330,1,12.538911819458008
2330,2,12.882518768310547
2330,3,13.067395210266113
2330,4,13.402938842773438
2331,0,9.183273315429688
2331,1,9.229403495788574
2331,2,9.001806259155273
2331,3,9.061677932739258
2331,4,9.349030494689941
2332,0,8.38987922668457
2332,1,10.042638778686523
2332,2,9.363579750061035
2332,3,6.958571910858154
2332,4,8.61276626586914
2333,0,7.663088321685791
2333,1,8.109106063842773
2333,2,8.602032661437988
2333,3,7.118927478790283
2333,4,6.9636993408203125
2334,0,13.622357368469238
2334,1,15.23127269744873
2334,2,14.837841987609863
2334,3,13.480260848999023
2334,4,12.439984321594238
2335,0,13.364928245544434
2335,1,14.571820259094238
2335,2,14.764250755310059
2335,3,13.695937156677246
2335,4,13.747529029846191
2336,0,13.855387687683105
2336,1,14.080711364746094
2336,2,13.725467681884766
2336,3,13.537108421325684
2336,4,13.972196578979492
2337,0,10.786439895629883
2337,1,12.428041458129883
2337,2,12.441893577575684
2337,3,10.615567207336426
2337,4,10.81488037109375
2338,0,11.479731559753418
2338,1,12.804158210754395
2338,2,13.048792839050293
2338,3,10.768983840942383
2338,4,11.923018455505371
2339,0,10.720654487609863
2339,1,11.661811828613281
2339,2,12.05697250366211
2339,3,9.98597526550293
2339,4,11.183852195739746
2340,0,5.83162260055542
2340,1,7.275190830230713
2340,2,4.87044620513916
2340,3,6.136669635772705
2340,4,6.048267364501953
2341,0,15.435154914855957
2341,1,14.344285011291504
2341,2,14.629531860351562
2341,3,14.86272144317627
2341,4,15.028984069824219
2342,0,14.889135360717773
2342,1,14.203001022338867
2342,2,14.186551094055176
2342,3,13.75401496887207
2342,4,14.381036758422852
2343,0,14.12420654296875
2343,1,14.207639694213867
2343,2,14.242319107055664
2343,3,13.745718002319336
2343,4,14.046728134155273
2344,0,9.297779083251953
2344,1,9.697771072387695
2344,2,10.004610061645508
2344,3,9.107328414916992
2344,4,9.687034606933594
2345,0,11.570756912231445
2345,1,11.610140800476074
2345,2,11.11260986328125
2345,3,11.147880554199219
2345,4,12.39169979095459
2346,0,14.823823928833008
2346,1,12.984977722167969
2346,2,12.384121894836426
2346,3,13.259300231933594
2346,4,15.55754280090332
2347,0,12.39836597442627
2347,1,12.755389213562012
2347,2,14.00617504119873
2347,3,11.063921928405762
2347,4,12.54953670501709
2348,0,7.129951477050781
2348,1,7.937041282653809
2348,2,8.788348197937012
2348,3,7.244197845458984
2348,4,7.592398643493652
2349,0,13.50951862335205
2349,1,13.011602401733398
2349,2,12.542234420776367
2349,3,12.938471794128418
2349,4,13.649508476257324
2350,0,6.797632694244385
2350,1,8.52882194519043
2350,2,8.499228477478027
2350,3,6.406269073486328
2350,4,8.474153518676758
2351,0,13.505036354064941
2351,1,10.65654182434082
2351,2,9.638315200805664
2351,3,12.333767890930176
2351,4,12.73216438293457
2352,0,13.473889350891113
2352,1,13.689186096191406
2352,2,13.18010425567627
2352,3,13.682305335998535
2352,4,14.283997535705566
2353,0,12.790163040161133
2353,1,13.047162055969238
2353,2,12.97172737121582
2353,3,12.170656204223633
2353,4,13.003595352172852
2354,0,11.71363639831543
2354,1,13.053512573242188
2354,2,13.665433883666992
2354,3,11.892253875732422
2354,4,12.151435852050781
2355,0,13.564403533935547
2355,1,13.909756660461426
2355,2,13.82115364074707
2355,3,14.055461883544922
2355,4,13.954395294189453
2356,0,13.876436233520508
2356,1,14.093599319458008
2356,2,13.634150505065918
2356,3,14.374337196350098
2356,4,14.276577949523926
2357,0,7.721272945404053
2357,1,10.240771293640137
2357,2,9.975397109985352
2357,3,8.09564208984375
2357,4,8.17525863647461
2358,0,13.63504695892334
2358,1,14.125861167907715
2358,2,13.34430980682373
2358,3,14.658648490905762
2358,4,14.038548469543457
2359,0,11.574341773986816
2359,1,9.447251319885254
2359,2,8.895233154296875
2359,3,12.612485885620117
2359,4,12.652375221252441
2360,0,14.205648422241211
2360,1,12.910319328308105
2360,2,13.897891998291016
2360,3,12.99817943572998
2360,4,13.33060073852539
2361,0,7.56016731262207
2361,1,4.917176246643066
2361,2,5.837100982666016
2361,3,7.265721321105957
2361,4,7.355146884918213
2362,0,15.500396728515625
2362,1,15.986001968383789
2362,2,16.043153762817383
2362,3,15.508475303649902
2362,4,15.672348976135254
2363,0,13.951778411865234
2363,1,14.057417869567871
2363,2,13.664339065551758
2363,3,14.15906047821045
2363,4,14.528169631958008
2364,0,8.564534187316895
2364,1,7.946394920349121
2364,2,8.628128051757812
2364,3,6.9175615310668945
2364,4,9.048673629760742
2365,0,9.055110931396484
2365,1,11.323884963989258
2365,2,11.463284492492676
2365,3,9.003653526306152
2365,4,9.189725875854492
2366,0,9.198139190673828
2366,1,11.285575866699219
2366,2,13.436684608459473
2366,3,10.741281509399414
2366,4,9.774584770202637
2367,0,11.796835899353027
2367,1,13.005887985229492
2367,2,11.95445442199707
2367,3,11.65246295928955
2367,4,11.563613891601562
2368,0,11.483202934265137
2368,1,11.519227981567383
2368,2,9.664252281188965
2368,3,9.8516263961792
2368,4,9.213882446289062
2369,0,9.896275520324707
2369,1,9.979157447814941
2369,2,9.67878532409668
2369,3,8.958868026733398
2369,4,8.66928482055664
2370,0,9.8367919921875
2370,1,8.19674301147461
2370,2,7.816189289093018
2370,3,9.712309837341309
2370,4,9.603190422058105
2371,0,13.371818542480469
2371,1,13.981380462646484
2371,2,14.423770904541016
2371,3,12.299962043762207
2371,4,12.482695579528809
2372,0,9.796778678894043
2372,1,8.783723831176758
2372,2,8.972611427307129
2372,3,10.129199028015137
2372,4,10.244197845458984
2373,0,9.042322158813477
2373,1,10.355029106140137
2373,2,11.284085273742676
2373,3,8.552506446838379
2373,4,10.027953147888184
2374,0,10.018939971923828
2374,1,10.837604522705078
2374,2,10.833486557006836
2374,3,10.898703575134277
2374,4,10.653993606567383
2375,0,10.964603424072266
2375,1,12.128941535949707
2375,2,13.248452186584473
2375,3,11.74756908416748
2375,4,11.596699714660645
2376,0,13.695869445800781
2376,1,10.194457054138184
2376,2,8.704930305480957
2376,3,12.170087814331055
2376,4,13.584866523742676
2377,0,12.377243995666504
2377,1,10.015460968017578
2377,2,9.684470176696777
2377,3,12.525971412658691
2377,4,10.219287872314453
2378,0,9.012842178344727
2378,1,12.286027908325195
2378,2,11.95570182800293
2378,3,8.73184585571289
2378,4,9.612202644348145
2379,0,14.577106475830078
2379,1,14.561697959899902
2379,2,15.212878227233887
2379,3,14.16167163848877
2379,4,14.385005950927734
2380,0,6.5548834800720215
2380,1,7.935543060302734
2380,2,9.811508178710938
2380,3,6.876428127288818
2380,4,6.891700267791748
2381,0,13.491447448730469
2381,1,15.514981269836426
2381,2,15.316484451293945
2381,3,13.81084156036377
2381,4,14.41222858428955
2382,0,11.160806655883789
2382,1,11.186163902282715
2382,2,11.594115257263184
2382,3,10.679776191711426
2382,4,10.854866027832031
2383,0,8.233314514160156
2383,1,13.073189735412598
2383,2,14.079318046569824
2383,3,10.449831008911133
2383,4,9.222570419311523
2384,0,8.967844009399414
2384,1,9.560080528259277
2384,2,11.240015029907227
2384,3,9.318821907043457
2384,4,9.280250549316406
2385,0,11.295458793640137
2385,1,11.567100524902344
2385,2,12.690301895141602
2385,3,11.789898872375488
2385,4,11.646318435668945
2386,0,13.656905174255371
2386,1,13.830451011657715
2386,2,13.639155387878418
2386,3,12.905858039855957
2386,4,13.226078987121582
2387,0,11.797378540039062
2387,1,11.013134956359863
2387,2,11.373841285705566
2387,3,10.598589897155762
2387,4,12.080463409423828
2388,0,9.355018615722656
2388,1,9.212187767028809
2388,2,9.274629592895508
2388,3,7.44364070892334
2388,4,8.579483985900879
2389,0,7.427472114562988
2389,1,9.49393367767334
2389,2,10.795337677001953
2389,3,8.545012474060059
2389,4,8.590821266174316
2390,0,12.97335433959961
2390,1,14.735493659973145
2390,2,14.308674812316895
2390,3,13.722799301147461
2390,4,13.373004913330078
2391,0,6.277653694152832
2391,1,6.1047258377075195
2391,2,6.8077216148376465
2391,3,6.43016242980957
2391,4,6.698542594909668
2392,0,11.920166969299316
2392,1,12.115095138549805
2392,2,12.0020112991333
2392,3,11.931533813476562
2392,4,11.733158111572266
2393,0,14.12842082977295
2393,1,14.422075271606445
2393,2,14.415372848510742
2393,3,14.92020320892334
2393,4,15.694360733032227
2394,0,7.643372058868408
2394,1,10.29411792755127
2394,2,9.864294052124023
2394,3,8.424635887145996
2394,4,7.183108806610107
2395,0,13.576485633850098
2395,1,13.47567367553711
2395,2,13.885637283325195
2395,3,12.193421363830566
2395,4,13.220810890197754
2396,0,8.415371894836426
2396,1,11.49080753326416
2396,2,11.160765647888184
2396,3,9.773478507995605
2396,4,9.74769401550293
2397,0,10.641948699951172
2397,1,11.785305976867676
2397,2,11.995747566223145
2397,3,7.05677604675293
2397,4,11.308140754699707
2398,0,10.179520606994629
2398,1,11.325338363647461
2398,2,12.113070487976074
2398,3,10.284990310668945
2398,4,10.388507843017578
2399,0,13.763054847717285
2399,1,14.516989707946777
2399,2,15.12618350982666
2399,3,13.23269271850586
2399,4,13.912346839904785
2400,0,11.194281578063965
2400,1,11.128494262695312
2400,2,10.687918663024902
2400,3,10.947436332702637
2400,4,11.146807670593262
2401,0,9.636302947998047
2401,1,10.814899444580078
2401,2,10.830305099487305
2401,3,10.937871932983398
2401,4,10.084285736083984
2402,0,0.12373556196689606
2402,1,10.21674919128418
2402,2,10.184576988220215
2402,3,1.3149487972259521
2402,4,2.8479485511779785
2403,0,11.014761924743652
2403,1,11.864593505859375
2403,2,11.190974235534668
2403,3,10.58969783782959
2403,4,11.261935234069824
2404,0,9.471367835998535
2404,1,8.272727966308594
2404,2,9.542903900146484
2404,3,8.208237648010254
2404,4,9.646738052368164
2405,0,11.747560501098633
2405,1,13.096698760986328
2405,2,12.914243698120117
2405,3,11.708864212036133
2405,4,11.604888916015625
2406,0,8.847091674804688
2406,1,9.588077545166016
2406,2,9.991349220275879
2406,3,8.007658958435059
2406,4,8.87926959991455
2407,0,7.920609474182129
2407,1,10.793625831604004
2407,2,10.684099197387695
2407,3,9.753291130065918
2407,4,6.820150852203369
2408,0,10.800605773925781
2408,1,10.329309463500977
2408,2,11.045276641845703
2408,3,9.156291007995605
2408,4,10.454302787780762
2409,0,11.144010543823242
2409,1,12.440505981445312
2409,2,14.103914260864258
2409,3,10.7775239944458
2409,4,11.919084548950195
2410,0,10.823416709899902
2410,1,9.916807174682617
2410,2,10.885910987854004
2410,3,9.95893383026123
2410,4,11.23398494720459
2411,0,10.140451431274414
2411,1,10.085226058959961
2411,2,10.518709182739258
2411,3,10.605914115905762
2411,4,10.161218643188477
2412,0,8.507644653320312
2412,1,9.217862129211426
2412,2,9.228404998779297
2412,3,8.400923728942871
2412,4,8.584112167358398
2413,0,10.27723217010498
2413,1,11.129034042358398
2413,2,11.371331214904785
2413,3,9.6941499710083
2413,4,10.90599536895752
2414,0,12.433350563049316
2414,1,14.08895492553711
2414,2,14.619226455688477
2414,3,12.156309127807617
2414,4,13.617179870605469
2415,0,12.896010398864746
2415,1,10.324237823486328
2415,2,12.183915138244629
2415,3,12.140575408935547
2415,4,12.517532348632812
2416,0,10.724599838256836
2416,1,11.87630844116211
2416,2,11.9380464553833
2416,3,10.496511459350586
2416,4,11.177202224731445
2417,0,9.825627326965332
2417,1,10.793886184692383
2417,2,12.002848625183105
2417,3,10.046392440795898
2417,4,10.00222110748291
2418,0,8.404562950134277
2418,1,8.63923454284668
2418,2,8.252050399780273
2418,3,7.785019874572754
2418,4,7.804750919342041
2419,0,12.000337600708008
2419,1,10.419913291931152
2419,2,11.108017921447754
2419,3,11.224747657775879
2419,4,11.052810668945312
2420,0,12.548201560974121
2420,1,12.46895694732666
2420,2,12.556205749511719
2420,3,10.656316757202148
2420,4,12.513321876525879
2421,0,9.378426551818848
2421,1,9.292627334594727
2421,2,10.481681823730469
2421,3,9.383193969726562
2421,4,9.773774147033691
2422,0,12.634907722473145
2422,1,14.163414001464844
2422,2,13.457329750061035
2422,3,13.257415771484375
2422,4,12.766753196716309
2423,0,10.198190689086914
2423,1,10.471301078796387
2423,2,9.166987419128418
2423,3,10.441455841064453
2423,4,9.675488471984863
2424,0,12.48839282989502
2424,1,11.453997611999512
2424,2,10.359277725219727
2424,3,12.551143646240234
2424,4,11.98438549041748
2425,0,10.293845176696777
2425,1,9.7818021774292
2425,2,11.106864929199219
2425,3,8.683629035949707
2425,4,10.020466804504395
2426,0,10.895777702331543
2426,1,7.482631206512451
2426,2,8.345609664916992
2426,3,10.84842586517334
2426,4,11.134576797485352
2427,0,11.391013145446777
2427,1,11.327115058898926
2427,2,8.63832950592041
2427,3,10.788372993469238
2427,4,11.641823768615723
2428,0,8.922664642333984
2428,1,13.038300514221191
2428,2,13.552653312683105
2428,3,9.952899932861328
2428,4,8.8861722946167
2429,0,6.994303226470947
2429,1,7.953204154968262
2429,2,6.74894905090332
2429,3,7.967013835906982
2429,4,7.194028377532959
2430,0,11.493858337402344
2430,1,9.69522476196289
2430,2,9.411787986755371
2430,3,9.952126502990723
2430,4,12.532586097717285
2431,0,14.104248046875
2431,1,12.883176803588867
2431,2,13.919299125671387
2431,3,14.329080581665039
2431,4,14.05282974243164
2432,0,12.185385704040527
2432,1,12.50189208984375
2432,2,13.054370880126953
2432,3,12.181326866149902
2432,4,12.445894241333008
2433,0,15.205084800720215
2433,1,12.643013000488281
2433,2,13.418343544006348
2433,3,13.527114868164062
2433,4,15.70604419708252
2434,0,13.459962844848633
2434,1,13.968153953552246
2434,2,14.084885597229004
2434,3,13.488999366760254
2434,4,13.23266315460205
2435,0,14.795050621032715
2435,1,13.012024879455566
2435,2,13.539471626281738
2435,3,14.964710235595703
2435,4,14.732989311218262
2436,0,10.783246994018555
2436,1,10.613408088684082
2436,2,10.494641304016113
2436,3,11.31900405883789
2436,4,10.708282470703125
2437,0,9.356210708618164
2437,1,10.538887977600098
2437,2,9.474102020263672
2437,3,9.047261238098145
2437,4,8.015148162841797
2438,0,10.980663299560547
2438,1,13.10191822052002
2438,2,13.14460277557373
2438,3,12.818307876586914
2438,4,12.0151948928833
2439,0,11.142962455749512
2439,1,11.829380989074707
2439,2,11.030107498168945
2439,3,11.294129371643066
2439,4,10.006024360656738
2440,0,8.69137191772461
2440,1,11.032129287719727
2440,2,9.834098815917969
2440,3,8.718451499938965
2440,4,9.636173248291016
2441,0,8.184123039245605
2441,1,7.536545753479004
2441,2,8.237556457519531
2441,3,8.091702461242676
2441,4,8.159749031066895
2442,0,12.126716613769531
2442,1,11.835705757141113
2442,2,12.275934219360352
2442,3,11.095999717712402
2442,4,12.289956092834473
2443,0,8.16845703125
2443,1,8.845697402954102
2443,2,7.503202438354492
2443,3,4.996412754058838
2443,4,8.018967628479004
2444,0,9.988508224487305
2444,1,12.050199508666992
2444,2,11.280014038085938
2444,3,9.12299633026123
2444,4,10.56056022644043
2445,0,12.91206169128418
2445,1,13.509121894836426
2445,2,12.59327220916748
2445,3,12.419393539428711
2445,4,13.454493522644043
2446,0,10.141631126403809
2446,1,12.501092910766602
2446,2,13.227630615234375
2446,3,10.26839828491211
2446,4,10.017845153808594
2447,0,13.349096298217773
2447,1,13.492216110229492
2447,2,13.852972030639648
2447,3,12.664812088012695
2447,4,13.416627883911133
2448,0,10.889162063598633
2448,1,10.224380493164062
2448,2,10.515382766723633
2448,3,9.414127349853516
2448,4,11.485873222351074
2449,0,7.387259483337402
2449,1,9.204052925109863
2449,2,10.05268383026123
2449,3,8.799931526184082
2449,4,8.416647911071777
2450,0,7.5232930183410645
2450,1,8.364555358886719
2450,2,8.569043159484863
2450,3,7.891129970550537
2450,4,7.64794397354126
2451,0,11.285662651062012
2451,1,12.82496166229248
2451,2,12.780862808227539
2451,3,11.442852973937988
2451,4,11.277692794799805
2452,0,11.56086254119873
2452,1,13.432924270629883
2452,2,13.494878768920898
2452,3,11.151572227478027
2452,4,5.637448787689209
2453,0,12.861775398254395
2453,1,12.318977355957031
2453,2,11.929057121276855
2453,3,12.315093994140625
2453,4,12.929885864257812
2454,0,10.967424392700195
2454,1,11.96532917022705
2454,2,11.350441932678223
2454,3,9.879877090454102
2454,4,11.123412132263184
2455,0,10.531262397766113
2455,1,8.717761039733887
2455,2,8.965559959411621
2455,3,9.742677688598633
2455,4,10.133366584777832
2456,0,12.768036842346191
2456,1,13.857575416564941
2456,2,14.301459312438965
2456,3,11.708047866821289
2456,4,13.662821769714355
2457,0,13.705187797546387
2457,1,14.925541877746582
2457,2,15.078075408935547
2457,3,13.893377304077148
2457,4,14.010720252990723
2458,0,8.601495742797852
2458,1,10.375693321228027
2458,2,11.002344131469727
2458,3,8.484074592590332
2458,4,8.095687866210938
2459,0,13.370002746582031
2459,1,13.430087089538574
2459,2,13.702877044677734
2459,3,13.080830574035645
2459,4,13.107804298400879
2460,0,12.227263450622559
2460,1,11.039891242980957
2460,2,5.840400695800781
2460,3,10.368255615234375
2460,4,12.711028099060059
2461,0,9.749321937561035
2461,1,9.832603454589844
2461,2,10.26956558227539
2461,3,9.6416597366333
2461,4,9.616438865661621
2462,0,11.768775939941406
2462,1,12.758466720581055
2462,2,11.48022747039795
2462,3,12.705389976501465
2462,4,11.608588218688965
2463,0,11.888153076171875
2463,1,11.868148803710938
2463,2,12.706012725830078
2463,3,11.913824081420898
2463,4,12.469603538513184
2464,0,13.858431816101074
2464,1,14.827154159545898
2464,2,15.177745819091797
2464,3,14.297786712646484
2464,4,13.916280746459961
2465,0,12.413887023925781
2465,1,12.588579177856445
2465,2,16.07143211364746
2465,3,12.862164497375488
2465,4,10.929154396057129
2466,0,8.90035343170166
2466,1,11.720948219299316
2466,2,12.189108848571777
2466,3,10.30776309967041
2466,4,9.003490447998047
2467,0,6.921483516693115
2467,1,6.238585472106934
2467,2,5.769606590270996
2467,3,3.7318336963653564
2467,4,7.316173076629639
2468,0,15.080071449279785
2468,1,14.902315139770508
2468,2,14.516928672790527
2468,3,15.586514472961426
2468,4,15.036520957946777
2469,0,9.93515682220459
2469,1,9.934915542602539
2469,2,11.300039291381836
2469,3,8.57974910736084
2469,4,8.473435401916504
2470,0,9.792695999145508
2470,1,10.176041603088379
2470,2,9.042426109313965
2470,3,8.967854499816895
2470,4,7.946511745452881
2471,0,9.87286376953125
2471,1,12.421774864196777
2471,2,11.929268836975098
2471,3,9.977163314819336
2471,4,10.348751068115234
2472,0,7.628801345825195
2472,1,10.163989067077637
2472,2,8.692495346069336
2472,3,6.744498252868652
2472,4,8.186656951904297
2473,0,13.125672340393066
2473,1,12.392754554748535
2473,2,12.708295822143555
2473,3,12.097877502441406
2473,4,12.893040657043457
2474,0,13.338556289672852
2474,1,13.744378089904785
2474,2,10.331823348999023
2474,3,14.338778495788574
2474,4,12.994473457336426
2475,0,15.32210636138916
2475,1,15.322248458862305
2475,2,15.18794059753418
2475,3,14.95251750946045
2475,4,14.936921119689941
2476,0,15.3379487991333
2476,1,15.769366264343262
2476,2,15.808491706848145
2476,3,15.672403335571289
2476,4,15.619636535644531
2477,0,12.245013236999512
2477,1,11.984905242919922
2477,2,12.958125114440918
2477,3,10.701919555664062
2477,4,12.614133834838867
2478,0,8.905075073242188
2478,1,7.9336371421813965
2478,2,8.297719955444336
2478,3,8.725672721862793
2478,4,9.955278396606445
2479,0,10.754173278808594
2479,1,10.975417137145996
2479,2,11.714947700500488
2479,3,10.416600227355957
2479,4,11.326807975769043
2480,0,11.653603553771973
2480,1,9.208130836486816
2480,2,9.530515670776367
2480,3,10.656943321228027
2480,4,11.481290817260742
2481,0,8.655304908752441
2481,1,9.502276420593262
2481,2,8.915831565856934
2481,3,7.1348676681518555
2481,4,9.207900047302246
2482,0,7.091118335723877
2482,1,7.957427978515625
2482,2,7.499486923217773
2482,3,5.794722557067871
2482,4,7.194513320922852
2483,0,10.29987907409668
2483,1,12.666219711303711
2483,2,13.634880065917969
2483,3,9.790244102478027
2483,4,10.01818561553955
2484,0,13.43407917022705
2484,1,13.546345710754395
2484,2,13.1846923828125
2484,3,12.74361801147461
2484,4,13.41883659362793
2485,0,10.599953651428223
2485,1,9.987799644470215
2485,2,7.758769512176514
2485,3,11.101520538330078
2485,4,10.660141944885254
2486,0,10.700337409973145
2486,1,12.740307807922363
2486,2,11.89438247680664
2486,3,10.800296783447266
2486,4,11.463380813598633
2487,0,12.402299880981445
2487,1,11.535865783691406
2487,2,13.65672492980957
2487,3,11.387967109680176
2487,4,12.106886863708496
2488,0,8.420615196228027
2488,1,10.969175338745117
2488,2,9.620280265808105
2488,3,7.879470348358154
2488,4,7.810665607452393
2489,0,11.616167068481445
2489,1,12.159518241882324
2489,2,11.986584663391113
2489,3,10.640663146972656
2489,4,11.630254745483398
2490,0,13.087589263916016
2490,1,12.940078735351562
2490,2,12.909374237060547
2490,3,11.978371620178223
2490,4,12.933022499084473
2491,0,4.946516513824463
2491,1,5.972068786621094
2491,2,5.12345027923584
2491,3,6.313638210296631
2491,4,4.974985122680664
2492,0,5.334660530090332
2492,1,6.00709342956543
2492,2,5.223146438598633
2492,3,4.141073226928711
2492,4,5.493195056915283
2493,0,12.930368423461914
2493,1,13.783942222595215
2493,2,13.822473526000977
2493,3,12.908003807067871
2493,4,13.113150596618652
2494,0,10.600982666015625
2494,1,11.479964256286621
2494,2,11.57962417602539
2494,3,10.332362174987793
2494,4,9.450190544128418
2495,0,12.931844711303711
2495,1,13.131710052490234
2495,2,13.93944263458252
2495,3,12.51716136932373
2495,4,13.10789966583252
2496,0,11.077919960021973
2496,1,11.49327278137207
2496,2,10.736802101135254
2496,3,9.031591415405273
2496,4,10.84424114227295
2497,0,11.004426956176758
2497,1,11.40959358215332
2497,2,11.385266304016113
2497,3,11.04002571105957
2497,4,10.646339416503906
2498,0,8.764569282531738
2498,1,10.923529624938965
2498,2,10.532917022705078
2498,3,8.547295570373535
2498,4,9.355558395385742
2499,0,11.327495574951172
2499,1,12.914909362792969
2499,2,13.884607315063477
2499,3,9.895593643188477
2499,4,11.540107727050781
2500,0,8.082015037536621
2500,1,8.722541809082031
2500,2,8.48076343536377
2500,3,8.115199089050293
2500,4,8.322993278503418
2501,0,9.869101524353027
2501,1,11.598077774047852
2501,2,10.989517211914062
2501,3,9.573616027832031
2501,4,10.29011344909668
2502,0,13.870429039001465
2502,1,14.554182052612305
2502,2,14.010334014892578
2502,3,13.119902610778809
2502,4,13.095317840576172
2503,0,11.957114219665527
2503,1,11.658790588378906
2503,2,11.202879905700684
2503,3,13.970155715942383
2503,4,12.443032264709473
2504,0,9.984349250793457
2504,1,8.800840377807617
2504,2,9.126653671264648
2504,3,7.669706344604492
2504,4,9.237175941467285
2505,0,10.976859092712402
2505,1,12.045940399169922
2505,2,11.658252716064453
2505,3,11.219257354736328
2505,4,11.082982063293457
2506,0,12.47609806060791
2506,1,11.425912857055664
2506,2,13.127728462219238
2506,3,11.642380714416504
2506,4,11.4808988571167
2507,0,11.050079345703125
2507,1,9.738544464111328
2507,2,10.299182891845703
2507,3,11.017403602600098
2507,4,10.973676681518555
2508,0,9.563139915466309
2508,1,10.576143264770508
2508,2,11.161418914794922
2508,3,9.405803680419922
2508,4,9.394265174865723
2509,0,10.666695594787598
2509,1,10.689229011535645
2509,2,11.092720985412598
2509,3,12.526793479919434
2509,4,12.373124122619629
2510,0,9.117403030395508
2510,1,11.952559471130371
2510,2,10.98210620880127
2510,3,8.43503475189209
2510,4,8.590176582336426
2511,0,10.85522747039795
2511,1,9.931251525878906
2511,2,10.057266235351562
2511,3,9.670272827148438
2511,4,10.065351486206055
2512,0,10.735472679138184
2512,1,8.746824264526367
2512,2,9.961662292480469
2512,3,10.149381637573242
2512,4,11.126875877380371
2513,0,14.142170906066895
2513,1,14.803576469421387
2513,2,14.142104148864746
2513,3,13.888690948486328
2513,4,14.1650390625
2514,0,11.190584182739258
2514,1,10.460681915283203
2514,2,10.6685209274292
2514,3,10.965670585632324
2514,4,10.959161758422852
2515,0,12.801432609558105
2515,1,11.37220573425293
2515,2,11.301546096801758
2515,3,11.699722290039062
2515,4,12.170903205871582
2516,0,8.463223457336426
2516,1,12.720111846923828
2516,2,10.728317260742188
2516,3,8.50271224975586
2516,4,9.544267654418945
2517,0,12.082338333129883
2517,1,12.129731178283691
2517,2,12.079243659973145
2517,3,11.940004348754883
2517,4,12.726919174194336
2518,0,6.3287811279296875
2518,1,10.801430702209473
2518,2,11.787449836730957
2518,3,5.744378566741943
2518,4,6.249246597290039
2519,0,7.236972808837891
2519,1,12.617688179016113
2519,2,11.085514068603516
2519,3,9.606517791748047
2519,4,8.705737113952637
2520,0,12.88419246673584
2520,1,12.69449520111084
2520,2,13.35927677154541
2520,3,12.956413269042969
2520,4,13.5949068069458
2521,0,14.297110557556152
2521,1,15.07064151763916
2521,2,14.217710494995117
2521,3,13.87225341796875
2521,4,14.575265884399414
2522,0,8.397356986999512
2522,1,9.470975875854492
2522,2,9.590780258178711
2522,3,7.298460006713867
2522,4,8.080087661743164
2523,0,13.980443954467773
2523,1,15.137289047241211
2523,2,13.214807510375977
2523,3,14.305505752563477
2523,4,13.165539741516113
2524,0,7.754073619842529
2524,1,8.259522438049316
2524,2,9.429962158203125
2524,3,6.606556415557861
2524,4,7.640041828155518
2525,0,10.326347351074219
2525,1,15.067900657653809
2525,2,15.906681060791016
2525,3,8.292022705078125
2525,4,8.721171379089355
2526,0,7.518494129180908
2526,1,7.843867301940918
2526,2,7.940958023071289
2526,3,7.093852996826172
2526,4,7.494523525238037
2527,0,13.31523323059082
2527,1,13.475550651550293
2527,2,12.091243743896484
2527,3,12.751791954040527
2527,4,13.222296714782715
2528,0,14.194083213806152
2528,1,13.251133918762207
2528,2,12.455436706542969
2528,3,13.20398235321045
2528,4,13.975475311279297
2529,0,6.161240100860596
2529,1,9.591434478759766
2529,2,9.841592788696289
2529,3,7.7547407150268555
2529,4,5.758215427398682
2530,0,10.873538970947266
2530,1,13.775693893432617
2530,2,13.536328315734863
2530,3,12.638875961303711
2530,4,10.839310646057129
2531,0,8.006444931030273
2531,1,10.3591890335083
2531,2,10.115859985351562
2531,3,8.116764068603516
2531,4,7.374322891235352
2532,0,11.643444061279297
2532,1,12.339195251464844
2532,2,12.83649730682373
2532,3,12.997367858886719
2532,4,12.325105667114258
2533,0,10.950801849365234
2533,1,11.436418533325195
2533,2,12.001903533935547
2533,3,11.923078536987305
2533,4,11.401516914367676
2534,0,13.776209831237793
2534,1,13.043562889099121
2534,2,12.573979377746582
2534,3,12.177695274353027
2534,4,13.783914566040039
2535,0,3.5530478954315186
2535,1,4.197267055511475
2535,2,1.9174457788467407
2535,3,4.553534030914307
2535,4,1.698428750038147
2536,0,11.154794692993164
2536,1,11.214164733886719
2536,2,11.391203880310059
2536,3,11.504677772521973
2536,4,10.86209487915039
2537,0,12.405824661254883
2537,1,12.048431396484375
2537,2,11.96271800994873
2537,3,12.091471672058105
2537,4,13.096514701843262
2538,0,7.218615531921387
2538,1,8.44941234588623
2538,2,8.50524616241455
2538,3,6.352283954620361
2538,4,7.705982685089111
2539,0,6.468439102172852
2539,1,7.490575313568115
2539,2,7.355316638946533
2539,3,5.7393717765808105
2539,4,5.833676338195801
2540,0,14.61613655090332
2540,1,14.944602966308594
2540,2,14.803888320922852
2540,3,14.19054889678955
2540,4,14.01720142364502
2541,0,6.2113118171691895
2541,1,7.961480140686035
2541,2,7.303869247436523
2541,3,7.22022819519043
2541,4,7.872893333435059
2542,0,15.63929271697998
2542,1,14.586837768554688
2542,2,14.981043815612793
2542,3,15.95792007446289
2542,4,15.384883880615234
2543,0,14.084294319152832
2543,1,14.647235870361328
2543,2,15.118151664733887
2543,3,13.735116958618164
2543,4,13.516016960144043
2544,0,14.177206039428711
2544,1,15.35595703125
2544,2,15.483614921569824
2544,3,13.743361473083496
2544,4,14.292611122131348
2545,0,9.234619140625
2545,1,8.873992919921875
2545,2,8.802913665771484
2545,3,9.109101295471191
2545,4,9.1897554397583
2546,0,3.55924391746521
2546,1,7.634298324584961
2546,2,7.92198371887207
2546,3,3.3793506622314453
2546,4,3.5851380825042725
2547,0,4.875594615936279
2547,1,8.785021781921387
2547,2,7.029021263122559
2547,3,5.521078586578369
2547,4,6.530677318572998
2548,0,5.903485298156738
2548,1,7.383819103240967
2548,2,6.378022193908691
2548,3,5.690967082977295
2548,4,6.244228363037109
2549,0,13.627720832824707
2549,1,13.727278709411621
2549,2,13.1939697265625
2549,3,12.836440086364746
2549,4,13.552400588989258
2550,0,10.52795696258545
2550,1,11.840109825134277
2550,2,12.520072937011719
2550,3,10.348320960998535
2550,4,10.590607643127441
2551,0,12.180194854736328
2551,1,14.647317886352539
2551,2,13.36178207397461
2551,3,12.565674781799316
2551,4,12.562658309936523
2552,0,14.150313377380371
2552,1,14.209808349609375
2552,2,14.29277229309082
2552,3,15.191926002502441
2552,4,14.271163940429688
2553,0,10.242291450500488
2553,1,11.137017250061035
2553,2,9.626420974731445
2553,3,9.87108039855957
2553,4,10.58875846862793
2554,0,13.308670043945312
2554,1,12.736647605895996
2554,2,13.09207534790039
2554,3,11.767511367797852
2554,4,12.160420417785645
2555,0,8.643306732177734
2555,1,9.49958610534668
2555,2,10.08603286743164
2555,3,8.820459365844727
2555,4,7.9632487297058105
2556,0,9.627215385437012
2556,1,10.535401344299316
2556,2,10.660843849182129
2556,3,9.958261489868164
2556,4,9.530040740966797
2557,0,13.706860542297363
2557,1,12.092525482177734
2557,2,13.98060131072998
2557,3,13.291942596435547
2557,4,13.843510627746582
2558,0,6.248344421386719
2558,1,7.808963775634766
2558,2,9.800018310546875
2558,3,7.413305759429932
2558,4,6.790377616882324
2559,0,10.357320785522461
2559,1,10.020045280456543
2559,2,11.120345115661621
2559,3,9.60204029083252
2559,4,10.36761474609375
2560,0,4.73181676864624
2560,1,7.145029067993164
2560,2,6.813300609588623
2560,3,4.3923821449279785
2560,4,2.1898558139801025
2561,0,15.626623153686523
2561,1,15.932853698730469
2561,2,15.862344741821289
2561,3,14.47033405303955
2561,4,15.884635925292969
2562,0,10.366899490356445
2562,1,10.780777931213379
2562,2,11.855785369873047
2562,3,12.720198631286621
2562,4,11.198016166687012
2563,0,14.451592445373535
2563,1,13.827677726745605
2563,2,13.905091285705566
2563,3,15.525411605834961
2563,4,14.74234676361084
2564,0,11.295018196105957
2564,1,10.244390487670898
2564,2,9.648107528686523
2564,3,11.33419132232666
2564,4,9.275849342346191
2565,0,11.54658317565918
2565,1,13.102399826049805
2565,2,7.887165069580078
2565,3,11.689885139465332
2565,4,12.30097484588623
2566,0,13.309981346130371
2566,1,14.526289939880371
2566,2,14.061666488647461
2566,3,13.652024269104004
2566,4,13.920268058776855
2567,0,5.9392194747924805
2567,1,5.415870189666748
2567,2,5.918747901916504
2567,3,4.629154682159424
2567,4,6.2237467765808105
2568,0,10.323620796203613
2568,1,11.338604927062988
2568,2,11.718183517456055
2568,3,10.228324890136719
2568,4,10.940147399902344
2569,0,12.920820236206055
2569,1,13.0430269241333
2569,2,12.80131721496582
2569,3,12.038566589355469
2569,4,12.62365436553955
2570,0,11.792707443237305
2570,1,10.448905944824219
2570,2,8.110305786132812
2570,3,10.148896217346191
2570,4,12.278719902038574
2571,0,10.68785285949707
2571,1,11.139294624328613
2571,2,11.51919937133789
2571,3,10.398720741271973
2571,4,10.90512466430664
2572,0,12.23502254486084
2572,1,13.359419822692871
2572,2,13.351119041442871
2572,3,11.594000816345215
2572,4,11.717545509338379
2573,0,6.4300127029418945
2573,1,5.74021577835083
2573,2,5.778777122497559
2573,3,6.219127655029297
2573,4,6.541012763977051
2574,0,13.879056930541992
2574,1,12.654024124145508
2574,2,12.36865520477295
2574,3,11.753894805908203
2574,4,13.716100692749023
2575,0,12.303383827209473
2575,1,13.232610702514648
2575,2,13.517142295837402
2575,3,12.985270500183105
2575,4,11.685151100158691
2576,0,11.227526664733887
2576,1,11.949187278747559
2576,2,12.424554824829102
2576,3,10.374576568603516
2576,4,10.885319709777832
2577,0,9.962782859802246
2577,1,11.384378433227539
2577,2,10.446117401123047
2577,3,9.113410949707031
2577,4,10.23254108428955
2578,0,4.0717339515686035
2578,1,11.58366584777832
2578,2,11.13904857635498
2578,3,3.150568723678589
2578,4,5.2174859046936035
2579,0,11.043017387390137
2579,1,10.646395683288574
2579,2,10.536017417907715
2579,3,10.571235656738281
2579,4,10.62588119506836
2580,0,15.197325706481934
2580,1,15.872445106506348
2580,2,15.02443790435791
2580,3,14.884718894958496
2580,4,15.215852737426758
2581,0,9.538716316223145
2581,1,9.169549942016602
2581,2,8.312500953674316
2581,3,8.589903831481934
2581,4,9.386794090270996
2582,0,10.042868614196777
2582,1,11.742175102233887
2582,2,11.944926261901855
2582,3,10.23433780670166
2582,4,9.799295425415039
2583,0,7.470667362213135
2583,1,9.214421272277832
2583,2,9.53068733215332
2583,3,8.124054908752441
2583,4,7.380817413330078
2584,0,10.454585075378418
2584,1,12.85081958770752
2584,2,14.946027755737305
2584,3,11.154781341552734
2584,4,11.45539665222168
2585,0,7.594050884246826
2585,1,8.897003173828125
2585,2,10.323464393615723
2585,3,8.205469131469727
2585,4,8.571279525756836
2586,0,11.579450607299805
2586,1,11.045214653015137
2586,2,10.598946571350098
2586,3,11.00896167755127
2586,4,11.03485107421875
2587,0,8.745598793029785
2587,1,10.902826309204102
2587,2,11.79667854309082
2587,3,10.334546089172363
2587,4,8.798762321472168
2588,0,15.136856079101562
2588,1,15.71021556854248
2588,2,15.881247520446777
2588,3,14.482306480407715
2588,4,14.998614311218262
2589,0,7.456821918487549
2589,1,9.863287925720215
2589,2,7.9089741706848145
2589,3,6.68746280670166
2589,4,7.454577445983887
2590,0,10.219461441040039
2590,1,12.61306381225586
2590,2,9.749805450439453
2590,3,8.899225234985352
2590,4,10.434486389160156
2591,0,5.851358413696289
2591,1,6.869333267211914
2591,2,7.129773139953613
2591,3,5.207120418548584
2591,4,5.487504005432129
2592,0,8.653003692626953
2592,1,10.480464935302734
2592,2,11.036866188049316
2592,3,8.69317626953125
2592,4,9.611038208007812
2593,0,5.961019039154053
2593,1,6.527401447296143
2593,2,5.409102439880371
2593,3,6.011799335479736
2593,4,5.861362457275391
2594,0,1.0360912084579468
2594,1,9.434671401977539
2594,2,9.928609848022461
2594,3,10.989717483520508
2594,4,11.052425384521484
2595,0,11.98210620880127
2595,1,11.382655143737793
2595,2,12.83460807800293
2595,3,11.818915367126465
2595,4,12.02964973449707
2596,0,13.96431827545166
2596,1,12.304140090942383
2596,2,12.521336555480957
2596,3,13.379059791564941
2596,4,12.33930492401123
2597,0,4.740762710571289
2597,1,5.324246883392334
2597,2,7.049728870391846
2597,3,5.187460899353027
2597,4,4.822537422180176
2598,0,10.570408821105957
2598,1,11.608160018920898
2598,2,11.054662704467773
2598,3,9.947569847106934
2598,4,10.222577095031738
2599,0,11.862284660339355
2599,1,12.18598747253418
2599,2,13.772788047790527
2599,3,12.308272361755371
2599,4,11.91431999206543
2600,0,7.398812294006348
2600,1,7.590780735015869
2600,2,7.910235404968262
2600,3,6.547006130218506
2600,4,7.714845180511475
2601,0,6.507795810699463
2601,1,8.12551212310791
2601,2,8.74575138092041
2601,3,2.657902240753174
2601,4,7.608078956604004
2602,0,8.105951309204102
2602,1,9.958150863647461
2602,2,8.270565032958984
2602,3,5.599800109863281
2602,4,7.187488079071045
2603,0,13.528275489807129
2603,1,13.678666114807129
2603,2,13.32387924194336
2603,3,13.264408111572266
2603,4,12.80761432647705
2604,0,7.510315418243408
2604,1,8.594371795654297
2604,2,8.395164489746094
2604,3,7.273017883300781
2604,4,8.058348655700684
2605,0,11.662715911865234
2605,1,11.882105827331543
2605,2,12.68604850769043
2605,3,10.10145092010498
2605,4,11.3338041305542
2606,0,13.131962776184082
2606,1,12.759535789489746
2606,2,13.756132125854492
2606,3,13.820270538330078
2606,4,13.509450912475586
2607,0,8.720401763916016
2607,1,10.271409034729004
2607,2,9.477087020874023
2607,3,7.657548904418945
2607,4,8.178051948547363
2608,0,13.240674018859863
2608,1,11.530673027038574
2608,2,11.950589179992676
2608,3,12.889142036437988
2608,4,14.099749565124512
2609,0,9.312272071838379
2609,1,9.395791053771973
2609,2,9.130455017089844
2609,3,9.298542022705078
2609,4,9.315299034118652
2610,0,13.548651695251465
2610,1,13.879843711853027
2610,2,12.929854393005371
2610,3,13.89266300201416
2610,4,12.814538955688477
2611,0,12.881646156311035
2611,1,14.641168594360352
2611,2,14.525528907775879
2611,3,12.606167793273926
2611,4,13.445220947265625
2612,0,6.839466571807861
2612,1,8.547428131103516
2612,2,8.037190437316895
2612,3,6.506195068359375
2612,4,6.860124588012695
2613,0,11.01130199432373
2613,1,11.224766731262207
2613,2,11.453041076660156
2613,3,12.22708797454834
2613,4,11.351431846618652
2614,0,11.545450210571289
2614,1,11.478102684020996
2614,2,11.588010787963867
2614,3,11.04138469696045
2614,4,11.246214866638184
2615,0,11.197015762329102
2615,1,11.867146492004395
2615,2,10.75330924987793
2615,3,11.172859191894531
2615,4,11.595908164978027
2616,0,10.692828178405762
2616,1,10.55090618133545
2616,2,11.745948791503906
2616,3,10.153072357177734
2616,4,10.027436256408691
2617,0,8.903727531433105
2617,1,9.21705150604248
2617,2,9.653412818908691
2617,3,9.402634620666504
2617,4,9.851834297180176
2618,0,8.228944778442383
2618,1,10.339491844177246
2618,2,10.699191093444824
2618,3,9.015923500061035
2618,4,7.199958324432373
2619,0,7.382968902587891
2619,1,9.869222640991211
2619,2,9.544273376464844
2619,3,7.6934309005737305
2619,4,8.808319091796875
2620,0,9.898122787475586
2620,1,10.052383422851562
2620,2,9.978909492492676
2620,3,8.768585205078125
2620,4,11.098847389221191
2621,0,12.1888427734375
2621,1,11.692093849182129
2621,2,12.041617393493652
2621,3,12.24278736114502
2621,4,13.145539283752441
2622,0,11.071139335632324
2622,1,12.644417762756348
2622,2,12.105844497680664
2622,3,10.42539119720459
2622,4,12.16891860961914
2623,0,10.253656387329102
2623,1,10.164420127868652
2623,2,10.828949928283691
2623,3,10.43104362487793
2623,4,9.548027038574219
2624,0,11.038558959960938
2624,1,12.243542671203613
2624,2,10.730393409729004
2624,3,10.832038879394531
2624,4,11.643159866333008
2625,0,6.540429592132568
2625,1,7.548001289367676
2625,2,7.738023281097412
2625,3,6.648308753967285
2625,4,6.845813274383545
2626,0,13.139543533325195
2626,1,13.005985260009766
2626,2,12.337753295898438
2626,3,12.00571346282959
2626,4,13.629988670349121
2627,0,14.421738624572754
2627,1,14.53651237487793
2627,2,13.883233070373535
2627,3,14.103835105895996
2627,4,14.455876350402832
2628,0,8.867403030395508
2628,1,10.236177444458008
2628,2,10.843944549560547
2628,3,8.090150833129883
2628,4,8.911672592163086
2629,0,10.524340629577637
2629,1,12.265493392944336
2629,2,11.422367095947266
2629,3,10.087347030639648
2629,4,10.252253532409668
2630,0,9.613938331604004
2630,1,13.920994758605957
2630,2,14.207574844360352
2630,3,9.983832359313965
2630,4,10.116966247558594
2631,0,14.564852714538574
2631,1,15.076369285583496
2631,2,15.019115447998047
2631,3,13.638044357299805
2631,4,14.531898498535156
2632,0,10.158774375915527
2632,1,10.545944213867188
2632,2,12.216546058654785
2632,3,10.568598747253418
2632,4,9.836423873901367
2633,0,11.054609298706055
2633,1,9.992876052856445
2633,2,10.25346851348877
2633,3,11.25078010559082
2633,4,9.939072608947754
2634,0,15.380570411682129
2634,1,13.836714744567871
2634,2,13.807586669921875
2634,3,14.479135513305664
2634,4,14.269891738891602
2635,0,9.24502944946289
2635,1,8.890941619873047
2635,2,8.882923126220703
2635,3,9.71860122680664
2635,4,9.365187644958496
2636,0,12.682350158691406
2636,1,12.036548614501953
2636,2,12.159921646118164
2636,3,14.997153282165527
2636,4,12.073466300964355
2637,0,8.323060035705566
2637,1,10.790115356445312
2637,2,11.680419921875
2637,3,9.366097450256348
2637,4,8.610079765319824
2638,0,8.014425277709961
2638,1,8.17611026763916
2638,2,8.41382884979248
2638,3,9.190485954284668
2638,4,7.5308356285095215
2639,0,10.790534973144531
2639,1,12.947710037231445
2639,2,9.45304012298584
2639,3,12.708932876586914
2639,4,9.947250366210938
2640,0,4.991182327270508
2640,1,8.680965423583984
2640,2,7.9527907371521
2640,3,5.01826286315918
2640,4,5.187058925628662
2641,0,9.830738067626953
2641,1,11.262791633605957
2641,2,11.367292404174805
2641,3,10.154167175292969
2641,4,9.835390090942383
2642,0,8.514925003051758
2642,1,10.588861465454102
2642,2,9.895795822143555
2642,3,9.313080787658691
2642,4,9.036287307739258
2643,0,8.891661643981934
2643,1,8.49298095703125
2643,2,8.613747596740723
2643,3,8.444300651550293
2643,4,9.121380805969238
2644,0,10.535404205322266
2644,1,11.311073303222656
2644,2,10.708166122436523
2644,3,9.544437408447266
2644,4,10.95622730255127
2645,0,5.693559646606445
2645,1,13.44671630859375
2645,2,14.463375091552734
2645,3,2.8976125717163086
2645,4,3.1613783836364746
2646,0,11.031237602233887
2646,1,12.373779296875
2646,2,10.467572212219238
2646,3,8.183197021484375
2646,4,11.215041160583496
2647,0,12.833352088928223
2647,1,10.520462036132812
2647,2,10.312007904052734
2647,3,13.614340782165527
2647,4,12.974247932434082
2648,0,11.430415153503418
2648,1,12.285784721374512
2648,2,12.62751579284668
2648,3,10.307172775268555
2648,4,12.368239402770996
2649,0,7.15391206741333
2649,1,7.040538787841797
2649,2,5.760815143585205
2649,3,7.019906044006348
2649,4,6.552890777587891
2650,0,13.282732009887695
2650,1,10.977697372436523
2650,2,11.856228828430176
2650,3,12.469927787780762
2650,4,13.03875732421875
2651,0,2.4883124828338623
2651,1,6.636082649230957
2651,2,7.230897903442383
2651,3,2.511823892593384
2651,4,3.117748737335205
2652,0,9.486044883728027
2652,1,11.50007438659668
2652,2,11.559927940368652
2652,3,10.213640213012695
2652,4,9.870098114013672
2653,0,12.093199729919434
2653,1,13.118707656860352
2653,2,11.383588790893555
2653,3,12.032331466674805
2653,4,11.477742195129395
2654,0,9.555481910705566
2654,1,9.059355735778809
2654,2,8.401361465454102
2654,3,9.745304107666016
2654,4,9.343046188354492
2655,0,11.214609146118164
2655,1,13.826115608215332
2655,2,11.334050178527832
2655,3,11.731693267822266
2655,4,12.62484073638916
2656,0,8.338143348693848
2656,1,10.917012214660645
2656,2,11.037055015563965
2656,3,7.983420372009277
2656,4,9.246702194213867
2657,0,11.731972694396973
2657,1,13.299554824829102
2657,2,13.883940696716309
2657,3,12.091896057128906
2657,4,11.772073745727539
2658,0,14.647346496582031
2658,1,13.940502166748047
2658,2,13.38009262084961
2658,3,14.347103118896484
2658,4,15.845617294311523
2659,0,10.350364685058594
2659,1,9.709076881408691
2659,2,8.46699047088623
2659,3,10.254386901855469
2659,4,9.836677551269531
2660,0,12.178577423095703
2660,1,12.189430236816406
2660,2,11.982129096984863
2660,3,11.964590072631836
2660,4,12.122213363647461
2661,0,11.552225112915039
2661,1,11.54665756225586
2661,2,12.16209888458252
2661,3,11.320552825927734
2661,4,11.849523544311523
2662,0,12.634297370910645
2662,1,13.724163055419922
2662,2,13.605162620544434
2662,3,13.799457550048828
2662,4,12.43142032623291
2663,0,10.686366081237793
2663,1,12.579704284667969
2663,2,13.481986999511719
2663,3,10.386305809020996
2663,4,11.195151329040527
2664,0,13.842638969421387
2664,1,14.343934059143066
2664,2,14.352975845336914
2664,3,14.581864356994629
2664,4,14.995135307312012
2665,0,12.613609313964844
2665,1,12.128292083740234
2665,2,10.495226860046387
2665,3,13.635049819946289
2665,4,13.583719253540039
2666,0,4.65639066696167
2666,1,8.95666790008545
2666,2,8.636907577514648
2666,3,4.642271995544434
2666,4,4.29146146774292
2667,0,13.360365867614746
2667,1,13.436226844787598
2667,2,13.198785781860352
2667,3,13.459911346435547
2667,4,13.663405418395996
2668,0,5.1777191162109375
2668,1,6.681407451629639
2668,2,6.505501747131348
2668,3,4.436790466308594
2668,4,4.769001483917236
2669,0,11.482600212097168
2669,1,12.054713249206543
2669,2,11.387460708618164
2669,3,10.564690589904785
2669,4,11.31972885131836
2670,0,13.2813138961792
2670,1,14.287543296813965
2670,2,14.66984748840332
2670,3,13.33765697479248
2670,4,13.960196495056152
2671,0,11.871989250183105
2671,1,13.340606689453125
2671,2,13.55386734008789
2671,3,11.13785171508789
2671,4,11.732133865356445
2672,0,10.66702938079834
2672,1,13.830041885375977
2672,2,15.432356834411621
2672,3,9.26858139038086
2672,4,10.833069801330566
2673,0,13.168622016906738
2673,1,13.035204887390137
2673,2,12.943122863769531
2673,3,12.328962326049805
2673,4,12.998729705810547
2674,0,11.117880821228027
2674,1,11.277557373046875
2674,2,11.052653312683105
2674,3,11.173026084899902
2674,4,11.40497875213623
2675,0,11.210813522338867
2675,1,10.540023803710938
2675,2,11.741196632385254
2675,3,11.285018920898438
2675,4,11.672344207763672
2676,0,15.709461212158203
2676,1,14.236006736755371
2676,2,16.013992309570312
2676,3,15.06491470336914
2676,4,15.47768783569336
2677,0,11.449519157409668
2677,1,11.763250350952148
2677,2,12.023579597473145
2677,3,11.03818130493164
2677,4,11.260296821594238
2678,0,7.6655449867248535
2678,1,7.179398536682129
2678,2,7.830286979675293
2678,3,7.520203113555908
2678,4,9.063067436218262
2679,0,9.62817096710205
2679,1,10.693181037902832
2679,2,10.098337173461914
2679,3,10.649079322814941
2679,4,8.351435661315918
2680,0,9.35743522644043
2680,1,8.019657135009766
2680,2,8.248126983642578
2680,3,7.5644073486328125
2680,4,9.477622032165527
2681,0,9.717375755310059
2681,1,12.714916229248047
2681,2,12.488302230834961
2681,3,10.369521141052246
2681,4,9.123480796813965
2682,0,9.51423454284668
2682,1,10.947680473327637
2682,2,9.906933784484863
2682,3,9.964278221130371
2682,4,9.401375770568848
2683,0,11.389912605285645
2683,1,13.527800559997559
2683,2,14.28945541381836
2683,3,9.72327995300293
2683,4,10.547393798828125
2684,0,10.269103050231934
2684,1,9.708309173583984
2684,2,9.716315269470215
2684,3,10.86667537689209
2684,4,9.935687065124512
2685,0,11.744539260864258
2685,1,15.047849655151367
2685,2,15.07290267944336
2685,3,11.75840950012207
2685,4,12.225671768188477
2686,0,12.119485855102539
2686,1,13.605436325073242
2686,2,14.191865921020508
2686,3,12.87696647644043
2686,4,12.983142852783203
2687,0,7.447436332702637
2687,1,10.030482292175293
2687,2,10.66912841796875
2687,3,11.81059455871582
2687,4,8.328485488891602
2688,0,9.573725700378418
2688,1,9.589563369750977
2688,2,10.728759765625
2688,3,7.648208141326904
2688,4,10.702296257019043
2689,0,13.212313652038574
2689,1,11.516473770141602
2689,2,12.239386558532715
2689,3,11.478846549987793
2689,4,11.288538932800293
2690,0,8.471632957458496
2690,1,10.564499855041504
2690,2,11.745163917541504
2690,3,9.130550384521484
2690,4,8.919075965881348
2691,0,7.905803680419922
2691,1,5.552645683288574
2691,2,7.177793979644775
2691,3,8.728872299194336
2691,4,7.359737873077393
2692,0,9.469167709350586
2692,1,11.159415245056152
2692,2,11.86538028717041
2692,3,9.005032539367676
2692,4,8.171698570251465
2693,0,14.831958770751953
2693,1,14.957454681396484
2693,2,15.3466796875
2693,3,14.612406730651855
2693,4,14.899982452392578
2694,0,12.694437026977539
2694,1,10.646886825561523
2694,2,10.570034980773926
2694,3,11.876132011413574
2694,4,12.572436332702637
2695,0,13.0574312210083
2695,1,14.411131858825684
2695,2,14.266511917114258
2695,3,11.663137435913086
2695,4,13.365575790405273
2696,0,9.532851219177246
2696,1,11.950936317443848
2696,2,11.25786018371582
2696,3,8.861614227294922
2696,4,10.023900032043457
2697,0,11.823272705078125
2697,1,11.74153995513916
2697,2,13.395495414733887
2697,3,12.446022033691406
2697,4,11.049695014953613
2698,0,12.848986625671387
2698,1,11.597923278808594
2698,2,11.486563682556152
2698,3,11.87951946258545
2698,4,12.989313125610352
2699,0,9.47461223602295
2699,1,10.806641578674316
2699,2,12.43903636932373
2699,3,8.525198936462402
2699,4,10.827195167541504
2700,0,11.209693908691406
2700,1,10.999616622924805
2700,2,9.427297592163086
2700,3,11.535407066345215
2700,4,11.039238929748535
2701,0,9.702367782592773
2701,1,12.931296348571777
2701,2,12.898469924926758
2701,3,11.285284042358398
2701,4,10.313446998596191
2702,0,14.522486686706543
2702,1,14.616586685180664
2702,2,14.981313705444336
2702,3,14.672346115112305
2702,4,14.591035842895508
2703,0,11.999723434448242
2703,1,9.643141746520996
2703,2,13.73102855682373
2703,3,13.138823509216309
2703,4,12.210285186767578
2704,0,9.64302921295166
2704,1,11.178922653198242
2704,2,11.353628158569336
2704,3,9.048958778381348
2704,4,10.644567489624023
2705,0,8.780769348144531
2705,1,11.80947208404541
2705,2,11.935550689697266
2705,3,10.194997787475586
2705,4,9.200165748596191
2706,0,10.044697761535645
2706,1,11.841692924499512
2706,2,10.611170768737793
2706,3,9.811087608337402
2706,4,10.292269706726074
2707,0,8.000895500183105
2707,1,8.967208862304688
2707,2,8.369407653808594
2707,3,7.482656955718994
2707,4,7.89442253112793
2708,0,9.476706504821777
2708,1,15.435779571533203
2708,2,15.891593933105469
2708,3,9.731502532958984
2708,4,12.43443775177002
2709,0,10.337560653686523
2709,1,9.336095809936523
2709,2,9.461308479309082
2709,3,10.458412170410156
2709,4,11.032573699951172
2710,0,12.866900444030762
2710,1,13.602442741394043
2710,2,13.246634483337402
2710,3,12.420710563659668
2710,4,12.628427505493164
2711,0,14.040976524353027
2711,1,14.384764671325684
2711,2,14.104969024658203
2711,3,13.830150604248047
2711,4,14.452445030212402
2712,0,11.574655532836914
2712,1,13.054096221923828
2712,2,13.0167818069458
2712,3,12.821725845336914
2712,4,12.74332046508789
2713,0,7.6845855712890625
2713,1,9.585716247558594
2713,2,8.929210662841797
2713,3,8.480752944946289
2713,4,8.889606475830078
2714,0,11.29585075378418
2714,1,11.489237785339355
2714,2,11.394256591796875
2714,3,10.715863227844238
2714,4,11.480047225952148
2715,0,10.061702728271484
2715,1,10.62377643585205
2715,2,11.823941230773926
2715,3,7.660487174987793
2715,4,8.775064468383789
2716,0,8.666267395019531
2716,1,10.066755294799805
2716,2,7.691866397857666
2716,3,8.038237571716309
2716,4,8.56922721862793
2717,0,7.0502705574035645
2717,1,8.775928497314453
2717,2,8.291949272155762
2717,3,6.644777774810791
2717,4,7.4392595291137695
2718,0,13.108263969421387
2718,1,13.510846138000488
2718,2,14.466800689697266
2718,3,12.44543743133545
2718,4,13.401290893554688
2719,0,6.730670928955078
2719,1,9.646448135375977
2719,2,9.3568754196167
2719,3,7.450098514556885
2719,4,7.359903812408447
2720,0,12.85687255859375
2720,1,13.696115493774414
2720,2,12.866477966308594
2720,3,12.898146629333496
2720,4,12.890458106994629
2721,0,9.952295303344727
2721,1,12.866634368896484
2721,2,11.839028358459473
2721,3,8.658406257629395
2721,4,10.63095474243164
2722,0,8.781811714172363
2722,1,8.393732070922852
2722,2,8.558122634887695
2722,3,8.716911315917969
2722,4,9.273703575134277
2723,0,6.538782119750977
2723,1,12.868566513061523
2723,2,13.238615989685059
2723,3,7.919083595275879
2723,4,6.040891647338867
2724,0,12.608492851257324
2724,1,13.004725456237793
2724,2,12.296003341674805
2724,3,12.257086753845215
2724,4,14.122611045837402
2725,0,12.198380470275879
2725,1,12.814901351928711
2725,2,12.75314998626709
2725,3,12.012093544006348
2725,4,12.502920150756836
2726,0,10.212630271911621
2726,1,11.22365665435791
2726,2,10.510547637939453
2726,3,10.075206756591797
2726,4,10.760812759399414
2727,0,6.395850658416748
2727,1,6.161330223083496
2727,2,6.866426944732666
2727,3,4.805680751800537
2727,4,6.2649030685424805
2728,0,11.109073638916016
2728,1,11.872227668762207
2728,2,11.607911109924316
2728,3,9.758039474487305
2728,4,10.714537620544434
2729,0,6.164929389953613
2729,1,9.792692184448242
2729,2,7.2896881103515625
2729,3,5.37320613861084
2729,4,7.22186279296875
2730,0,13.039127349853516
2730,1,10.68387222290039
2730,2,11.574254035949707
2730,3,12.793663024902344
2730,4,12.634559631347656
2731,0,6.570284843444824
2731,1,5.881411552429199
2731,2,6.431976318359375
2731,3,5.860474109649658
2731,4,6.444064617156982
2732,0,11.873043060302734
2732,1,11.418807029724121
2732,2,10.69484806060791
2732,3,11.637813568115234
2732,4,11.396098136901855
2733,0,7.759885787963867
2733,1,8.818818092346191
2733,2,9.648027420043945
2733,3,7.576440811157227
2733,4,7.419124126434326
2734,0,12.101167678833008
2734,1,10.936814308166504
2734,2,10.505192756652832
2734,3,11.293231964111328
2734,4,11.915136337280273
2735,0,13.798161506652832
2735,1,13.610458374023438
2735,2,14.13860034942627
2735,3,13.40985107421875
2735,4,13.048296928405762
2736,0,6.681629180908203
2736,1,6.681375980377197
2736,2,6.6806769371032715
2736,3,5.810889720916748
2736,4,6.372832298278809
2737,0,8.477983474731445
2737,1,10.033093452453613
2737,2,9.914889335632324
2737,3,9.857467651367188
2737,4,9.871716499328613
2738,0,10.6217622756958
2738,1,10.577662467956543
2738,2,10.469816207885742
2738,3,10.113570213317871
2738,4,10.503423690795898
2739,0,13.013290405273438
2739,1,12.994233131408691
2739,2,12.155779838562012
2739,3,12.505317687988281
2739,4,11.872400283813477
2740,0,11.342436790466309
2740,1,14.19441032409668
2740,2,15.841957092285156
2740,3,11.502495765686035
2740,4,12.245672225952148
2741,0,5.119947910308838
2741,1,10.812956809997559
2741,2,7.185486793518066
2741,3,5.896748065948486
2741,4,5.56959867477417
2742,0,12.629590034484863
2742,1,11.17172622680664
2742,2,9.784758567810059
2742,3,12.434940338134766
2742,4,13.187145233154297
2743,0,7.308004379272461
2743,1,8.129642486572266
2743,2,8.291650772094727
2743,3,6.610520362854004
2743,4,6.928699970245361
2744,0,12.6228666305542
2744,1,12.51154899597168
2744,2,11.510127067565918
2744,3,12.730768203735352
2744,4,12.562600135803223
2745,0,8.054688453674316
2745,1,12.84974193572998
2745,2,9.283519744873047
2745,3,12.141802787780762
2745,4,8.048604011535645
2746,0,8.616114616394043
2746,1,11.03561019897461
2746,2,10.697696685791016
2746,3,9.113533020019531
2746,4,9.889699935913086
2747,0,7.880658149719238
2747,1,8.699275970458984
2747,2,8.006317138671875
2747,3,8.662919998168945
2747,4,8.118766784667969
2748,0,10.75767707824707
2748,1,11.578632354736328
2748,2,11.685087203979492
2748,3,9.746548652648926
2748,4,12.452361106872559
2749,0,15.818050384521484
2749,1,15.82053279876709
2749,2,15.988723754882812
2749,3,15.47664737701416
2749,4,15.964597702026367
2750,0,6.532753944396973
2750,1,7.482422828674316
2750,2,8.442573547363281
2750,3,6.125434398651123
2750,4,6.588189601898193
2751,0,10.804672241210938
2751,1,10.417603492736816
2751,2,10.993371963500977
2751,3,8.636829376220703
2751,4,10.25073528289795
2752,0,10.01846694946289
2752,1,12.382219314575195
2752,2,13.232922554016113
2752,3,10.005392074584961
2752,4,10.901812553405762
2753,0,7.7480621337890625
2753,1,9.976716995239258
2753,2,10.986932754516602
2753,3,6.869292736053467
2753,4,8.085234642028809
2754,0,9.983479499816895
2754,1,11.285026550292969
2754,2,10.554268836975098
2754,3,9.460681915283203
2754,4,10.390064239501953
2755,0,15.662309646606445
2755,1,15.703303337097168
2755,2,15.85007095336914
2755,3,15.828055381774902
2755,4,15.215370178222656
2756,0,7.628452777862549
2756,1,4.5623579025268555
2756,2,8.27517032623291
2756,3,8.166850090026855
2756,4,8.76673412322998
2757,0,13.363860130310059
2757,1,13.269182205200195
2757,2,13.936761856079102
2757,3,11.78183364868164
2757,4,12.439650535583496
2758,0,13.808714866638184
2758,1,14.298623085021973
2758,2,14.141091346740723
2758,3,13.745966911315918
2758,4,14.02026081085205
2759,0,15.512804985046387
2759,1,15.538456916809082
2759,2,14.842689514160156
2759,3,15.302460670471191
2759,4,15.435328483581543
2760,0,9.281034469604492
2760,1,9.185002326965332
2760,2,9.45263957977295
2760,3,8.540197372436523
2760,4,10.087682723999023
2761,0,7.665996074676514
2761,1,11.97745132446289
2761,2,10.362475395202637
2761,3,5.596139430999756
2761,4,6.300983905792236
2762,0,14.689241409301758
2762,1,15.766491889953613
2762,2,15.218008995056152
2762,3,14.147356033325195
2762,4,14.366580963134766
2763,0,8.831585884094238
2763,1,9.633356094360352
2763,2,9.243841171264648
2763,3,9.799328804016113
2763,4,9.80208969116211
2764,0,14.460184097290039
2764,1,13.311877250671387
2764,2,12.342065811157227
2764,3,13.705487251281738
2764,4,13.698175430297852
2765,0,11.23173999786377
2765,1,9.810751914978027
2765,2,10.947393417358398
2765,3,10.406216621398926
2765,4,11.914830207824707
2766,0,10.070399284362793
2766,1,11.86614990234375
2766,2,11.48623275756836
2766,3,10.013864517211914
2766,4,9.592812538146973
2767,0,7.085507392883301
2767,1,8.523143768310547
2767,2,8.203129768371582
2767,3,7.272726058959961
2767,4,7.223073482513428
2768,0,10.087126731872559
2768,1,10.995013236999512
2768,2,11.751145362854004
2768,3,10.230181694030762
2768,4,10.277778625488281
2769,0,5.810312271118164
2769,1,11.297688484191895
2769,2,12.64303207397461
2769,3,9.084118843078613
2769,4,7.63577938079834
2770,0,12.563326835632324
2770,1,12.65030288696289
2770,2,11.391584396362305
2770,3,11.669967651367188
2770,4,12.084061622619629
2771,0,8.7482271194458
2771,1,11.37781810760498
2771,2,12.268473625183105
2771,3,13.089140892028809
2771,4,9.244521141052246
2772,0,7.601720809936523
2772,1,8.291377067565918
2772,2,9.358150482177734
2772,3,7.273809432983398
2772,4,7.9214348793029785
2773,0,12.48595905303955
2773,1,12.212976455688477
2773,2,11.919220924377441
2773,3,12.081966400146484
2773,4,12.240745544433594
2774,0,11.448299407958984
2774,1,10.856762886047363
2774,2,10.092171669006348
2774,3,10.059195518493652
2774,4,9.77836799621582
2775,0,11.10037612915039
2775,1,11.636119842529297
2775,2,12.244869232177734
2775,3,10.533632278442383
2775,4,11.778162002563477
2776,0,9.926957130432129
2776,1,10.46838092803955
2776,2,11.293234825134277
2776,3,10.378521919250488
2776,4,10.05189323425293
2777,0,11.152483940124512
2777,1,9.777826309204102
2777,2,11.75011157989502
2777,3,11.350711822509766
2777,4,11.44023323059082
2778,0,13.424560546875
2778,1,13.936511039733887
2778,2,14.458374977111816
2778,3,14.491364479064941
2778,4,14.245102882385254
2779,0,11.931022644042969
2779,1,11.896549224853516
2779,2,11.353028297424316
2779,3,12.317768096923828
2779,4,12.685596466064453
2780,0,12.620540618896484
2780,1,12.382559776306152
2780,2,12.605753898620605
2780,3,13.147758483886719
2780,4,12.777191162109375
2781,0,10.621171951293945
2781,1,10.191479682922363
2781,2,11.451156616210938
2781,3,8.532459259033203
2781,4,10.532736778259277
2782,0,8.632852554321289
2782,1,10.613626480102539
2782,2,15.905357360839844
2782,3,8.28189468383789
2782,4,10.083822250366211
2783,0,11.747559547424316
2783,1,12.88739013671875
2783,2,13.840203285217285
2783,3,10.800348281860352
2783,4,12.122554779052734
2784,0,5.694481372833252
2784,1,9.06799030303955
2784,2,9.324112892150879
2784,3,7.103210926055908
2784,4,6.400588035583496
2785,0,12.037908554077148
2785,1,11.750130653381348
2785,2,12.42225456237793
2785,3,11.542354583740234
2785,4,11.678411483764648
2786,0,11.084405899047852
2786,1,11.716527938842773
2786,2,12.54653263092041
2786,3,12.019287109375
2786,4,11.194904327392578
2787,0,7.745675086975098
2787,1,8.417710304260254
2787,2,7.800195693969727
2787,3,7.8067731857299805
2787,4,7.243495941162109
2788,0,12.676812171936035
2788,1,12.72346305847168
2788,2,14.56630802154541
2788,3,12.663766860961914
2788,4,11.909721374511719
2789,0,7.754365921020508
2789,1,5.948744297027588
2789,2,8.706192970275879
2789,3,9.291474342346191
2789,4,7.492370128631592
2790,0,8.450913429260254
2790,1,10.507113456726074
2790,2,9.533588409423828
2790,3,6.5829386711120605
2790,4,8.429444313049316
2791,0,10.264547348022461
2791,1,10.904175758361816
2791,2,11.312825202941895
2791,3,9.289841651916504
2791,4,10.384434700012207
2792,0,3.1888515949249268
2792,1,6.13861083984375
2792,2,7.4088826179504395
2792,3,5.51230525970459
2792,4,3.5101733207702637
2793,0,10.138205528259277
2793,1,9.982903480529785
2793,2,11.337133407592773
2793,3,10.063067436218262
2793,4,10.133466720581055
2794,0,14.343111038208008
2794,1,12.826440811157227
2794,2,12.64197826385498
2794,3,13.578686714172363
2794,4,14.516584396362305
2795,0,12.947263717651367
2795,1,13.417715072631836
2795,2,13.466278076171875
2795,3,12.770180702209473
2795,4,11.667718887329102
2796,0,9.560275077819824
2796,1,10.236824035644531
2796,2,10.271403312683105
2796,3,9.885615348815918
2796,4,10.673758506774902
2797,0,13.9412202835083
2797,1,14.29697036743164
2797,2,13.709122657775879
2797,3,14.030562400817871
2797,4,12.777460098266602
2798,0,11.267760276794434
2798,1,11.434443473815918
2798,2,11.89553451538086
2798,3,11.23088264465332
2798,4,11.285468101501465
2799,0,11.241927146911621
2799,1,12.443341255187988
2799,2,11.558911323547363
2799,3,10.949128150939941
2799,4,11.44357681274414
2800,0,10.382644653320312
2800,1,11.611160278320312
2800,2,10.802094459533691
2800,3,10.194746971130371
2800,4,10.885242462158203
2801,0,14.335948944091797
2801,1,14.632163047790527
2801,2,14.480709075927734
2801,3,14.799931526184082
2801,4,14.602531433105469
2802,0,12.50373363494873
2802,1,9.411978721618652
2802,2,9.497329711914062
2802,3,12.591438293457031
2802,4,12.308030128479004
2803,0,8.588140487670898
2803,1,8.48828125
2803,2,8.644445419311523
2803,3,8.701766014099121
2803,4,8.06991195678711
2804,0,9.502775192260742
2804,1,10.411005020141602
2804,2,10.051267623901367
2804,3,10.823914527893066
2804,4,10.181060791015625
2805,0,10.5609769821167
2805,1,11.261345863342285
2805,2,10.927850723266602
2805,3,10.345721244812012
2805,4,10.908411979675293
2806,0,10.591756820678711
2806,1,12.20261001586914
2806,2,12.010270118713379
2806,3,11.062613487243652
2806,4,9.815792083740234
2807,0,13.152303695678711
2807,1,13.353485107421875
2807,2,12.86323356628418
2807,3,13.770249366760254
2807,4,13.31562328338623
2808,0,10.027864456176758
2808,1,9.48855972290039
2808,2,10.554612159729004
2808,3,7.703885078430176
2808,4,9.527255058288574
2809,0,13.637784957885742
2809,1,13.905735969543457
2809,2,13.074052810668945
2809,3,13.578070640563965
2809,4,13.922551155090332
2810,0,9.498764991760254
2810,1,10.310587882995605
2810,2,9.690877914428711
2810,3,9.968257904052734
2810,4,9.501913070678711
2811,0,8.775094032287598
2811,1,7.926844120025635
2811,2,8.300628662109375
2811,3,8.118752479553223
2811,4,7.43288516998291
2812,0,15.486089706420898
2812,1,15.716290473937988
2812,2,15.8433198928833
2812,3,15.110447883605957
2812,4,15.71401596069336
2813,0,8.800119400024414
2813,1,10.367182731628418
2813,2,11.65323257446289
2813,3,8.5364408493042
2813,4,8.859338760375977
2814,0,8.917808532714844
2814,1,8.981538772583008
2814,2,9.953807830810547
2814,3,8.898022651672363
2814,4,9.04735279083252
2815,0,7.725915431976318
2815,1,14.299654960632324
2815,2,14.207941055297852
2815,3,8.60716438293457
2815,4,9.081169128417969
2816,0,5.933483600616455
2816,1,8.019644737243652
2816,2,7.9964985847473145
2816,3,8.198396682739258
2816,4,5.384303569793701
2817,0,14.684420585632324
2817,1,15.215410232543945
2817,2,15.041465759277344
2817,3,14.705207824707031
2817,4,14.80743408203125
2818,0,13.529328346252441
2818,1,12.306022644042969
2818,2,13.568109512329102
2818,3,9.650320053100586
2818,4,13.0673828125
2819,0,6.179177284240723
2819,1,5.5669050216674805
2819,2,5.170867919921875
2819,3,4.6304192543029785
2819,4,5.925195217132568
2820,0,5.4296746253967285
2820,1,7.897610187530518
2820,2,7.495410919189453
2820,3,5.0828046798706055
2820,4,5.385180950164795
2821,0,10.323718070983887
2821,1,13.407215118408203
2821,2,12.238757133483887
2821,3,10.063920021057129
2821,4,10.891704559326172
2822,0,12.707013130187988
2822,1,14.20734977722168
2822,2,14.727108001708984
2822,3,14.058669090270996
2822,4,9.670378684997559
2823,0,13.516739845275879
2823,1,14.043705940246582
2823,2,13.826743125915527
2823,3,13.031991004943848
2823,4,14.573602676391602
2824,0,11.538501739501953
2824,1,11.902077674865723
2824,2,11.210576057434082
2824,3,10.405821800231934
2824,4,11.614079475402832
2825,0,8.871976852416992
2825,1,10.929600715637207
2825,2,10.78950309753418
2825,3,8.764458656311035
2825,4,8.735414505004883
2826,0,8.990680694580078
2826,1,10.127161979675293
2826,2,9.858682632446289
2826,3,8.915698051452637
2826,4,8.890259742736816
2827,0,7.938379764556885
2827,1,11.173118591308594
2827,2,10.652210235595703
2827,3,9.79908561706543
2827,4,7.897317409515381
2828,0,12.021378517150879
2828,1,10.879475593566895
2828,2,10.632469177246094
2828,3,11.339641571044922
2828,4,11.714654922485352
2829,0,11.762582778930664
2829,1,11.942212104797363
2829,2,12.731117248535156
2829,3,12.059597969055176
2829,4,11.966073036193848
2830,0,13.279955863952637
2830,1,13.015395164489746
2830,2,14.151667594909668
2830,3,12.692383766174316
2830,4,12.802968978881836
2831,0,10.66890811920166
2831,1,14.219915390014648
2831,2,15.645882606506348
2831,3,8.7623291015625
2831,4,10.931428909301758
2832,0,7.719573020935059
2832,1,10.896740913391113
2832,2,11.193827629089355
2832,3,8.058815002441406
2832,4,7.76548433303833
2833,0,10.224555015563965
2833,1,10.574292182922363
2833,2,10.556209564208984
2833,3,9.625530242919922
2833,4,9.458197593688965
2834,0,10.62649154663086
2834,1,10.68231201171875
2834,2,11.218955039978027
2834,3,10.110095977783203
2834,4,10.772384643554688
2835,0,7.807620525360107
2835,1,4.639289379119873
2835,2,9.232390403747559
2835,3,6.126646518707275
2835,4,7.265064716339111
2836,0,11.53229808807373
2836,1,12.135939598083496
2836,2,12.729147911071777
2836,3,12.070130348205566
2836,4,10.421367645263672
2837,0,14.146549224853516
2837,1,13.194015502929688
2837,2,15.077960968017578
2837,3,13.212432861328125
2837,4,15.164962768554688
2838,0,8.174509048461914
2838,1,7.82586669921875
2838,2,9.901865005493164
2838,3,7.641046524047852
2838,4,7.841696262359619
2839,0,10.831050872802734
2839,1,11.333670616149902
2839,2,10.49781608581543
2839,3,10.98957633972168
2839,4,11.255749702453613
2840,0,7.034582138061523
2840,1,6.8932976722717285
2840,2,5.669411659240723
2840,3,7.015169143676758
2840,4,5.976130962371826
2841,0,11.838242530822754
2841,1,12.867472648620605
2841,2,12.393143653869629
2841,3,11.431811332702637
2841,4,11.875096321105957
2842,0,10.051668167114258
2842,1,10.975805282592773
2842,2,10.767362594604492
2842,3,9.166746139526367
2842,4,8.84103012084961
2843,0,12.536836624145508
2843,1,12.042283058166504
2843,2,11.288942337036133
2843,3,12.116400718688965
2843,4,12.654600143432617
2844,0,14.74795150756836
2844,1,15.327865600585938
2844,2,15.428336143493652
2844,3,14.338475227355957
2844,4,15.207231521606445
2845,0,13.939580917358398
2845,1,14.997076034545898
2845,2,14.808659553527832
2845,3,13.272221565246582
2845,4,14.280156135559082
2846,0,13.717799186706543
2846,1,14.053916931152344
2846,2,15.202466011047363
2846,3,14.423253059387207
2846,4,13.838045120239258
2847,0,10.777626037597656
2847,1,10.255374908447266
2847,2,11.124878883361816
2847,3,12.512614250183105
2847,4,11.838994026184082
2848,0,13.165214538574219
2848,1,12.568077087402344
2848,2,12.541565895080566
2848,3,13.087383270263672
2848,4,12.839816093444824
2849,0,11.046846389770508
2849,1,10.514029502868652
2849,2,10.223812103271484
2849,3,10.44180679321289
2849,4,11.043401718139648
2850,0,5.401830196380615
2850,1,4.842394828796387
2850,2,5.016246795654297
2850,3,5.425843715667725
2850,4,5.747382164001465
2851,0,12.419966697692871
2851,1,9.323741912841797
2851,2,8.4124174118042
2851,3,9.756644248962402
2851,4,13.301990509033203
2852,0,12.725991249084473
2852,1,12.673538208007812
2852,2,10.815589904785156
2852,3,12.52542495727539
2852,4,12.954192161560059
2853,0,11.98499870300293
2853,1,11.457449913024902
2853,2,12.392767906188965
2853,3,10.977828979492188
2853,4,10.33594799041748
2854,0,10.055965423583984
2854,1,10.277212142944336
2854,2,11.019536972045898
2854,3,9.920304298400879
2854,4,10.28161334991455
2855,0,9.738677978515625
2855,1,8.430877685546875
2855,2,9.96832275390625
2855,3,9.639774322509766
2855,4,9.374567031860352
2856,0,11.064108848571777
2856,1,10.863811492919922
2856,2,10.931659698486328
2856,3,10.516073226928711
2856,4,10.533758163452148
2857,0,9.647134780883789
2857,1,8.190619468688965
2857,2,9.114862442016602
2857,3,8.820902824401855
2857,4,9.498697280883789
2858,0,8.50599193572998
2858,1,13.318656921386719
2858,2,8.841897010803223
2858,3,9.75933837890625
2858,4,8.336891174316406
2859,0,9.330377578735352
2859,1,9.29140853881836
2859,2,10.332967758178711
2859,3,8.609001159667969
2859,4,8.981006622314453
2860,0,13.94154167175293
2860,1,13.537764549255371
2860,2,14.028580665588379
2860,3,13.584360122680664
2860,4,13.31143569946289
2861,0,11.613487243652344
2861,1,12.790952682495117
2861,2,12.225798606872559
2861,3,11.106880187988281
2861,4,11.303189277648926
2862,0,11.7449312210083
2862,1,11.30915641784668
2862,2,11.214059829711914
2862,3,11.286140441894531
2862,4,11.2064790725708
2863,0,11.638376235961914
2863,1,10.362618446350098
2863,2,11.702445030212402
2863,3,11.267849922180176
2863,4,11.876530647277832
2864,0,3.840264320373535
2864,1,5.996527194976807
2864,2,7.552846431732178
2864,3,3.5620951652526855
2864,4,5.650058269500732
2865,0,11.322962760925293
2865,1,11.084477424621582
2865,2,11.121055603027344
2865,3,11.386539459228516
2865,4,11.676812171936035
2866,0,11.488276481628418
2866,1,12.334012985229492
2866,2,11.533364295959473
2866,3,10.798368453979492
2866,4,11.161969184875488
2867,0,11.705406188964844
2867,1,14.419746398925781
2867,2,14.86129093170166
2867,3,10.35099983215332
2867,4,11.560344696044922
2868,0,11.323744773864746
2868,1,10.28006649017334
2868,2,11.706448554992676
2868,3,11.153609275817871
2868,4,11.174232482910156
2869,0,10.376157760620117
2869,1,10.288310050964355
2869,2,11.324902534484863
2869,3,9.704713821411133
2869,4,9.697697639465332
2870,0,12.599458694458008
2870,1,14.693464279174805
2870,2,13.195231437683105
2870,3,13.190475463867188
2870,4,12.711200714111328
2871,0,10.420680046081543
2871,1,11.186260223388672
2871,2,11.876052856445312
2871,3,10.117559432983398
2871,4,10.563446044921875
2872,0,15.287550926208496
2872,1,15.353074073791504
2872,2,15.185001373291016
2872,3,15.026688575744629
2872,4,15.571173667907715
2873,0,7.932782173156738
2873,1,9.030379295349121
2873,2,8.60904312133789
2873,3,7.691390037536621
2873,4,8.029364585876465
2874,0,8.511680603027344
2874,1,10.738744735717773
2874,2,12.18830394744873
2874,3,10.101249694824219
2874,4,8.816452980041504
2875,0,11.917397499084473
2875,1,13.483254432678223
2875,2,12.988175392150879
2875,3,12.146933555603027
2875,4,12.457918167114258
2876,0,12.422962188720703
2876,1,13.887839317321777
2876,2,14.339584350585938
2876,3,13.025755882263184
2876,4,12.211287498474121
2877,0,12.464987754821777
2877,1,12.272836685180664
2877,2,12.377233505249023
2877,3,12.072861671447754
2877,4,13.401907920837402
2878,0,6.089753150939941
2878,1,9.9052095413208
2878,2,9.270614624023438
2878,3,5.447132587432861
2878,4,7.652759552001953
2879,0,12.47945785522461
2879,1,12.291804313659668
2879,2,10.483574867248535
2879,3,12.717055320739746
2879,4,12.60246753692627
2880,0,12.280123710632324
2880,1,12.106521606445312
2880,2,12.469354629516602
2880,3,12.022010803222656
2880,4,10.52304744720459
2881,0,11.599737167358398
2881,1,13.498099327087402
2881,2,13.739261627197266
2881,3,10.796934127807617
2881,4,11.229935646057129
2882,0,6.877048969268799
2882,1,6.354099273681641
2882,2,7.046792507171631
2882,3,6.389599323272705
2882,4,6.705149173736572
2883,0,10.41296672821045
2883,1,10.199897766113281
2883,2,9.974603652954102
2883,3,8.593807220458984
2883,4,10.172563552856445
2884,0,11.685943603515625
2884,1,13.757018089294434
2884,2,12.94876480102539
2884,3,10.855696678161621
2884,4,12.067612648010254
2885,0,9.07231616973877
2885,1,10.875858306884766
2885,2,11.83609390258789
2885,3,7.9493818283081055
2885,4,9.158916473388672
2886,0,12.972482681274414
2886,1,13.764813423156738
2886,2,13.619086265563965
2886,3,13.033963203430176
2886,4,12.608214378356934
2887,0,13.165778160095215
2887,1,13.014278411865234
2887,2,14.181194305419922
2887,3,13.204381942749023
2887,4,13.506019592285156
2888,0,8.890588760375977
2888,1,10.518073081970215
2888,2,11.115479469299316
2888,3,9.399823188781738
2888,4,9.444954872131348
2889,0,12.016276359558105
2889,1,13.905067443847656
2889,2,13.838401794433594
2889,3,12.540268898010254
2889,4,12.804486274719238
2890,0,14.44133472442627
2890,1,14.38480281829834
2890,2,15.587764739990234
2890,3,15.143166542053223
2890,4,14.037273406982422
2891,0,10.106709480285645
2891,1,9.081685066223145
2891,2,9.504053115844727
2891,3,10.510489463806152
2891,4,11.180110931396484
2892,0,10.289660453796387
2892,1,11.411826133728027
2892,2,10.572120666503906
2892,3,9.793588638305664
2892,4,10.610416412353516
2893,0,9.160208702087402
2893,1,9.993234634399414
2893,2,7.8298139572143555
2893,3,9.948807716369629
2893,4,9.824131965637207
2894,0,6.267765998840332
2894,1,6.743377208709717
2894,2,7.746798992156982
2894,3,5.650953769683838
2894,4,5.609677314758301
2895,0,9.844233512878418
2895,1,8.34712028503418
2895,2,8.707377433776855
2895,3,9.910093307495117
2895,4,9.151204109191895
2896,0,9.484712600708008
2896,1,10.94406795501709
2896,2,10.753473281860352
2896,3,9.214716911315918
2896,4,9.194955825805664
2897,0,14.16758918762207
2897,1,12.31529426574707
2897,2,12.717013359069824
2897,3,14.590744018554688
2897,4,14.319073677062988
2898,0,11.149873733520508
2898,1,11.85194206237793
2898,2,12.306982040405273
2898,3,12.533989906311035
2898,4,12.481192588806152
2899,0,8.358529090881348
2899,1,10.451940536499023
2899,2,9.02574634552002
2899,3,4.502312660217285
2899,4,8.633516311645508
2900,0,14.974717140197754
2900,1,13.581013679504395
2900,2,13.462682723999023
2900,3,14.349379539489746
2900,4,14.950786590576172
2901,0,11.265137672424316
2901,1,11.463172912597656
2901,2,11.877447128295898
2901,3,11.130358695983887
2901,4,10.704940795898438
2902,0,10.912236213684082
2902,1,8.541638374328613
2902,2,10.48495864868164
2902,3,9.088061332702637
2902,4,10.45684814453125
2903,0,10.60546875
2903,1,11.264190673828125
2903,2,12.142457008361816
2903,3,11.065696716308594
2903,4,10.618854522705078
2904,0,5.33111572265625
2904,1,9.559127807617188
2904,2,9.207552909851074
2904,3,7.3347697257995605
2904,4,5.962893962860107
2905,0,10.176143646240234
2905,1,9.68821907043457
2905,2,11.87700080871582
2905,3,7.647556304931641
2905,4,8.49085521697998
2906,0,14.062296867370605
2906,1,12.927705764770508
2906,2,13.83658218383789
2906,3,14.814277648925781
2906,4,14.535796165466309
2907,0,6.965869426727295
2907,1,10.243363380432129
2907,2,8.8974027633667
2907,3,8.274511337280273
2907,4,8.903131484985352
2908,0,12.042583465576172
2908,1,10.89511775970459
2908,2,11.414046287536621
2908,3,11.238072395324707
2908,4,11.388585090637207
2909,0,10.372237205505371
2909,1,11.849905967712402
2909,2,12.34985065460205
2909,3,9.614705085754395
2909,4,10.196711540222168
2910,0,8.24361515045166
2910,1,8.615676879882812
2910,2,7.824342727661133
2910,3,6.694692611694336
2910,4,7.752990245819092
2911,0,9.865604400634766
2911,1,10.716259956359863
2911,2,10.596503257751465
2911,3,10.495179176330566
2911,4,10.207380294799805
2912,0,13.214436531066895
2912,1,15.491605758666992
2912,2,15.700119972229004
2912,3,13.986347198486328
2912,4,14.185402870178223
2913,0,9.84825325012207
2913,1,10.35995864868164
2913,2,10.253055572509766
2913,3,7.777897357940674
2913,4,9.889836311340332
2914,0,10.406496047973633
2914,1,10.866244316101074
2914,2,13.347248077392578
2914,3,11.220993995666504
2914,4,10.2296142578125
2915,0,3.6787426471710205
2915,1,3.212718963623047
2915,2,3.434638023376465
2915,3,3.377041816711426
2915,4,5.099127292633057
2916,0,8.14230728149414
2916,1,9.196383476257324
2916,2,9.300313949584961
2916,3,7.689291954040527
2916,4,7.956398963928223
2917,0,14.168180465698242
2917,1,14.457958221435547
2917,2,14.620863914489746
2917,3,14.574408531188965
2917,4,14.56104850769043
2918,0,5.718540668487549
2918,1,6.51150369644165
2918,2,6.650049686431885
2918,3,5.723046779632568
2918,4,5.354692459106445
2919,0,13.854676246643066
2919,1,13.246960639953613
2919,2,14.103334426879883
2919,3,13.148869514465332
2919,4,15.369391441345215
2920,0,15.623946189880371
2920,1,15.230964660644531
2920,2,15.061087608337402
2920,3,15.739668846130371
2920,4,15.707048416137695
2921,0,13.214509963989258
2921,1,13.284926414489746
2921,2,13.099968910217285
2921,3,11.293147087097168
2921,4,14.20554256439209
2922,0,10.29733657836914
2922,1,13.75400447845459
2922,2,13.7359619140625
2922,3,11.265562057495117
2922,4,10.971376419067383
2923,0,11.454059600830078
2923,1,13.254881858825684
2923,2,13.161794662475586
2923,3,11.389228820800781
2923,4,13.794249534606934
2924,0,9.869812965393066
2924,1,10.182408332824707
2924,2,9.904409408569336
2924,3,8.20932388305664
2924,4,9.726377487182617
2925,0,11.043113708496094
2925,1,8.612710952758789
2925,2,9.344250679016113
2925,3,10.061835289001465
2925,4,10.97897720336914
2926,0,9.636780738830566
2926,1,10.93649959564209
2926,2,12.348762512207031
2926,3,8.94993782043457
2926,4,10.02258014678955
2927,0,13.448310852050781
2927,1,12.905366897583008
2927,2,12.531232833862305
2927,3,12.76296329498291
2927,4,12.715493202209473
2928,0,13.058039665222168
2928,1,12.653118133544922
2928,2,13.140982627868652
2928,3,12.426777839660645
2928,4,13.019896507263184
2929,0,3.1593048572540283
2929,1,3.6879169940948486
2929,2,4.704953193664551
2929,3,5.857551097869873
2929,4,6.133800983428955
2930,0,14.043212890625
2930,1,14.721341133117676
2930,2,14.348938941955566
2930,3,12.432598114013672
2930,4,14.186840057373047
2931,0,10.50265884399414
2931,1,11.891742706298828
2931,2,12.022026062011719
2931,3,10.433584213256836
2931,4,10.0029878616333
2932,0,8.458051681518555
2932,1,8.933408737182617
2932,2,10.279879570007324
2932,3,8.783446311950684
2932,4,8.456687927246094
2933,0,8.852280616760254
2933,1,12.436639785766602
2933,2,11.13059139251709
2933,3,8.276790618896484
2933,4,8.488617897033691
2934,0,10.2807035446167
2934,1,11.563172340393066
2934,2,11.581003189086914
2934,3,10.463150024414062
2934,4,10.630976676940918
2935,0,13.325403213500977
2935,1,14.63819694519043
2935,2,8.728995323181152
2935,3,13.785247802734375
2935,4,14.401973724365234
2936,0,9.127625465393066
2936,1,8.612377166748047
2936,2,8.348716735839844
2936,3,9.032743453979492
2936,4,9.260913848876953
2937,0,5.308605670928955
2937,1,8.419554710388184
2937,2,9.315584182739258
2937,3,3.906526803970337
2937,4,6.2820611000061035
2938,0,9.041705131530762
2938,1,7.3700432777404785
2938,2,7.614505767822266
2938,3,7.341144561767578
2938,4,8.325433731079102
2939,0,8.105001449584961
2939,1,7.165891647338867
2939,2,6.842308521270752
2939,3,7.992971897125244
2939,4,7.451973915100098
2940,0,11.262133598327637
2940,1,11.271388053894043
2940,2,11.508367538452148
2940,3,11.187762260437012
2940,4,10.429551124572754
2941,0,12.174609184265137
2941,1,14.514917373657227
2941,2,14.19892692565918
2941,3,14.691316604614258
2941,4,13.193483352661133
2942,0,9.807337760925293
2942,1,8.985892295837402
2942,2,9.407703399658203
2942,3,8.772189140319824
2942,4,9.137700080871582
2943,0,15.844489097595215
2943,1,14.829337120056152
2943,2,10.628851890563965
2943,3,15.837640762329102
2943,4,15.296893119812012
2944,0,11.693272590637207
2944,1,11.792710304260254
2944,2,11.990050315856934
2944,3,10.843110084533691
2944,4,12.090279579162598
2945,0,7.5760393142700195
2945,1,7.484710216522217
2945,2,7.501437664031982
2945,3,7.15204381942749
2945,4,8.571532249450684
2946,0,11.295612335205078
2946,1,13.995829582214355
2946,2,13.703448295593262
2946,3,11.846613883972168
2946,4,11.775010108947754
2947,0,7.679503440856934
2947,1,8.978058815002441
2947,2,8.716120719909668
2947,3,7.118402481079102
2947,4,8.257471084594727
2948,0,14.215622901916504
2948,1,14.161162376403809
2948,2,13.263124465942383
2948,3,12.33857250213623
2948,4,15.00440502166748
2949,0,12.332438468933105
2949,1,12.531490325927734
2949,2,10.729952812194824
2949,3,13.22977066040039
2949,4,12.730199813842773
2950,0,7.756869316101074
2950,1,9.395927429199219
2950,2,8.683595657348633
2950,3,6.326590061187744
2950,4,6.9339599609375
2951,0,12.35606861114502
2951,1,13.288012504577637
2951,2,13.639774322509766
2951,3,12.132391929626465
2951,4,9.797825813293457
2952,0,13.24260139465332
2952,1,14.218121528625488
2952,2,14.012558937072754
2952,3,12.813356399536133
2952,4,13.50364875793457
2953,0,10.67720890045166
2953,1,12.606364250183105
2953,2,13.226335525512695
2953,3,11.134485244750977
2953,4,10.136636734008789
2954,0,10.815999984741211
2954,1,10.485469818115234
2954,2,11.170629501342773
2954,3,11.120920181274414
2954,4,10.85039234161377
2955,0,10.021161079406738
2955,1,10.54719352722168
2955,2,10.973220825195312
2955,3,10.843992233276367
2955,4,10.319917678833008
2956,0,13.472858428955078
2956,1,8.397984504699707
2956,2,9.178252220153809
2956,3,14.128582000732422
2956,4,13.409171104431152
2957,0,13.915475845336914
2957,1,14.082230567932129
2957,2,13.422904014587402
2957,3,14.699013710021973
2957,4,14.154704093933105
2958,0,15.221980094909668
2958,1,12.474553108215332
2958,2,12.401725769042969
2958,3,14.716132164001465
2958,4,14.214984893798828
2959,0,3.063608407974243
2959,1,7.989051818847656
2959,2,7.362667083740234
2959,3,3.8274240493774414
2959,4,4.228318691253662
2960,0,11.141674995422363
2960,1,11.0347318649292
2960,2,12.221227645874023
2960,3,11.05586051940918
2960,4,10.8615140914917
2961,0,10.49404525756836
2961,1,10.39240837097168
2961,2,10.380207061767578
2961,3,9.891417503356934
2961,4,10.368555068969727
2962,0,11.596831321716309
2962,1,12.400835990905762
2962,2,12.664976119995117
2962,3,11.683327674865723
2962,4,12.753299713134766
2963,0,13.940126419067383
2963,1,12.575177192687988
2963,2,12.761516571044922
2963,3,12.676918983459473
2963,4,13.037176132202148
2964,0,5.479043006896973
2964,1,7.180010795593262
2964,2,8.065221786499023
2964,3,3.172625780105591
2964,4,6.0029730796813965
2965,0,12.570494651794434
2965,1,10.486603736877441
2965,2,10.84583568572998
2965,3,11.44891357421875
2965,4,12.962159156799316
2966,0,11.292970657348633
2966,1,9.442190170288086
2966,2,6.693096160888672
2966,3,10.113624572753906
2966,4,10.707361221313477
2967,0,9.354350090026855
2967,1,10.43786334991455
2967,2,9.841245651245117
2967,3,9.99271011352539
2967,4,9.138249397277832
2968,0,14.054409980773926
2968,1,13.100265502929688
2968,2,14.269095420837402
2968,3,13.24548625946045
2968,4,13.870020866394043
2969,0,9.666605949401855
2969,1,10.970379829406738
2969,2,11.183465003967285
2969,3,6.2834792137146
2969,4,9.508894920349121
2970,0,12.933765411376953
2970,1,13.629111289978027
2970,2,13.936339378356934
2970,3,13.489588737487793
2970,4,13.058918952941895
2971,0,6.358175754547119
2971,1,7.210732936859131
2971,2,7.978396892547607
2971,3,5.156824588775635
2971,4,6.023377418518066
2972,0,9.044158935546875
2972,1,9.479446411132812
2972,2,10.337158203125
2972,3,10.380655288696289
2972,4,10.128702163696289
2973,0,9.092626571655273
2973,1,10.141508102416992
2973,2,11.018046379089355
2973,3,9.594768524169922
2973,4,8.95193862915039
2974,0,12.232043266296387
2974,1,12.772201538085938
2974,2,12.947861671447754
2974,3,10.689750671386719
2974,4,11.708247184753418
2975,0,8.434235572814941
2975,1,9.688945770263672
2975,2,9.37208366394043
2975,3,8.078740119934082
2975,4,8.49057388305664
2976,0,9.11211109161377
2976,1,10.924381256103516
2976,2,10.443628311157227
2976,3,10.80836009979248
2976,4,9.059755325317383
2977,0,13.043630599975586
2977,1,11.333351135253906
2977,2,9.64670467376709
2977,3,8.945477485656738
2977,4,11.268348693847656
2978,0,15.083257675170898
2978,1,10.359332084655762
2978,2,9.335901260375977
2978,3,14.279038429260254
2978,4,15.049479484558105
2979,0,14.267205238342285
2979,1,13.756319999694824
2979,2,13.396825790405273
2979,3,14.346667289733887
2979,4,13.682676315307617
2980,0,9.3064603805542
2980,1,9.580575942993164
2980,2,10.112543106079102
2980,3,9.386771202087402
2980,4,9.343127250671387
2981,0,10.7847261428833
2981,1,11.692917823791504
2981,2,12.685004234313965
2981,3,11.251775741577148
2981,4,11.292221069335938
2982,0,10.175653457641602
2982,1,10.740978240966797
2982,2,11.225072860717773
2982,3,9.86815357208252
2982,4,9.726396560668945
2983,0,9.277668952941895
2983,1,10.572904586791992
2983,2,11.780523300170898
2983,3,8.447123527526855
2983,4,9.734070777893066
2984,0,8.589139938354492
2984,1,8.82227611541748
2984,2,8.55751895904541
2984,3,11.20361614227295
2984,4,8.066330909729004
2985,0,8.816410064697266
2985,1,10.301848411560059
2985,2,10.757704734802246
2985,3,8.567266464233398
2985,4,9.601923942565918
2986,0,8.457218170166016
2986,1,9.578985214233398
2986,2,10.269779205322266
2986,3,7.304752349853516
2986,4,7.9344329833984375
2987,0,8.945619583129883
2987,1,10.818907737731934
2987,2,12.249588012695312
2987,3,9.175341606140137
2987,4,9.572005271911621
2988,0,10.821236610412598
2988,1,12.070859909057617
2988,2,14.552336692810059
2988,3,12.109457015991211
2988,4,11.025714874267578
2989,0,14.422290802001953
2989,1,13.389995574951172
2989,2,15.21608829498291
2989,3,13.178847312927246
2989,4,15.12775993347168
2990,0,9.71584701538086
2990,1,8.57133674621582
2990,2,11.34493637084961
2990,3,8.326156616210938
2990,4,8.805113792419434
2991,0,9.37359619140625
2991,1,11.168280601501465
2991,2,14.821745872497559
2991,3,10.966662406921387
2991,4,11.709602355957031
2992,0,7.653067588806152
2992,1,10.969776153564453
2992,2,11.04747200012207
2992,3,5.979260444641113
2992,4,8.084837913513184
2993,0,11.957486152648926
2993,1,12.561175346374512
2993,2,10.578584671020508
2993,3,11.002717018127441
2993,4,11.87381362915039
2994,0,11.665571212768555
2994,1,11.517518043518066
2994,2,10.653952598571777
2994,3,10.344700813293457
2994,4,10.66157341003418
2995,0,13.44030475616455
2995,1,10.441814422607422
2995,2,11.496407508850098
2995,3,11.629956245422363
2995,4,14.037069320678711
2996,0,10.019171714782715
2996,1,12.818018913269043
2996,2,12.885083198547363
2996,3,11.65318775177002
2996,4,9.175806045532227
2997,0,10.167996406555176
2997,1,10.280782699584961
2997,2,10.995295524597168
2997,3,10.977296829223633
2997,4,11.049388885498047
2998,0,6.2472991943359375
2998,1,6.8180413246154785
2998,2,7.010866165161133
2998,3,5.49753475189209
2998,4,5.985108852386475
2999,0,14.15003776550293
2999,1,11.926131248474121
2999,2,12.730624198913574
2999,3,13.77739429473877
2999,4,12.253240585327148
3000,0,16.071407318115234
3000,1,14.958544731140137
3000,2,13.392706871032715
3000,3,15.81310749053955
3000,4,15.852970123291016
3001,0,14.075879096984863
3001,1,14.16547679901123
3001,2,14.552718162536621
3001,3,13.664937973022461
3001,4,13.995652198791504
3002,0,13.452354431152344
3002,1,12.330883026123047
3002,2,12.494865417480469
3002,3,12.419910430908203
3002,4,12.647936820983887
3003,0,10.245683670043945
3003,1,8.822161674499512
3003,2,8.897350311279297
3003,3,8.836181640625
3003,4,8.591333389282227
3004,0,4.890942096710205
3004,1,9.412413597106934
3004,2,11.218865394592285
3004,3,3.4966773986816406
3004,4,5.514211654663086
3005,0,11.69450855255127
3005,1,11.630435943603516
3005,2,12.46545696258545
3005,3,9.511008262634277
3005,4,10.613969802856445
3006,0,8.721297264099121
3006,1,10.633447647094727
3006,2,10.69254207611084
3006,3,7.8635382652282715
3006,4,8.56783390045166
3007,0,12.18486499786377
3007,1,15.341958045959473
3007,2,14.226837158203125
3007,3,10.86496639251709
3007,4,9.548198699951172
3008,0,9.20640754699707
3008,1,13.572905540466309
3008,2,12.776471138000488
3008,3,10.99390697479248
3008,4,9.633783340454102
3009,0,3.931654214859009
3009,1,7.732449054718018
3009,2,10.569904327392578
3009,3,3.2469756603240967
3009,4,3.233854055404663
3010,0,11.68634033203125
3010,1,13.641392707824707
3010,2,15.00953483581543
3010,3,11.245698928833008
3010,4,11.93295669555664
3011,0,15.639860153198242
3011,1,15.331659317016602
3011,2,15.573309898376465
3011,3,15.47221565246582
3011,4,16.005447387695312
3012,0,13.316656112670898
3012,1,11.755716323852539
3012,2,11.39741325378418
3012,3,12.757550239562988
3012,4,12.330317497253418
3013,0,6.7445969581604
3013,1,7.736720085144043
3013,2,7.621511936187744
3013,3,7.002662658691406
3013,4,7.387791633605957
3014,0,7.184564113616943
3014,1,7.646536350250244
3014,2,7.5955424308776855
3014,3,6.925557613372803
3014,4,7.670455455780029
3015,0,9.721052169799805
3015,1,10.403510093688965
3015,2,10.761219024658203
3015,3,10.48943042755127
3015,4,9.983914375305176
3016,0,9.025403022766113
3016,1,9.984498977661133
3016,2,9.600147247314453
3016,3,9.48024845123291
3016,4,8.723587989807129
3017,0,12.70502758026123
3017,1,13.640348434448242
3017,2,14.473093032836914
3017,3,11.766406059265137
3017,4,12.187597274780273
3018,0,7.603706359863281
3018,1,8.109790802001953
3018,2,8.29549503326416
3018,3,9.81606674194336
3018,4,10.115141868591309
3019,0,7.517441749572754
3019,1,10.190923690795898
3019,2,10.760360717773438
3019,3,7.44315767288208
3019,4,7.536890506744385
3020,0,4.985977649688721
3020,1,10.449557304382324
3020,2,10.456206321716309
3020,3,5.459559917449951
3020,4,4.719064235687256
3021,0,13.34028148651123
3021,1,14.981682777404785
3021,2,14.537643432617188
3021,3,13.676236152648926
3021,4,13.087170600891113
3022,0,10.084216117858887
3022,1,10.624420166015625
3022,2,14.680976867675781
3022,3,9.615738868713379
3022,4,9.72195816040039
3023,0,8.480083465576172
3023,1,9.443181991577148
3023,2,11.16152572631836
3023,3,9.61414623260498
3023,4,9.288463592529297
3024,0,14.453187942504883
3024,1,14.725244522094727
3024,2,15.1709623336792
3024,3,14.683736801147461
3024,4,15.063751220703125
3025,0,9.962783813476562
3025,1,7.080957412719727
3025,2,6.697817325592041
3025,3,6.458569526672363
3025,4,6.009112358093262
3026,0,10.72549057006836
3026,1,9.474773406982422
3026,2,8.434452056884766
3026,3,3.960069179534912
3026,4,10.73998737335205
3027,0,12.607339859008789
3027,1,11.805563926696777
3027,2,11.184637069702148
3027,3,13.031003952026367
3027,4,13.015789031982422
3028,0,11.55107307434082
3028,1,10.167703628540039
3028,2,11.534385681152344
3028,3,11.371593475341797
3028,4,11.844603538513184
3029,0,12.409530639648438
3029,1,12.626023292541504
3029,2,11.581064224243164
3029,3,13.12817096710205
3029,4,12.26463794708252
3030,0,6.060519695281982
3030,1,10.25314998626709
3030,2,9.9994478225708
3030,3,8.510899543762207
3030,4,6.675248146057129
3031,0,10.304681777954102
3031,1,13.37964153289795
3031,2,10.03967571258545
3031,3,10.821942329406738
3031,4,10.452392578125
3032,0,9.36345386505127
3032,1,9.681779861450195
3032,2,11.035599708557129
3032,3,9.800150871276855
3032,4,8.997282028198242
3033,0,7.7989501953125
3033,1,8.786075592041016
3033,2,8.820527076721191
3033,3,8.622601509094238
3033,4,8.768421173095703
3034,0,8.689983367919922
3034,1,10.610377311706543
3034,2,11.730969429016113
3034,3,5.833073616027832
3034,4,8.595829963684082
3035,0,10.134922981262207
3035,1,9.658110618591309
3035,2,9.696654319763184
3035,3,8.756300926208496
3035,4,10.445536613464355
3036,0,10.227818489074707
3036,1,12.153592109680176
3036,2,12.319625854492188
3036,3,6.163593769073486
3036,4,11.498576164245605
3037,0,8.227627754211426
3037,1,6.404494762420654
3037,2,8.87459659576416
3037,3,8.931375503540039
3037,4,8.070353507995605
3038,0,11.97370719909668
3038,1,11.675985336303711
3038,2,12.01540756225586
3038,3,10.820718765258789
3038,4,11.318687438964844
3039,0,11.168129920959473
3039,1,10.183446884155273
3039,2,10.708831787109375
3039,3,8.732515335083008
3039,4,9.639866828918457
3040,0,8.075512886047363
3040,1,11.253801345825195
3040,2,10.759674072265625
3040,3,7.6503729820251465
3040,4,8.166438102722168
3041,0,10.164372444152832
3041,1,10.434480667114258
3041,2,10.109431266784668
3041,3,9.040350914001465
3041,4,10.400254249572754
3042,0,5.119736194610596
3042,1,2.9472415447235107
3042,2,5.120174884796143
3042,3,2.3634889125823975
3042,4,2.751225233078003
3043,0,8.910078048706055
3043,1,13.143965721130371
3043,2,12.364415168762207
3043,3,8.206647872924805
3043,4,5.098127365112305
3044,0,11.006258964538574
3044,1,12.283836364746094
3044,2,12.470849990844727
3044,3,10.592781066894531
3044,4,11.190863609313965
3045,0,11.676544189453125
3045,1,12.21355152130127
3045,2,12.762212753295898
3045,3,11.413658142089844
3045,4,11.967294692993164
3046,0,11.384807586669922
3046,1,10.672745704650879
3046,2,9.838221549987793
3046,3,8.70528793334961
3046,4,12.010148048400879
3047,0,8.090989112854004
3047,1,8.295028686523438
3047,2,8.099122047424316
3047,3,7.616987705230713
3047,4,7.90416145324707
3048,0,10.128217697143555
3048,1,6.804695129394531
3048,2,5.593353748321533
3048,3,6.854918479919434
3048,4,9.119122505187988
3049,0,9.061100959777832
3049,1,10.11734676361084
3049,2,10.569574356079102
3049,3,7.406093120574951
3049,4,8.20517349243164
3050,0,13.651047706604004
3050,1,11.869185447692871
3050,2,12.283849716186523
3050,3,12.6224365234375
3050,4,13.180245399475098
3051,0,10.838619232177734
3051,1,11.845035552978516
3051,2,11.650691032409668
3051,3,10.448780059814453
3051,4,10.407289505004883
3052,0,7.158849716186523
3052,1,9.610808372497559
3052,2,10.180785179138184
3052,3,6.030532360076904
3052,4,7.514005184173584
3053,0,9.447169303894043
3053,1,10.047819137573242
3053,2,11.234654426574707
3053,3,10.759577751159668
3053,4,8.383661270141602
3054,0,6.321794509887695
3054,1,4.352839946746826
3054,2,3.667118787765503
3054,3,3.1836414337158203
3054,4,7.0239787101745605
3055,0,6.619897842407227
3055,1,8.8729248046875
3055,2,6.698266983032227
3055,3,5.93787956237793
3055,4,7.102682113647461
3056,0,14.400688171386719
3056,1,15.419522285461426
3056,2,15.89139461517334
3056,3,15.127283096313477
3056,4,15.732136726379395
3057,0,11.574585914611816
3057,1,12.89366626739502
3057,2,12.206992149353027
3057,3,9.47244644165039
3057,4,11.30611515045166
3058,0,8.619894981384277
3058,1,9.058510780334473
3058,2,7.108649730682373
3058,3,9.03005599975586
3058,4,8.002367973327637
3059,0,8.341768264770508
3059,1,9.75220012664795
3059,2,9.743795394897461
3059,3,6.33939790725708
3059,4,8.424372673034668
3060,0,7.569192886352539
3060,1,8.211380004882812
3060,2,7.502950668334961
3060,3,7.434226989746094
3060,4,7.533121109008789
3061,0,9.451173782348633
3061,1,10.076047897338867
3061,2,10.996156692504883
3061,3,12.234100341796875
3061,4,10.29745101928711
3062,0,12.333767890930176
3062,1,12.606929779052734
3062,2,12.911035537719727
3062,3,11.504639625549316
3062,4,12.71929931640625
3063,0,12.901837348937988
3063,1,12.624934196472168
3063,2,12.211531639099121
3063,3,12.012298583984375
3063,4,12.82539176940918
3064,0,8.511136054992676
3064,1,8.469072341918945
3064,2,9.308746337890625
3064,3,7.968286514282227
3064,4,7.651791572570801
3065,0,7.883810043334961
3065,1,6.258105754852295
3065,2,5.746466636657715
3065,3,8.265462875366211
3065,4,8.64379596710205
3066,0,8.443374633789062
3066,1,12.110872268676758
3066,2,11.925113677978516
3066,3,7.638498783111572
3066,4,6.862929344177246
3067,0,14.977231979370117
3067,1,15.557572364807129
3067,2,15.285725593566895
3067,3,15.335610389709473
3067,4,15.096882820129395
3068,0,12.278944969177246
3068,1,12.263696670532227
3068,2,12.201620101928711
3068,3,11.147664070129395
3068,4,12.005271911621094
3069,0,9.997395515441895
3069,1,11.604772567749023
3069,2,12.18952751159668
3069,3,9.87191104888916
3069,4,10.053621292114258
3070,0,10.1366548538208
3070,1,9.669687271118164
3070,2,10.509363174438477
3070,3,10.763443946838379
3070,4,9.725625038146973
3071,0,8.331253051757812
3071,1,9.845450401306152
3071,2,10.233997344970703
3071,3,7.225344181060791
3071,4,9.169084548950195
3072,0,7.312062740325928
3072,1,10.293375015258789
3072,2,9.649847030639648
3072,3,8.424757957458496
3072,4,8.017969131469727
3073,0,8.95156192779541
3073,1,12.749217987060547
3073,2,12.409005165100098
3073,3,11.049357414245605
3073,4,9.675129890441895
3074,0,12.821829795837402
3074,1,10.894079208374023
3074,2,14.21037483215332
3074,3,11.295158386230469
3074,4,13.428683280944824
3075,0,8.699342727661133
3075,1,9.093143463134766
3075,2,8.004974365234375
3075,3,8.000589370727539
3075,4,8.71165657043457
3076,0,11.502857208251953
3076,1,9.254855155944824
3076,2,9.816314697265625
3076,3,9.367895126342773
3076,4,10.744817733764648
3077,0,8.268336296081543
3077,1,8.296340942382812
3077,2,7.3805251121521
3077,3,9.377981185913086
3077,4,6.286972999572754
3078,0,10.466618537902832
3078,1,11.956469535827637
3078,2,9.736449241638184
3078,3,10.250540733337402
3078,4,11.036643028259277
3079,0,10.247282028198242
3079,1,11.968226432800293
3079,2,11.460861206054688
3079,3,10.115148544311523
3079,4,10.815807342529297
3080,0,6.954928398132324
3080,1,7.495296955108643
3080,2,9.142125129699707
3080,3,7.6362080574035645
3080,4,7.63137149810791
3081,0,9.057381629943848
3081,1,10.089191436767578
3081,2,10.045010566711426
3081,3,9.399313926696777
3081,4,9.360726356506348
3082,0,15.462013244628906
3082,1,16.02254295349121
3082,2,16.049806594848633
3082,3,14.596267700195312
3082,4,15.42296028137207
3083,0,11.989180564880371
3083,1,13.164902687072754
3083,2,13.701881408691406
3083,3,12.495572090148926
3083,4,12.30082893371582
3084,0,10.763747215270996
3084,1,12.989712715148926
3084,2,12.855920791625977
3084,3,11.318390846252441
3084,4,11.268091201782227
3085,0,13.053238868713379
3085,1,13.838521003723145
3085,2,12.98340129852295
3085,3,12.679615020751953
3085,4,12.760170936584473
3086,0,11.576933860778809
3086,1,12.606016159057617
3086,2,12.856958389282227
3086,3,10.668282508850098
3086,4,12.64185905456543
3087,0,9.028206825256348
3087,1,9.262950897216797
3087,2,10.230385780334473
3087,3,8.207498550415039
3087,4,8.988597869873047
3088,0,2.622220039367676
3088,1,8.489933013916016
3088,2,4.6801300048828125
3088,3,-1.416815161705017
3088,4,3.094994068145752
3089,0,8.491159439086914
3089,1,5.446508407592773
3089,2,7.371269226074219
3089,3,8.383610725402832
3089,4,9.160503387451172
3090,0,8.56347942352295
3090,1,8.485923767089844
3090,2,9.888460159301758
3090,3,8.009208679199219
3090,4,7.974272727966309
3091,0,11.04448413848877
3091,1,11.153404235839844
3091,2,10.880044937133789
3091,3,11.437215805053711
3091,4,10.363492965698242
3092,0,10.625662803649902
3092,1,7.435277938842773
3092,2,11.030645370483398
3092,3,10.747733116149902
3092,4,11.750894546508789
3093,0,14.16348648071289
3093,1,15.445311546325684
3093,2,15.340728759765625
3093,3,11.731453895568848
3093,4,13.621076583862305
3094,0,5.444323539733887
3094,1,5.592749118804932
3094,2,5.44055700302124
3094,3,4.38767147064209
3094,4,5.50514554977417
3095,0,8.20163631439209
3095,1,10.32104206085205
3095,2,10.013794898986816
3095,3,8.264498710632324
3095,4,8.617958068847656
3096,0,9.06550407409668
3096,1,8.685881614685059
3096,2,8.998736381530762
3096,3,8.798568725585938
3096,4,9.345766067504883
3097,0,9.10413932800293
3097,1,10.124590873718262
3097,2,10.196002960205078
3097,3,9.272872924804688
3097,4,9.624808311462402
3098,0,13.023874282836914
3098,1,13.985640525817871
3098,2,13.747125625610352
3098,3,13.055712699890137
3098,4,14.239985466003418
3099,0,12.236824035644531
3099,1,12.964823722839355
3099,2,12.891470909118652
3099,3,12.143990516662598
3099,4,12.392144203186035
3100,0,4.396543502807617
3100,1,9.55246639251709
3100,2,9.26753044128418
3100,3,6.201797008514404
3100,4,8.271257400512695
3101,0,13.062036514282227
3101,1,15.149148941040039
3101,2,14.001702308654785
3101,3,15.079339981079102
3101,4,13.325458526611328
3102,0,15.032310485839844
3102,1,15.458760261535645
3102,2,15.136674880981445
3102,3,14.714678764343262
3102,4,14.807229042053223
3103,0,8.742081642150879
3103,1,8.600724220275879
3103,2,7.533084392547607
3103,3,7.719011306762695
3103,4,8.876124382019043
3104,0,8.521775245666504
3104,1,8.12459659576416
3104,2,8.36817455291748
3104,3,8.481470108032227
3104,4,8.663451194763184
3105,0,10.416394233703613
3105,1,10.675504684448242
3105,2,10.763111114501953
3105,3,10.52844524383545
3105,4,10.163368225097656
3106,0,11.892029762268066
3106,1,10.676884651184082
3106,2,11.402061462402344
3106,3,15.168256759643555
3106,4,11.312945365905762
3107,0,10.744091033935547
3107,1,9.212461471557617
3107,2,10.58276653289795
3107,3,7.575782775878906
3107,4,8.92834186553955
3108,0,8.417283058166504
3108,1,10.570785522460938
3108,2,12.408199310302734
3108,3,8.676496505737305
3108,4,9.404290199279785
3109,0,8.16075325012207
3109,1,6.214389324188232
3109,2,7.396315097808838
3109,3,5.890836238861084
3109,4,7.723330974578857
3110,0,8.026176452636719
3110,1,11.868185997009277
3110,2,11.507892608642578
3110,3,7.493460655212402
3110,4,8.126456260681152
3111,0,13.468324661254883
3111,1,12.982450485229492
3111,2,12.889892578125
3111,3,12.815174102783203
3111,4,13.204680442810059
3112,0,13.802329063415527
3112,1,13.876413345336914
3112,2,14.156643867492676
3112,3,13.4370698928833
3112,4,13.86935806274414
3113,0,-3.980875015258789
3113,1,7.179434776306152
3113,2,-4.455200672149658
3113,3,1.1976900100708008
3113,4,-2.1923141479492188
3114,0,11.39724349975586
3114,1,10.027910232543945
3114,2,13.166088104248047
3114,3,10.435103416442871
3114,4,11.433185577392578
3115,0,11.993639945983887
3115,1,13.218514442443848
3115,2,12.312699317932129
3115,3,10.897954940795898
3115,4,11.589573860168457
3116,0,7.08876371383667
3116,1,6.035400390625
3116,2,4.98086404800415
3116,3,8.709200859069824
3116,4,3.9394843578338623
3117,0,10.178813934326172
3117,1,10.86316967010498
3117,2,11.577425956726074
3117,3,9.914138793945312
3117,4,10.478005409240723
3118,0,7.013692855834961
3118,1,4.081910133361816
3118,2,4.020951747894287
3118,3,9.287376403808594
3118,4,9.446999549865723
3119,0,8.355310440063477
3119,1,9.754996299743652
3119,2,11.13742733001709
3119,3,9.009695053100586
3119,4,9.35311222076416
3120,0,14.347919464111328
3120,1,15.367941856384277
3120,2,14.786551475524902
3120,3,14.34537410736084
3120,4,14.148221015930176
3121,0,12.459416389465332
3121,1,12.823564529418945
3121,2,12.56374740600586
3121,3,12.094193458557129
3121,4,12.081867218017578
3122,0,10.543272972106934
3122,1,11.106902122497559
3122,2,11.640530586242676
3122,3,9.972042083740234
3122,4,9.670808792114258
3123,0,1.130515694618225
3123,1,6.1332268714904785
3123,2,7.565312385559082
3123,3,6.81667423248291
3123,4,-1.9788479804992676
3124,0,7.474076747894287
3124,1,8.329368591308594
3124,2,7.484364032745361
3124,3,5.566495418548584
3124,4,7.531165599822998
3125,0,12.750146865844727
3125,1,12.437668800354004
3125,2,12.72701644897461
3125,3,12.999310493469238
3125,4,12.49380111694336
3126,0,12.29127025604248
3126,1,11.814913749694824
3126,2,12.474652290344238
3126,3,12.708179473876953
3126,4,12.744140625
3127,0,10.479400634765625
3127,1,10.914706230163574
3127,2,11.13533878326416
3127,3,9.449729919433594
3127,4,10.773598670959473
3128,0,9.004776954650879
3128,1,8.639261245727539
3128,2,8.061341285705566
3128,3,8.940084457397461
3128,4,9.148272514343262
3129,0,10.566707611083984
3129,1,10.262121200561523
3129,2,10.910663604736328
3129,3,10.035572052001953
3129,4,10.057025909423828
3130,0,8.633007049560547
3130,1,10.899749755859375
3130,2,9.912191390991211
3130,3,10.55003547668457
3130,4,8.691584587097168
3131,0,12.42257022857666
3131,1,14.561638832092285
3131,2,14.695146560668945
3131,3,10.038070678710938
3131,4,13.609209060668945
3132,0,8.540545463562012
3132,1,10.364336013793945
3132,2,10.515520095825195
3132,3,7.620020389556885
3132,4,8.520968437194824
3133,0,6.791600227355957
3133,1,4.934288024902344
3133,2,6.1692728996276855
3133,3,0.7488384246826172
3133,4,7.663475513458252
3134,0,14.335843086242676
3134,1,14.071443557739258
3134,2,13.933890342712402
3134,3,13.846352577209473
3134,4,14.361471176147461
3135,0,10.806605339050293
3135,1,13.551173210144043
3135,2,14.078927040100098
3135,3,10.71580982208252
3135,4,11.546995162963867
3136,0,8.128094673156738
3136,1,12.572389602661133
3136,2,12.729592323303223
3136,3,7.9989333152771
3136,4,8.388477325439453
3137,0,14.192358016967773
3137,1,14.195816040039062
3137,2,15.02966022491455
3137,3,14.276010513305664
3137,4,14.471879005432129
3138,0,10.922102928161621
3138,1,10.522513389587402
3138,2,10.906819343566895
3138,3,9.385636329650879
3138,4,11.26457691192627
3139,0,13.429498672485352
3139,1,10.02294635772705
3139,2,12.94420051574707
3139,3,12.307347297668457
3139,4,13.90418529510498
3140,0,9.739636421203613
3140,1,10.625823020935059
3140,2,10.800004959106445
3140,3,9.90206527709961
3140,4,9.925992012023926
3141,0,9.976173400878906
3141,1,10.470866203308105
3141,2,10.641228675842285
3141,3,8.97309684753418
3141,4,9.817361831665039
3142,0,10.37402629852295
3142,1,11.147811889648438
3142,2,11.756957054138184
3142,3,9.298405647277832
3142,4,10.278433799743652
3143,0,12.30484676361084
3143,1,10.933180809020996
3143,2,10.757559776306152
3143,3,12.331918716430664
3143,4,12.576777458190918
3144,0,14.66101360321045
3144,1,13.587502479553223
3144,2,12.707752227783203
3144,3,14.418061256408691
3144,4,13.479095458984375
3145,0,9.544358253479004
3145,1,9.727875709533691
3145,2,9.715633392333984
3145,3,9.311758995056152
3145,4,9.53321361541748
3146,0,9.53405475616455
3146,1,9.313070297241211
3146,2,9.2989501953125
3146,3,9.098166465759277
3146,4,9.82984447479248
3147,0,10.910210609436035
3147,1,13.410017013549805
3147,2,13.968061447143555
3147,3,12.050975799560547
3147,4,10.963207244873047
3148,0,7.660416603088379
3148,1,8.081426620483398
3148,2,7.359785079956055
3148,3,7.714182376861572
3148,4,8.241690635681152
3149,0,11.799450874328613
3149,1,14.428818702697754
3149,2,14.66860294342041
3149,3,11.85478401184082
3149,4,11.476765632629395
3150,0,13.9710111618042
3150,1,15.133452415466309
3150,2,14.549654006958008
3150,3,14.195734977722168
3150,4,14.730558395385742
3151,0,9.942089080810547
3151,1,10.359130859375
3151,2,10.915162086486816
3151,3,9.241909980773926
3151,4,10.150699615478516
3152,0,9.161149024963379
3152,1,8.193745613098145
3152,2,8.322101593017578
3152,3,8.556690216064453
3152,4,8.872353553771973
3153,0,13.356181144714355
3153,1,13.330343246459961
3153,2,13.2855806350708
3153,3,11.655855178833008
3153,4,12.38834285736084
3154,0,10.791543006896973
3154,1,12.031906127929688
3154,2,8.6664400100708
3154,3,11.290167808532715
3154,4,11.69402027130127
3155,0,9.686034202575684
3155,1,8.62420654296875
3155,2,9.39112377166748
3155,3,8.524946212768555
3155,4,9.78372573852539
3156,0,7.906308174133301
3156,1,8.674184799194336
3156,2,8.465658187866211
3156,3,5.07647705078125
3156,4,7.972593784332275
3157,0,7.850404739379883
3157,1,9.03331470489502
3157,2,8.95519733428955
3157,3,6.9463629722595215
3157,4,6.564477920532227
3158,0,7.808422565460205
3158,1,9.180587768554688
3158,2,9.285531997680664
3158,3,8.579243659973145
3158,4,8.644808769226074
3159,0,4.62760591506958
3159,1,6.489926815032959
3159,2,6.728320121765137
3159,3,4.267617702484131
3159,4,3.9883997440338135
3160,0,8.670936584472656
3160,1,9.470245361328125
3160,2,9.24601936340332
3160,3,9.080422401428223
3160,4,9.150496482849121
3161,0,10.915362358093262
3161,1,12.762959480285645
3161,2,11.47496509552002
3161,3,11.912100791931152
3161,4,10.877104759216309
3162,0,16.061819076538086
3162,1,16.05100440979004
3162,2,16.08332633972168
3162,3,15.878304481506348
3162,4,15.930962562561035
3163,0,10.335858345031738
3163,1,11.788741111755371
3163,2,12.334074020385742
3163,3,10.562456130981445
3163,4,10.549274444580078
3164,0,12.481634140014648
3164,1,13.865501403808594
3164,2,14.242133140563965
3164,3,11.848340034484863
3164,4,12.431222915649414
3165,0,5.535469055175781
3165,1,6.864067077636719
3165,2,2.7334368228912354
3165,3,6.377780914306641
3165,4,5.8144731521606445
3166,0,11.661911964416504
3166,1,12.40867805480957
3166,2,12.23814582824707
3166,3,11.853955268859863
3166,4,11.022063255310059
3167,0,11.889699935913086
3167,1,11.838138580322266
3167,2,12.152433395385742
3167,3,10.802658081054688
3167,4,11.921380043029785
3168,0,9.418392181396484
3168,1,10.270613670349121
3168,2,10.60251522064209
3168,3,9.401028633117676
3168,4,10.307433128356934
3169,0,13.354494094848633
3169,1,13.503718376159668
3169,2,12.902854919433594
3169,3,11.792471885681152
3169,4,12.916461944580078
3170,0,11.324387550354004
3170,1,11.868621826171875
3170,2,12.648195266723633
3170,3,12.26693344116211
3170,4,11.24924087524414
3171,0,11.685264587402344
3171,1,11.657609939575195
3171,2,10.64388656616211
3171,3,12.434916496276855
3171,4,11.043560028076172
3172,0,10.105772972106934
3172,1,9.777247428894043
3172,2,9.422534942626953
3172,3,10.607843399047852
3172,4,9.737279891967773
3173,0,10.478416442871094
3173,1,10.666999816894531
3173,2,11.294787406921387
3173,3,10.38262939453125
3173,4,10.811763763427734
3174,0,6.863893985748291
3174,1,8.064507484436035
3174,2,9.040828704833984
3174,3,8.02347469329834
3174,4,6.958096981048584
3175,0,9.758271217346191
3175,1,11.499237060546875
3175,2,12.401005744934082
3175,3,9.666561126708984
3175,4,10.019214630126953
3176,0,13.460210800170898
3176,1,14.586698532104492
3176,2,14.734681129455566
3176,3,13.000925064086914
3176,4,13.21728229522705
3177,0,12.957575798034668
3177,1,13.43214225769043
3177,2,13.525440216064453
3177,3,13.860595703125
3177,4,12.674751281738281
3178,0,7.62716007232666
3178,1,6.131777763366699
3178,2,8.0492582321167
3178,3,7.62485408782959
3178,4,7.605539798736572
3179,0,7.12998104095459
3179,1,11.317585945129395
3179,2,11.995013236999512
3179,3,15.75119400024414
3179,4,6.772922039031982
3180,0,12.062286376953125
3180,1,12.023917198181152
3180,2,13.343057632446289
3180,3,11.774930953979492
3180,4,12.759188652038574
3181,0,7.714838981628418
3181,1,9.192874908447266
3181,2,6.970148086547852
3181,3,7.870479583740234
3181,4,8.997300148010254
3182,0,12.055858612060547
3182,1,12.336078643798828
3182,2,13.626222610473633
3182,3,11.072444915771484
3182,4,12.011845588684082
3183,0,13.11730670928955
3183,1,14.73886489868164
3183,2,14.620318412780762
3183,3,13.433210372924805
3183,4,13.139404296875
3184,0,15.685269355773926
3184,1,15.799717903137207
3184,2,15.754265785217285
3184,3,15.682464599609375
3184,4,15.699063301086426
3185,0,15.592113494873047
3185,1,15.979936599731445
3185,2,15.95215129852295
3185,3,15.93743896484375
3185,4,15.359090805053711
3186,0,11.716973304748535
3186,1,12.790389060974121
3186,2,11.915975570678711
3186,3,11.4462251663208
3186,4,11.67421817779541
3187,0,10.085030555725098
3187,1,10.466676712036133
3187,2,9.829082489013672
3187,3,10.088094711303711
3187,4,10.102977752685547
3188,0,10.4918851852417
3188,1,9.696686744689941
3188,2,10.080375671386719
3188,3,11.260422706604004
3188,4,11.46700668334961
3189,0,12.388601303100586
3189,1,10.71839714050293
3189,2,12.759438514709473
3189,3,13.192357063293457
3189,4,12.077215194702148
3190,0,11.327714920043945
3190,1,12.305952072143555
3190,2,13.201996803283691
3190,3,10.577170372009277
3190,4,10.868816375732422
3191,0,12.934652328491211
3191,1,12.674193382263184
3191,2,14.266861915588379
3191,3,13.117291450500488
3191,4,12.189004898071289
3192,0,15.363276481628418
3192,1,15.589113235473633
3192,2,15.937163352966309
3192,3,13.996548652648926
3192,4,15.075226783752441
3193,0,9.642062187194824
3193,1,11.214795112609863
3193,2,11.468314170837402
3193,3,9.234265327453613
3193,4,9.762955665588379
3194,0,14.601236343383789
3194,1,12.51336669921875
3194,2,12.755218505859375
3194,3,13.421278953552246
3194,4,14.58244800567627
3195,0,9.920352935791016
3195,1,9.986621856689453
3195,2,9.630013465881348
3195,3,9.78647518157959
3195,4,9.937450408935547
3196,0,14.154707908630371
3196,1,12.755288124084473
3196,2,12.243841171264648
3196,3,13.850699424743652
3196,4,14.17397403717041
3197,0,10.270276069641113
3197,1,11.628317832946777
3197,2,11.912510871887207
3197,3,11.968363761901855
3197,4,10.269732475280762
3198,0,11.512470245361328
3198,1,10.307580947875977
3198,2,11.781196594238281
3198,3,13.208110809326172
3198,4,12.664732933044434
3199,0,11.020522117614746
3199,1,11.750906944274902
3199,2,12.889103889465332
3199,3,12.16468334197998
3199,4,11.194846153259277
3200,0,14.295181274414062
3200,1,14.579675674438477
3200,2,13.711029052734375
3200,3,14.714008331298828
3200,4,13.783987045288086
3201,0,9.29887580871582
3201,1,8.77585220336914
3201,2,8.329545974731445
3201,3,7.435749053955078
3201,4,8.670089721679688
3202,0,3.478076457977295
3202,1,4.717150688171387
3202,2,8.230762481689453
3202,3,3.1139631271362305
3202,4,4.570761203765869
3203,0,13.208841323852539
3203,1,15.053852081298828
3203,2,14.94653606414795
3203,3,12.743603706359863
3203,4,12.902495384216309
3204,0,15.920567512512207
3204,1,15.531989097595215
3204,2,15.622503280639648
3204,3,15.252275466918945
3204,4,15.389342308044434
3205,0,11.004707336425781
3205,1,11.227846145629883
3205,2,9.576215744018555
3205,3,10.298884391784668
3205,4,12.733752250671387
3206,0,10.502092361450195
3206,1,10.342391967773438
3206,2,10.691672325134277
3206,3,10.500732421875
3206,4,11.072455406188965
3207,0,10.835624694824219
3207,1,12.47235107421875
3207,2,10.028122901916504
3207,3,11.371330261230469
3207,4,11.123823165893555
3208,0,12.949055671691895
3208,1,12.596436500549316
3208,2,12.495687484741211
3208,3,12.93704605102539
3208,4,13.102705001831055
3209,0,8.879083633422852
3209,1,8.475489616394043
3209,2,9.31192398071289
3209,3,8.370017051696777
3209,4,8.888507843017578
3210,0,10.137031555175781
3210,1,8.462695121765137
3210,2,7.836733341217041
3210,3,10.182483673095703
3210,4,10.211234092712402
3211,0,11.213354110717773
3211,1,11.081117630004883
3211,2,11.556806564331055
3211,3,11.642544746398926
3211,4,12.320517539978027
3212,0,14.212952613830566
3212,1,13.285147666931152
3212,2,13.089353561401367
3212,3,13.004996299743652
3212,4,13.992124557495117
3213,0,5.982643127441406
3213,1,9.076491355895996
3213,2,8.251188278198242
3213,3,7.768209457397461
3213,4,6.3200764656066895
3214,0,13.741350173950195
3214,1,12.989909172058105
3214,2,12.89422607421875
3214,3,13.482338905334473
3214,4,14.173929214477539
3215,0,13.793272972106934
3215,1,14.717906951904297
3215,2,14.659316062927246
3215,3,14.035420417785645
3215,4,14.198529243469238
3216,0,14.35004711151123
3216,1,14.192059516906738
3216,2,14.580872535705566
3216,3,11.408185005187988
3216,4,14.946426391601562
3217,0,12.510224342346191
3217,1,13.255844116210938
3217,2,12.406399726867676
3217,3,11.313057899475098
3217,4,12.809579849243164
3218,0,10.166788101196289
3218,1,12.001667022705078
3218,2,11.701597213745117
3218,3,11.385523796081543
3218,4,10.300713539123535
3219,0,9.438246726989746
3219,1,8.538419723510742
3219,2,9.690740585327148
3219,3,10.460704803466797
3219,4,9.349339485168457
3220,0,9.419757843017578
3220,1,10.148774147033691
3220,2,10.254206657409668
3220,3,8.01352596282959
3220,4,10.548127174377441
3221,0,13.90499210357666
3221,1,13.328083038330078
3221,2,13.795504570007324
3221,3,13.870044708251953
3221,4,13.63878345489502
3222,0,11.8261079788208
3222,1,12.639449119567871
3222,2,13.696931838989258
3222,3,11.509278297424316
3222,4,12.042945861816406
3223,0,11.340738296508789
3223,1,8.635995864868164
3223,2,7.767077922821045
3223,3,11.284913063049316
3223,4,10.17843246459961
3224,0,11.395489692687988
3224,1,11.721567153930664
3224,2,11.590046882629395
3224,3,11.787571907043457
3224,4,10.772626876831055
3225,0,12.980161666870117
3225,1,13.378082275390625
3225,2,12.31222915649414
3225,3,13.148818969726562
3225,4,12.36151123046875
3226,0,11.188763618469238
3226,1,12.069226264953613
3226,2,11.68647575378418
3226,3,10.382115364074707
3226,4,12.83434772491455
3227,0,10.165861129760742
3227,1,10.891823768615723
3227,2,11.043240547180176
3227,3,10.75894546508789
3227,4,10.790118217468262
3228,0,6.736732006072998
3228,1,9.405203819274902
3228,2,8.726698875427246
3228,3,6.996297836303711
3228,4,5.377257823944092
3229,0,9.679443359375
3229,1,9.805639266967773
3229,2,10.307640075683594
3229,3,11.163257598876953
3229,4,10.298476219177246
3230,0,11.604510307312012
3230,1,13.21937084197998
3230,2,14.685524940490723
3230,3,11.919649124145508
3230,4,11.603636741638184
3231,0,11.487214088439941
3231,1,14.388391494750977
3231,2,14.130728721618652
3231,3,12.690604209899902
3231,4,11.375061988830566
3232,0,9.961585998535156
3232,1,11.447599411010742
3232,2,12.536270141601562
3232,3,10.077352523803711
3232,4,10.583697319030762
3233,0,12.64879035949707
3233,1,14.299263000488281
3233,2,8.35464096069336
3233,3,12.411430358886719
3233,4,12.579364776611328
3234,0,10.220311164855957
3234,1,11.512152671813965
3234,2,12.189900398254395
3234,3,10.2055025100708
3234,4,10.529960632324219
3235,0,13.850078582763672
3235,1,13.561336517333984
3235,2,14.982177734375
3235,3,14.994138717651367
3235,4,14.998472213745117
3236,0,8.921796798706055
3236,1,10.725614547729492
3236,2,10.851889610290527
3236,3,9.21268367767334
3236,4,10.283695220947266
3237,0,15.376009941101074
3237,1,15.671517372131348
3237,2,15.514681816101074
3237,3,15.26181697845459
3237,4,15.113554000854492
3238,0,9.386116981506348
3238,1,10.938207626342773
3238,2,9.477374076843262
3238,3,8.775906562805176
3238,4,9.250207901000977
3239,0,6.255364894866943
3239,1,6.85825252532959
3239,2,6.763762474060059
3239,3,6.6706061363220215
3239,4,5.900110244750977
3240,0,13.470534324645996
3240,1,12.762982368469238
3240,2,13.961289405822754
3240,3,12.367459297180176
3240,4,12.878705024719238
3241,0,11.553874015808105
3241,1,12.603352546691895
3241,2,12.813682556152344
3241,3,11.953679084777832
3241,4,11.482943534851074
3242,0,8.589238166809082
3242,1,8.457331657409668
3242,2,9.261842727661133
3242,3,9.500251770019531
3242,4,9.635233879089355
3243,0,5.979554176330566
3243,1,7.301963806152344
3243,2,7.56590461730957
3243,3,6.449268817901611
3243,4,7.789567470550537
3244,0,8.888239860534668
3244,1,8.475492477416992
3244,2,9.115184783935547
3244,3,8.113602638244629
3244,4,8.802655220031738
3245,0,13.339125633239746
3245,1,11.739773750305176
3245,2,11.662412643432617
3245,3,12.427875518798828
3245,4,13.584403991699219
3246,0,10.95299243927002
3246,1,10.406176567077637
3246,2,11.87550163269043
3246,3,10.484542846679688
3246,4,10.242535591125488
3247,0,3.159071207046509
3247,1,4.876163959503174
3247,2,3.628256320953369
3247,3,2.2034788131713867
3247,4,3.3331966400146484
3248,0,14.738472938537598
3248,1,14.867802619934082
3248,2,15.056796073913574
3248,3,14.877470970153809
3248,4,14.67968463897705
3249,0,9.500246047973633
3249,1,11.758363723754883
3249,2,11.253156661987305
3249,3,8.984407424926758
3249,4,9.795950889587402
3250,0,11.554454803466797
3250,1,10.944792747497559
3250,2,11.744023323059082
3250,3,9.531838417053223
3250,4,10.425748825073242
3251,0,13.443914413452148
3251,1,14.605691909790039
3251,2,13.769222259521484
3251,3,14.20318603515625
3251,4,13.171372413635254
3252,0,4.928524494171143
3252,1,9.103482246398926
3252,2,8.588043212890625
3252,3,3.8501880168914795
3252,4,4.79806661605835
3253,0,12.755897521972656
3253,1,9.122956275939941
3253,2,11.184772491455078
3253,3,10.603865623474121
3253,4,13.179041862487793
3254,0,15.862460136413574
3254,1,15.704251289367676
3254,2,15.397815704345703
3254,3,15.283255577087402
3254,4,15.690156936645508
3255,0,9.77308177947998
3255,1,12.209565162658691
3255,2,12.028520584106445
3255,3,10.00815486907959
3255,4,10.257342338562012
3256,0,9.25501823425293
3256,1,10.548254013061523
3256,2,10.338894844055176
3256,3,7.5907487869262695
3256,4,9.975345611572266
3257,0,13.014881134033203
3257,1,13.678013801574707
3257,2,13.975552558898926
3257,3,12.534735679626465
3257,4,13.155264854431152
3258,0,8.190262794494629
3258,1,8.87208080291748
3258,2,8.83592414855957
3258,3,8.011665344238281
3258,4,8.710204124450684
3259,0,10.268972396850586
3259,1,13.190278053283691
3259,2,13.164867401123047
3259,3,10.627798080444336
3259,4,10.387544631958008
3260,0,9.65095043182373
3260,1,9.716019630432129
3260,2,10.136646270751953
3260,3,9.66635799407959
3260,4,9.235437393188477
3261,0,12.41856861114502
3261,1,12.686763763427734
3261,2,12.197748184204102
3261,3,12.312153816223145
3261,4,12.83259391784668
3262,0,8.303998947143555
3262,1,14.62575912475586
3262,2,14.43803882598877
3262,3,14.392398834228516
3262,4,8.97708511352539
3263,0,3.875803232192993
3263,1,6.468930244445801
3263,2,6.985608100891113
3263,3,4.626491546630859
3263,4,4.212994575500488
3264,0,14.245180130004883
3264,1,13.540060043334961
3264,2,12.998592376708984
3264,3,13.628351211547852
3264,4,15.38476276397705
3265,0,8.846382141113281
3265,1,9.8192720413208
3265,2,10.013819694519043
3265,3,8.768818855285645
3265,4,8.726311683654785
3266,0,12.509363174438477
3266,1,10.194388389587402
3266,2,9.30925178527832
3266,3,11.585702896118164
3266,4,12.262434005737305
3267,0,6.3152384757995605
3267,1,9.996981620788574
3267,2,7.286303520202637
3267,3,6.0394511222839355
3267,4,4.0628156661987305
3268,0,11.99110221862793
3268,1,12.49473762512207
3268,2,12.293846130371094
3268,3,11.256819725036621
3268,4,12.442572593688965
3269,0,9.954559326171875
3269,1,9.725055694580078
3269,2,10.591175079345703
3269,3,9.308929443359375
3269,4,9.680954933166504
3270,0,11.59340763092041
3270,1,11.546571731567383
3270,2,11.951912879943848
3270,3,11.532892227172852
3270,4,11.656439781188965
3271,0,9.089373588562012
3271,1,10.027970314025879
3271,2,10.020878791809082
3271,3,8.648807525634766
3271,4,9.763192176818848
3272,0,11.621379852294922
3272,1,14.974658012390137
3272,2,15.587080955505371
3272,3,10.930564880371094
3272,4,11.919952392578125
3273,0,12.372908592224121
3273,1,8.851377487182617
3273,2,9.082311630249023
3273,3,11.430055618286133
3273,4,11.8975191116333
3274,0,8.635029792785645
3274,1,9.991674423217773
3274,2,10.386329650878906
3274,3,8.500890731811523
3274,4,8.994062423706055
3275,0,3.645458459854126
3275,1,9.322577476501465
3275,2,9.82412052154541
3275,3,3.0515284538269043
3275,4,1.5392720699310303
3276,0,14.06622314453125
3276,1,13.189743995666504
3276,2,13.850658416748047
3276,3,13.08210563659668
3276,4,13.94366455078125
3277,0,9.962691307067871
3277,1,11.847384452819824
3277,2,11.287233352661133
3277,3,8.915183067321777
3277,4,9.750630378723145
3278,0,15.595782279968262
3278,1,14.565326690673828
3278,2,14.78760051727295
3278,3,14.93657398223877
3278,4,15.994163513183594
3279,0,6.655917644500732
3279,1,5.7467498779296875
3279,2,6.001053333282471
3279,3,5.694182872772217
3279,4,7.3118577003479
3280,0,11.224651336669922
3280,1,11.785796165466309
3280,2,12.673357963562012
3280,3,11.823078155517578
3280,4,11.977347373962402
3281,0,13.087892532348633
3281,1,11.994247436523438
3281,2,12.275607109069824
3281,3,12.268877029418945
3281,4,14.041803359985352
3282,0,12.045870780944824
3282,1,13.382658958435059
3282,2,11.178902626037598
3282,3,12.435068130493164
3282,4,12.558692932128906
3283,0,10.113744735717773
3283,1,8.236520767211914
3283,2,8.679083824157715
3283,3,7.966864585876465
3283,4,9.544984817504883
3284,0,14.097972869873047
3284,1,14.662637710571289
3284,2,15.452580451965332
3284,3,14.385135650634766
3284,4,14.971587181091309
3285,0,10.957113265991211
3285,1,12.28600788116455
3285,2,12.88543701171875
3285,3,11.490041732788086
3285,4,10.781281471252441
3286,0,12.868159294128418
3286,1,14.395529747009277
3286,2,14.378435134887695
3286,3,13.32838249206543
3286,4,13.107577323913574
3287,0,13.484451293945312
3287,1,14.135950088500977
3287,2,14.890276908874512
3287,3,14.011370658874512
3287,4,13.854301452636719
3288,0,13.719598770141602
3288,1,13.278240203857422
3288,2,13.176271438598633
3288,3,14.239773750305176
3288,4,14.180611610412598
3289,0,13.058897972106934
3289,1,14.241902351379395
3289,2,13.596415519714355
3289,3,12.78995132446289
3289,4,12.399168014526367
3290,0,11.147695541381836
3290,1,10.83893871307373
3290,2,10.843968391418457
3290,3,10.729734420776367
3290,4,11.063901901245117
3291,0,11.694557189941406
3291,1,10.63691520690918
3291,2,10.085140228271484
3291,3,12.062400817871094
3291,4,12.402503967285156
3292,0,14.365180969238281
3292,1,15.011218070983887
3292,2,15.040986061096191
3292,3,14.189432144165039
3292,4,14.205018997192383
3293,0,11.270591735839844
3293,1,11.324969291687012
3293,2,11.79063606262207
3293,3,10.519031524658203
3293,4,11.273102760314941
3294,0,11.410907745361328
3294,1,12.842483520507812
3294,2,13.553180694580078
3294,3,11.745718955993652
3294,4,13.291010856628418
3295,0,4.879059791564941
3295,1,9.800286293029785
3295,2,10.224302291870117
3295,3,4.379530429840088
3295,4,5.806260108947754
3296,0,9.125875473022461
3296,1,8.265887260437012
3296,2,8.592273712158203
3296,3,9.146087646484375
3296,4,8.70030689239502
3297,0,10.84570598602295
3297,1,12.322765350341797
3297,2,13.585680961608887
3297,3,11.587889671325684
3297,4,11.837357521057129
3298,0,6.600717067718506
3298,1,7.486119747161865
3298,2,8.104752540588379
3298,3,6.480013847351074
3298,4,7.061365127563477
3299,0,11.215514183044434
3299,1,11.668280601501465
3299,2,11.132575035095215
3299,3,10.949345588684082
3299,4,11.564387321472168
3300,0,5.453017234802246
3300,1,6.951189041137695
3300,2,6.656738758087158
3300,3,5.078583717346191
3300,4,5.5254621505737305
3301,0,13.707563400268555
3301,1,12.721165657043457
3301,2,13.294235229492188
3301,3,10.718724250793457
3301,4,11.475412368774414
3302,0,14.941839218139648
3302,1,13.8129301071167
3302,2,14.052589416503906
3302,3,13.706737518310547
3302,4,14.501067161560059
3303,0,11.634400367736816
3303,1,12.689318656921387
3303,2,12.588531494140625
3303,3,11.821925163269043
3303,4,11.703230857849121
3304,0,13.477182388305664
3304,1,14.313414573669434
3304,2,14.778773307800293
3304,3,12.651280403137207
3304,4,13.056328773498535
3305,0,10.211273193359375
3305,1,12.558430671691895
3305,2,13.035666465759277
3305,3,11.028854370117188
3305,4,9.189045906066895
3306,0,9.710311889648438
3306,1,10.484819412231445
3306,2,10.439205169677734
3306,3,9.04292106628418
3306,4,10.58292007446289
3307,0,6.205887794494629
3307,1,8.693277359008789
3307,2,8.467392921447754
3307,3,5.835265636444092
3307,4,6.482436656951904
3308,0,11.019133567810059
3308,1,11.51770305633545
3308,2,10.57358455657959
3308,3,11.379561424255371
3308,4,10.807143211364746
3309,0,8.411026000976562
3309,1,10.072854995727539
3309,2,7.63864278793335
3309,3,7.832812786102295
3309,4,7.8002119064331055
3310,0,8.372977256774902
3310,1,10.573068618774414
3310,2,10.602328300476074
3310,3,10.53559398651123
3310,4,9.843414306640625
3311,0,7.126793384552002
3311,1,7.979557991027832
3311,2,7.264156341552734
3311,3,7.130770683288574
3311,4,6.805990219116211
3312,0,11.080146789550781
3312,1,9.232905387878418
3312,2,10.201437950134277
3312,3,10.729386329650879
3312,4,11.371309280395508
3313,0,9.032963752746582
3313,1,12.658803939819336
3313,2,11.413464546203613
3313,3,10.217937469482422
3313,4,9.98484992980957
3314,0,12.726189613342285
3314,1,11.05624771118164
3314,2,11.473236083984375
3314,3,12.537168502807617
3314,4,12.471870422363281
3315,0,7.17847204208374
3315,1,8.350322723388672
3315,2,7.726304531097412
3315,3,6.993974685668945
3315,4,7.097435474395752
3316,0,8.608779907226562
3316,1,8.50698184967041
3316,2,8.63068962097168
3316,3,9.010074615478516
3316,4,10.291197776794434
3317,0,11.070451736450195
3317,1,13.21830940246582
3317,2,11.165776252746582
3317,3,11.33719539642334
3317,4,11.595120429992676
3318,0,10.633316993713379
3318,1,12.385187149047852
3318,2,12.910850524902344
3318,3,11.447842597961426
3318,4,10.886133193969727
3319,0,13.109909057617188
3319,1,11.220199584960938
3319,2,11.912557601928711
3319,3,10.779678344726562
3319,4,13.080574035644531
3320,0,8.356283187866211
3320,1,9.024548530578613
3320,2,9.415033340454102
3320,3,7.986700534820557
3320,4,8.8013277053833
3321,0,3.832505226135254
3321,1,6.781606197357178
3321,2,7.661332607269287
3321,3,3.00137996673584
3321,4,4.216997146606445
3322,0,8.85554313659668
3322,1,6.201486587524414
3322,2,6.62516450881958
3322,3,8.532026290893555
3322,4,8.633881568908691
3323,0,13.738533020019531
3323,1,13.25704574584961
3323,2,12.96522045135498
3323,3,12.943614959716797
3323,4,13.404974937438965
3324,0,13.068024635314941
3324,1,10.801161766052246
3324,2,9.219958305358887
3324,3,11.67902946472168
3324,4,12.760736465454102
3325,0,8.409414291381836
3325,1,8.346007347106934
3325,2,9.245650291442871
3325,3,7.525147914886475
3325,4,8.34735107421875
3326,0,6.863125801086426
3326,1,9.113851547241211
3326,2,9.525516510009766
3326,3,6.788676738739014
3326,4,6.28413200378418
3327,0,-3.0797665119171143
3327,1,9.968463897705078
3327,2,9.795503616333008
3327,3,1.3182854652404785
3327,4,-0.8013389110565186
3328,0,6.680724143981934
3328,1,7.328352928161621
3328,2,7.468723297119141
3328,3,5.853869438171387
3328,4,7.125211238861084
3329,0,12.771397590637207
3329,1,10.934664726257324
3329,2,10.338102340698242
3329,3,11.262454986572266
3329,4,12.561537742614746
3330,0,7.554063320159912
3330,1,9.975641250610352
3330,2,10.01312255859375
3330,3,7.584130764007568
3330,4,6.659396171569824
3331,0,9.625041007995605
3331,1,11.579629898071289
3331,2,10.914009094238281
3331,3,9.990941047668457
3331,4,10.32026195526123
3332,0,12.833657264709473
3332,1,13.347576141357422
3332,2,13.907955169677734
3332,3,13.711465835571289
3332,4,13.135515213012695
3333,0,12.19573974609375
3333,1,12.774840354919434
3333,2,12.602672576904297
3333,3,11.489444732666016
3333,4,12.936651229858398
3334,0,9.002898216247559
3334,1,10.68143367767334
3334,2,10.579078674316406
3334,3,10.183930397033691
3334,4,8.981388092041016
3335,0,11.61378288269043
3335,1,10.349891662597656
3335,2,11.430253982543945
3335,3,12.511566162109375
3335,4,12.762320518493652
3336,0,10.303074836730957
3336,1,13.343628883361816
3336,2,15.036602020263672
3336,3,9.902576446533203
3336,4,11.703375816345215
3337,0,10.91445255279541
3337,1,11.184463500976562
3337,2,10.649980545043945
3337,3,9.276360511779785
3337,4,10.076387405395508
3338,0,9.924428939819336
3338,1,9.073892593383789
3338,2,7.766541004180908
3338,3,9.333635330200195
3338,4,9.48782730102539
3339,0,14.783381462097168
3339,1,14.900582313537598
3339,2,15.149147033691406
3339,3,14.960229873657227
3339,4,15.182835578918457
3340,0,8.561752319335938
3340,1,8.356156349182129
3340,2,7.9947333335876465
3340,3,8.687825202941895
3340,4,8.670093536376953
3341,0,12.187841415405273
3341,1,12.50606918334961
3341,2,11.408074378967285
3341,3,12.101633071899414
3341,4,12.459611892700195
3342,0,7.75619649887085
3342,1,9.862262725830078
3342,2,8.38029670715332
3342,3,5.709152698516846
3342,4,7.974539756774902
3343,0,10.025186538696289
3343,1,9.772582054138184
3343,2,9.169031143188477
3343,3,7.9803619384765625
3343,4,10.098938941955566
3344,0,9.059391975402832
3344,1,9.54598617553711
3344,2,8.731756210327148
3344,3,8.159353256225586
3344,4,9.201679229736328
3345,0,10.66891098022461
3345,1,11.54189682006836
3345,2,10.562819480895996
3345,3,10.168004035949707
3345,4,10.996021270751953
3346,0,11.095048904418945
3346,1,11.098934173583984
3346,2,11.436446189880371
3346,3,10.950750350952148
3346,4,11.215310096740723
3347,0,10.837169647216797
3347,1,10.887701034545898
3347,2,9.561575889587402
3347,3,10.574832916259766
3347,4,10.245041847229004
3348,0,13.826669692993164
3348,1,13.486491203308105
3348,2,12.153511047363281
3348,3,13.592668533325195
3348,4,13.89881706237793
3349,0,3.334580898284912
3349,1,6.592349052429199
3349,2,7.054553508758545
3349,3,2.318613290786743
3349,4,1.260598063468933
3350,0,6.87227725982666
3350,1,8.590981483459473
3350,2,9.2313232421875
3350,3,7.605470180511475
3350,4,8.910226821899414
3351,0,8.573975563049316
3351,1,1.696597933769226
3351,2,8.059025764465332
3351,3,3.562295913696289
3351,4,9.282794952392578
3352,0,9.778864860534668
3352,1,0.4107503890991211
3352,2,8.392638206481934
3352,3,10.326459884643555
3352,4,9.973380088806152
3353,0,8.87950611114502
3353,1,10.445806503295898
3353,2,12.210678100585938
3353,3,7.66070032119751
3353,4,9.257360458374023
3354,0,11.453651428222656
3354,1,11.240191459655762
3354,2,13.01796817779541
3354,3,11.120379447937012
3354,4,12.485882759094238
3355,0,12.643950462341309
3355,1,11.868797302246094
3355,2,11.430612564086914
3355,3,12.055964469909668
3355,4,11.99017333984375
3356,0,9.555545806884766
3356,1,9.345970153808594
3356,2,9.264315605163574
3356,3,8.430204391479492
3356,4,10.02888298034668
3357,0,15.118180274963379
3357,1,15.004110336303711
3357,2,15.188469886779785
3357,3,14.579131126403809
3357,4,14.697579383850098
3358,0,13.094910621643066
3358,1,10.841609954833984
3358,2,9.808008193969727
3358,3,8.707998275756836
3358,4,13.835817337036133
3359,0,6.6560540199279785
3359,1,8.602239608764648
3359,2,7.877947807312012
3359,3,6.303976535797119
3359,4,6.151764869689941
3360,0,13.673921585083008
3360,1,12.598370552062988
3360,2,11.263495445251465
3360,3,12.568902969360352
3360,4,13.71484375
3361,0,6.236148834228516
3361,1,14.07809829711914
3361,2,13.357733726501465
3361,3,11.091290473937988
3361,4,8.926746368408203
3362,0,7.203725814819336
3362,1,10.05415153503418
3362,2,8.883913040161133
3362,3,7.221459865570068
3362,4,5.994022369384766
3363,0,7.731960296630859
3363,1,7.260644435882568
3363,2,7.026259899139404
3363,3,8.351937294006348
3363,4,7.585543155670166
3364,0,11.841022491455078
3364,1,14.948512077331543
3364,2,15.271736145019531
3364,3,12.819084167480469
3364,4,11.324583053588867
3365,0,3.8715410232543945
3365,1,6.695893287658691
3365,2,6.482129096984863
3365,3,3.9477150440216064
3365,4,4.655365943908691
3366,0,13.278108596801758
3366,1,14.707658767700195
3366,2,14.664875030517578
3366,3,12.799413681030273
3366,4,13.160355567932129
3367,0,13.522110939025879
3367,1,14.561365127563477
3367,2,14.005568504333496
3367,3,12.996126174926758
3367,4,13.684197425842285
3368,0,8.980912208557129
3368,1,12.143871307373047
3368,2,11.423652648925781
3368,3,7.794724464416504
3368,4,10.371024131774902
3369,0,13.011146545410156
3369,1,11.498457908630371
3369,2,11.6297607421875
3369,3,13.152298927307129
3369,4,13.565951347351074
3370,0,-0.1654711365699768
3370,1,5.920782089233398
3370,2,5.844892501831055
3370,3,3.3274519443511963
3370,4,1.029006004333496
3371,0,8.478915214538574
3371,1,9.259349822998047
3371,2,9.131260871887207
3371,3,9.257366180419922
3371,4,8.441827774047852
3372,0,12.643538475036621
3372,1,11.2172212600708
3372,2,13.407846450805664
3372,3,12.007743835449219
3372,4,13.842958450317383
3373,0,6.669658660888672
3373,1,6.766607284545898
3373,2,6.3095316886901855
3373,3,5.150258541107178
3373,4,5.3182501792907715
3374,0,8.430861473083496
3374,1,10.666508674621582
3374,2,10.601777076721191
3374,3,8.1969575881958
3374,4,9.34465217590332
3375,0,10.501688957214355
3375,1,11.917860984802246
3375,2,12.234539985656738
3375,3,10.503039360046387
3375,4,11.442436218261719
3376,0,10.602560043334961
3376,1,10.558918952941895
3376,2,12.858296394348145
3376,3,8.763580322265625
3376,4,11.075272560119629
3377,0,8.459278106689453
3377,1,8.996129035949707
3377,2,10.628807067871094
3377,3,6.42155647277832
3377,4,8.536651611328125
3378,0,11.366847038269043
3378,1,11.7501859664917
3378,2,12.023292541503906
3378,3,11.783134460449219
3378,4,11.826932907104492
3379,0,9.294881820678711
3379,1,7.544029235839844
3379,2,8.057229995727539
3379,3,7.571753025054932
3379,4,7.918473720550537
3380,0,5.36386775970459
3380,1,8.091948509216309
3380,2,7.712568759918213
3380,3,2.8478682041168213
3380,4,4.90590238571167
3381,0,5.06035041809082
3381,1,6.371908664703369
3381,2,6.351400852203369
3381,3,3.2479615211486816
3381,4,5.5684075355529785
3382,0,9.610934257507324
3382,1,11.478577613830566
3382,2,11.506743431091309
3382,3,10.162060737609863
3382,4,10.22891616821289
3383,0,8.854997634887695
3383,1,10.805893898010254
3383,2,11.123773574829102
3383,3,7.358034133911133
3383,4,8.479044914245605
3384,0,2.8158366680145264
3384,1,8.017993927001953
3384,2,7.266806125640869
3384,3,4.439472198486328
3384,4,4.204252243041992
3385,0,12.6882963180542
3385,1,12.789276123046875
3385,2,13.218106269836426
3385,3,11.820720672607422
3385,4,12.277151107788086
3386,0,10.186609268188477
3386,1,11.936371803283691
3386,2,13.4058256149292
3386,3,11.262581825256348
3386,4,10.702404975891113
3387,0,6.790771961212158
3387,1,10.282693862915039
3387,2,9.706247329711914
3387,3,6.088051795959473
3387,4,7.312297821044922
3388,0,14.099647521972656
3388,1,14.657841682434082
3388,2,15.083827018737793
3388,3,13.877898216247559
3388,4,14.397826194763184
3389,0,11.942663192749023
3389,1,13.609206199645996
3389,2,13.856587409973145
3389,3,11.919808387756348
3389,4,12.95959186553955
3390,0,10.215234756469727
3390,1,11.420838356018066
3390,2,11.29893970489502
3390,3,9.970748901367188
3390,4,10.321904182434082
3391,0,10.77073860168457
3391,1,14.141551971435547
3391,2,15.74539852142334
3391,3,10.922521591186523
3391,4,14.419960021972656
3392,0,11.028421401977539
3392,1,11.117719650268555
3392,2,10.357720375061035
3392,3,12.598824501037598
3392,4,12.273119926452637
3393,0,7.65257453918457
3393,1,7.314301490783691
3393,2,6.641971588134766
3393,3,7.260412216186523
3393,4,8.411230087280273
3394,0,10.908479690551758
3394,1,12.078838348388672
3394,2,12.594195365905762
3394,3,10.390678405761719
3394,4,11.172094345092773
3395,0,11.553330421447754
3395,1,13.132073402404785
3395,2,12.853413581848145
3395,3,11.308195114135742
3395,4,11.77749252319336
3396,0,3.7951083183288574
3396,1,6.842423915863037
3396,2,8.1433744430542
3396,3,4.619577884674072
3396,4,5.543251991271973
3397,0,8.075753211975098
3397,1,8.538567543029785
3397,2,8.648172378540039
3397,3,7.41082763671875
3397,4,7.41655969619751
3398,0,14.822612762451172
3398,1,15.377209663391113
3398,2,15.495362281799316
3398,3,14.298714637756348
3398,4,14.591052055358887
3399,0,13.126163482666016
3399,1,14.092829704284668
3399,2,14.586606979370117
3399,3,13.535589218139648
3399,4,12.032777786254883
3400,0,8.800871849060059
3400,1,9.446645736694336
3400,2,10.29454517364502
3400,3,7.8610429763793945
3400,4,8.99608039855957
3401,0,10.064216613769531
3401,1,12.003350257873535
3401,2,13.468213081359863
3401,3,11.798185348510742
3401,4,10.716879844665527
3402,0,14.067503929138184
3402,1,12.1239595413208
3402,2,14.142767906188965
3402,3,13.572064399719238
3402,4,15.405440330505371
3403,0,11.559859275817871
3403,1,12.979425430297852
3403,2,11.878533363342285
3403,3,12.690999984741211
3403,4,12.24324893951416
3404,0,9.539353370666504
3404,1,9.905187606811523
3404,2,9.636679649353027
3404,3,8.915014266967773
3404,4,9.141580581665039
3405,0,11.734122276306152
3405,1,13.51885986328125
3405,2,14.690914154052734
3405,3,10.88044261932373
3405,4,11.58198356628418
3406,0,13.021072387695312
3406,1,14.4367094039917
3406,2,14.751361846923828
3406,3,13.602876663208008
3406,4,14.160513877868652
3407,0,8.044862747192383
3407,1,8.264239311218262
3407,2,8.441024780273438
3407,3,7.051169395446777
3407,4,8.321505546569824
3408,0,12.202679634094238
3408,1,12.600423812866211
3408,2,13.363058090209961
3408,3,10.800934791564941
3408,4,12.892629623413086
3409,0,12.979456901550293
3409,1,14.801861763000488
3409,2,13.756834030151367
3409,3,12.202635765075684
3409,4,13.428102493286133
3410,0,7.197790145874023
3410,1,7.975289821624756
3410,2,8.92650032043457
3410,3,9.418267250061035
3410,4,7.600730895996094
3411,0,9.89808464050293
3411,1,9.420816421508789
3411,2,8.627280235290527
3411,3,9.90275764465332
3411,4,10.07789421081543
3412,0,8.612314224243164
3412,1,10.957472801208496
3412,2,10.847391128540039
3412,3,8.81340217590332
3412,4,9.465954780578613
3413,0,9.173246383666992
3413,1,7.421117305755615
3413,2,7.724445819854736
3413,3,8.288505554199219
3413,4,7.361750602722168
3414,0,14.416816711425781
3414,1,14.388028144836426
3414,2,14.217230796813965
3414,3,14.186803817749023
3414,4,14.317937850952148
3415,0,11.396308898925781
3415,1,13.290081024169922
3415,2,13.835550308227539
3415,3,11.753928184509277
3415,4,12.181731224060059
3416,0,12.775345802307129
3416,1,14.744110107421875
3416,2,13.932989120483398
3416,3,12.866817474365234
3416,4,13.335667610168457
3417,0,9.444876670837402
3417,1,10.406638145446777
3417,2,12.738983154296875
3417,3,12.203620910644531
3417,4,10.351710319519043
3418,0,8.701430320739746
3418,1,11.50991153717041
3418,2,9.936245918273926
3418,3,5.840987682342529
3418,4,8.330649375915527
3419,0,13.980128288269043
3419,1,15.370342254638672
3419,2,15.874488830566406
3419,3,13.423604011535645
3419,4,14.00995922088623
3420,0,15.489518165588379
3420,1,13.96140193939209
3420,2,14.782238960266113
3420,3,14.60114860534668
3420,4,15.430444717407227
3421,0,13.060140609741211
3421,1,13.943116188049316
3421,2,14.247640609741211
3421,3,13.905587196350098
3421,4,12.896336555480957
3422,0,12.158136367797852
3422,1,13.331222534179688
3422,2,14.048840522766113
3422,3,10.910552024841309
3422,4,11.943588256835938
3423,0,10.500598907470703
3423,1,9.550004959106445
3423,2,9.751452445983887
3423,3,10.546401023864746
3423,4,9.492112159729004
3424,0,14.911901473999023
3424,1,15.469253540039062
3424,2,15.523550033569336
3424,3,15.21533203125
3424,4,15.165888786315918
3425,0,11.058120727539062
3425,1,13.27205753326416
3425,2,12.576614379882812
3425,3,11.60794734954834
3425,4,11.984769821166992
3426,0,12.549748420715332
3426,1,13.174631118774414
3426,2,12.789780616760254
3426,3,12.154109954833984
3426,4,12.572937965393066
3427,0,6.620230674743652
3427,1,8.290120124816895
3427,2,9.488609313964844
3427,3,6.17471170425415
3427,4,7.041402339935303
3428,0,7.220226287841797
3428,1,8.871075630187988
3428,2,8.74954891204834
3428,3,9.528400421142578
3428,4,10.093844413757324
3429,0,10.327253341674805
3429,1,9.005744934082031
3429,2,9.560625076293945
3429,3,9.377490043640137
3429,4,8.999958038330078
3430,0,7.9417805671691895
3430,1,8.28681755065918
3430,2,7.688653945922852
3430,3,7.357560157775879
3430,4,8.213740348815918
3431,0,11.891751289367676
3431,1,11.608009338378906
3431,2,12.236982345581055
3431,3,10.61319637298584
3431,4,11.638635635375977
3432,0,11.470939636230469
3432,1,12.21444320678711
3432,2,10.537038803100586
3432,3,11.551366806030273
3432,4,11.579948425292969
3433,0,15.983206748962402
3433,1,15.864222526550293
3433,2,15.734265327453613
3433,3,15.534646987915039
3433,4,15.975034713745117
3434,0,9.68472671508789
3434,1,7.6340532302856445
3434,2,10.06373119354248
3434,3,7.893224239349365
3434,4,10.542030334472656
3435,0,5.9852166175842285
3435,1,6.55930233001709
3435,2,6.460852146148682
3435,3,6.04774808883667
3435,4,6.308768272399902
3436,0,10.320327758789062
3436,1,11.462664604187012
3436,2,10.514121055603027
3436,3,9.861217498779297
3436,4,10.557923316955566
3437,0,12.615534782409668
3437,1,13.401697158813477
3437,2,13.08748722076416
3437,3,12.157840728759766
3437,4,12.693277359008789
3438,0,10.150327682495117
3438,1,10.794264793395996
3438,2,10.693904876708984
3438,3,10.273890495300293
3438,4,10.159516334533691
3439,0,14.834564208984375
3439,1,14.348713874816895
3439,2,14.033137321472168
3439,3,14.379465103149414
3439,4,14.7263822555542
3440,0,8.9111909866333
3440,1,9.526917457580566
3440,2,10.638550758361816
3440,3,9.564337730407715
3440,4,8.87752628326416
3441,0,12.377880096435547
3441,1,11.9292573928833
3441,2,11.501279830932617
3441,3,12.254392623901367
3441,4,9.710880279541016
3442,0,9.004349708557129
3442,1,11.289384841918945
3442,2,10.256471633911133
3442,3,10.015625953674316
3442,4,9.804593086242676
3443,0,15.093820571899414
3443,1,12.493337631225586
3443,2,13.807572364807129
3443,3,14.861763954162598
3443,4,15.510886192321777
3444,0,9.350579261779785
3444,1,11.515568733215332
3444,2,12.853799819946289
3444,3,9.304167747497559
3444,4,9.519590377807617
3445,0,14.526436805725098
3445,1,14.123550415039062
3445,2,14.452472686767578
3445,3,13.746827125549316
3445,4,14.52242660522461
3446,0,5.916460037231445
3446,1,6.263276100158691
3446,2,7.419093132019043
3446,3,6.852394104003906
3446,4,8.628827095031738
3447,0,14.996508598327637
3447,1,14.773564338684082
3447,2,14.846562385559082
3447,3,14.857531547546387
3447,4,15.08961296081543
3448,0,14.995129585266113
3448,1,15.760090827941895
3448,2,14.505952835083008
3448,3,15.335153579711914
3448,4,14.653314590454102
3449,0,12.90657901763916
3449,1,13.445834159851074
3449,2,13.116721153259277
3449,3,14.473065376281738
3449,4,13.29156494140625
3450,0,11.73450756072998
3450,1,11.27983570098877
3450,2,7.859808444976807
3450,3,10.661057472229004
3450,4,11.640756607055664
3451,0,10.849173545837402
3451,1,11.734183311462402
3451,2,11.002521514892578
3451,3,10.010539054870605
3451,4,11.125589370727539
3452,0,10.134886741638184
3452,1,11.505459785461426
3452,2,11.136178970336914
3452,3,12.018539428710938
3452,4,10.953787803649902
3453,0,8.772761344909668
3453,1,8.437896728515625
3453,2,7.827528476715088
3453,3,6.867105007171631
3453,4,9.022638320922852
3454,0,7.0933990478515625
3454,1,6.992744445800781
3454,2,7.076966762542725
3454,3,6.940191745758057
3454,4,7.690061092376709
3455,0,8.690807342529297
3455,1,11.200140953063965
3455,2,13.249065399169922
3455,3,12.245101928710938
3455,4,8.48581314086914
3456,0,11.493914604187012
3456,1,13.722757339477539
3456,2,12.80555248260498
3456,3,12.385269165039062
3456,4,12.790581703186035
3457,0,11.685718536376953
3457,1,11.592517852783203
3457,2,11.238069534301758
3457,3,12.039762496948242
3457,4,11.383379936218262
3458,0,13.117202758789062
3458,1,13.933655738830566
3458,2,14.387406349182129
3458,3,14.889277458190918
3458,4,12.943575859069824
3459,0,10.486270904541016
3459,1,10.162104606628418
3459,2,11.21327018737793
3459,3,9.70650577545166
3459,4,10.481071472167969
3460,0,13.61755084991455
3460,1,14.35126781463623
3460,2,14.408886909484863
3460,3,13.798195838928223
3460,4,11.62308406829834
3461,0,12.469871520996094
3461,1,12.04212760925293
3461,2,11.5271635055542
3461,3,11.216387748718262
3461,4,12.453746795654297
3462,0,12.288769721984863
3462,1,14.554510116577148
3462,2,14.96668529510498
3462,3,12.444672584533691
3462,4,11.672077178955078
3463,0,10.331219673156738
3463,1,13.216777801513672
3463,2,11.573714256286621
3463,3,12.461548805236816
3463,4,10.654797554016113
3464,0,9.069587707519531
3464,1,10.027752876281738
3464,2,9.514409065246582
3464,3,8.714798927307129
3464,4,8.177589416503906
3465,0,13.510494232177734
3465,1,12.75386905670166
3465,2,12.955198287963867
3465,3,12.967962265014648
3465,4,13.140459060668945
3466,0,12.119234085083008
3466,1,12.215140342712402
3466,2,12.576990127563477
3466,3,10.054312705993652
3466,4,12.418588638305664
3467,0,14.758186340332031
3467,1,14.060083389282227
3467,2,15.182159423828125
3467,3,12.274378776550293
3467,4,14.363334655761719
3468,0,10.945531845092773
3468,1,12.066228866577148
3468,2,10.987046241760254
3468,3,10.008930206298828
3468,4,10.63109016418457
3469,0,8.609508514404297
3469,1,7.484274864196777
3469,2,7.151333808898926
3469,3,7.4454474449157715
3469,4,8.800154685974121
3470,0,12.614747047424316
3470,1,13.917190551757812
3470,2,14.854697227478027
3470,3,11.814595222473145
3470,4,12.276544570922852
3471,0,15.392036437988281
3471,1,15.785323143005371
3471,2,15.582361221313477
3471,3,14.738435745239258
3471,4,15.070284843444824
3472,0,11.15722942352295
3472,1,10.928120613098145
3472,2,11.343284606933594
3472,3,12.959409713745117
3472,4,11.746238708496094
3473,0,11.009267807006836
3473,1,11.49370002746582
3473,2,12.29092788696289
3473,3,10.545202255249023
3473,4,11.153286933898926
3474,0,13.551344871520996
3474,1,15.216706275939941
3474,2,15.730559349060059
3474,3,13.65212631225586
3474,4,14.127236366271973
3475,0,13.049819946289062
3475,1,15.24754810333252
3475,2,13.206387519836426
3475,3,13.026070594787598
3475,4,13.305171012878418
3476,0,11.012835502624512
3476,1,12.755575180053711
3476,2,13.236522674560547
3476,3,11.66059398651123
3476,4,11.011630058288574
3477,0,14.664101600646973
3477,1,15.296863555908203
3477,2,14.9313325881958
3477,3,14.061211585998535
3477,4,14.756293296813965
3478,0,10.921313285827637
3478,1,9.042048454284668
3478,2,10.619354248046875
3478,3,9.358353614807129
3478,4,10.444499969482422
3479,0,11.996953964233398
3479,1,13.03690242767334
3479,2,13.60921573638916
3479,3,10.931580543518066
3479,4,10.298367500305176
3480,0,11.628296852111816
3480,1,12.236101150512695
3480,2,12.826626777648926
3480,3,11.578252792358398
3480,4,11.305357933044434
3481,0,5.550995826721191
3481,1,9.909191131591797
3481,2,10.461742401123047
3481,3,4.781434535980225
3481,4,7.947236061096191
3482,0,9.90783405303955
3482,1,10.960837364196777
3482,2,10.962939262390137
3482,3,9.867724418640137
3482,4,9.87876033782959
3483,0,10.680984497070312
3483,1,11.648885726928711
3483,2,10.440953254699707
3483,3,9.831074714660645
3483,4,10.281458854675293
3484,0,11.656699180603027
3484,1,10.085016250610352
3484,2,11.090723991394043
3484,3,10.75570011138916
3484,4,12.458152770996094
3485,0,11.31358528137207
3485,1,12.093716621398926
3485,2,11.82072639465332
3485,3,10.664674758911133
3485,4,11.089298248291016
3486,0,10.471709251403809
3486,1,8.661921501159668
3486,2,8.458869934082031
3486,3,9.581335067749023
3486,4,8.7644624710083
3487,0,11.320587158203125
3487,1,12.39697551727295
3487,2,12.164722442626953
3487,3,12.179244995117188
3487,4,11.048945426940918
3488,0,10.771197319030762
3488,1,13.674814224243164
3488,2,12.543519020080566
3488,3,10.474814414978027
3488,4,12.50643253326416
3489,0,10.074800491333008
3489,1,10.383787155151367
3489,2,10.729001998901367
3489,3,9.06502914428711
3489,4,10.667543411254883
3490,0,6.273573398590088
3490,1,4.842215538024902
3490,2,7.93081521987915
3490,3,4.460315227508545
3490,4,5.007449150085449
3491,0,14.00253963470459
3491,1,11.983868598937988
3491,2,13.37478256225586
3491,3,13.319735527038574
3491,4,13.577923774719238
3492,0,12.605752944946289
3492,1,12.991893768310547
3492,2,13.618378639221191
3492,3,12.130911827087402
3492,4,12.182615280151367
3493,0,14.959281921386719
3493,1,15.682601928710938
3493,2,14.729387283325195
3493,3,15.145527839660645
3493,4,14.878144264221191
3494,0,10.264949798583984
3494,1,11.743229866027832
3494,2,12.44808292388916
3494,3,11.230367660522461
3494,4,10.957128524780273
3495,0,1.288527011871338
3495,1,1.4154304265975952
3495,2,1.4714372158050537
3495,3,-4.1591081619262695
3495,4,1.0178687572479248
3496,0,12.235642433166504
3496,1,11.67067813873291
3496,2,13.01201057434082
3496,3,11.075672149658203
3496,4,11.232428550720215
3497,0,10.44083023071289
3497,1,11.529542922973633
3497,2,11.639901161193848
3497,3,9.981261253356934
3497,4,9.79277229309082
3498,0,13.952439308166504
3498,1,15.102607727050781
3498,2,14.712790489196777
3498,3,13.607503890991211
3498,4,14.016175270080566
3499,0,8.306164741516113
3499,1,10.408308982849121
3499,2,9.385937690734863
3499,3,9.195571899414062
3499,4,5.147238731384277
3500,0,9.481755256652832
3500,1,8.73318862915039
3500,2,9.596124649047852
3500,3,9.788741111755371
3500,4,9.618741989135742
3501,0,11.658007621765137
3501,1,11.953829765319824
3501,2,11.689018249511719
3501,3,11.222556114196777
3501,4,11.8895263671875
3502,0,5.7464423179626465
3502,1,11.566603660583496
3502,2,10.958934783935547
3502,3,5.394867897033691
3502,4,8.862401962280273
3503,0,8.973998069763184
3503,1,10.943414688110352
3503,2,11.383251190185547
3503,3,9.862257957458496
3503,4,9.339231491088867
3504,0,8.587618827819824
3504,1,7.930285930633545
3504,2,9.54550838470459
3504,3,8.05695915222168
3504,4,8.735749244689941
3505,0,8.99142837524414
3505,1,12.587971687316895
3505,2,13.692834854125977
3505,3,11.325684547424316
3505,4,9.694491386413574
3506,0,9.303528785705566
3506,1,10.901493072509766
3506,2,10.833395004272461
3506,3,7.516722202301025
3506,4,8.609293937683105
3507,0,9.787623405456543
3507,1,9.581696510314941
3507,2,9.58315372467041
3507,3,9.527542114257812
3507,4,9.470807075500488
3508,0,11.883591651916504
3508,1,11.33047103881836
3508,2,10.392739295959473
3508,3,11.780294418334961
3508,4,11.957122802734375
3509,0,13.317896842956543
3509,1,12.248419761657715
3509,2,12.130682945251465
3509,3,13.307572364807129
3509,4,13.495020866394043
3510,0,11.33652400970459
3510,1,11.547320365905762
3510,2,11.539917945861816
3510,3,11.038899421691895
3510,4,11.293855667114258
3511,0,10.481319427490234
3511,1,12.724543571472168
3511,2,13.677546501159668
3511,3,8.831583976745605
3511,4,10.050445556640625
3512,0,14.144341468811035
3512,1,14.724905014038086
3512,2,14.889669418334961
3512,3,14.031319618225098
3512,4,13.961677551269531
3513,0,11.485719680786133
3513,1,10.848373413085938
3513,2,10.301623344421387
3513,3,10.598099708557129
3513,4,10.113115310668945
3514,0,9.45598316192627
3514,1,7.487563610076904
3514,2,9.149637222290039
3514,3,8.910355567932129
3514,4,9.602991104125977
3515,0,8.480828285217285
3515,1,8.869256019592285
3515,2,8.99134349822998
3515,3,8.38827133178711
3515,4,9.124942779541016
3516,0,9.026992797851562
3516,1,11.98058795928955
3516,2,12.76739501953125
3516,3,9.866388320922852
3516,4,9.820446968078613
3517,0,13.598472595214844
3517,1,13.459724426269531
3517,2,12.256834983825684
3517,3,13.246009826660156
3517,4,13.85682201385498
3518,0,11.104146003723145
3518,1,14.308595657348633
3518,2,14.498470306396484
3518,3,11.718212127685547
3518,4,10.878923416137695
3519,0,14.10422134399414
3519,1,12.50046443939209
3519,2,11.89554500579834
3519,3,12.94989013671875
3519,4,14.1160249710083
3520,0,11.423378944396973
3520,1,12.789448738098145
3520,2,12.42090892791748
3520,3,11.384031295776367
3520,4,11.224983215332031
3521,0,13.412284851074219
3521,1,13.929998397827148
3521,2,13.801225662231445
3521,3,12.42400074005127
3521,4,13.112579345703125
3522,0,12.116825103759766
3522,1,12.18702220916748
3522,2,12.466490745544434
3522,3,10.807467460632324
3522,4,11.870817184448242
3523,0,12.682376861572266
3523,1,12.771113395690918
3523,2,11.185754776000977
3523,3,12.99060344696045
3523,4,12.443228721618652
3524,0,11.619884490966797
3524,1,9.83948040008545
3524,2,8.726129531860352
3524,3,11.844742774963379
3524,4,11.655677795410156
3525,0,15.218868255615234
3525,1,15.299531936645508
3525,2,15.492286682128906
3525,3,14.875102043151855
3525,4,14.995208740234375
3526,0,12.140325546264648
3526,1,12.371716499328613
3526,2,10.571453094482422
3526,3,13.918010711669922
3526,4,12.850574493408203
3527,0,10.234894752502441
3527,1,7.465067386627197
3527,2,7.877162933349609
3527,3,14.544024467468262
3527,4,9.481905937194824
3528,0,9.35285758972168
3528,1,10.47860050201416
3528,2,10.730123519897461
3528,3,9.837443351745605
3528,4,9.36788272857666
3529,0,7.684878826141357
3529,1,9.388738632202148
3529,2,9.87201976776123
3529,3,6.6826605796813965
3529,4,7.270925045013428
3530,0,12.609785079956055
3530,1,13.369979858398438
3530,2,13.254975318908691
3530,3,11.89491081237793
3530,4,12.31821346282959
3531,0,12.47856330871582
3531,1,9.051304817199707
3531,2,8.666513442993164
3531,3,11.4248046875
3531,4,13.28746223449707
3532,0,9.57512092590332
3532,1,10.667959213256836
3532,2,11.207368850708008
3532,3,8.36262035369873
3532,4,9.193859100341797
3533,0,11.569280624389648
3533,1,9.954593658447266
3533,2,7.600980758666992
3533,3,9.656511306762695
3533,4,10.550623893737793
3534,0,15.140972137451172
3534,1,15.186448097229004
3534,2,15.09097957611084
3534,3,14.649284362792969
3534,4,15.187797546386719
3535,0,11.256853103637695
3535,1,11.87343692779541
3535,2,12.309403419494629
3535,3,9.305708885192871
3535,4,11.83416748046875
3536,0,3.262195110321045
3536,1,5.295354843139648
3536,2,4.478061676025391
3536,3,5.314687728881836
3536,4,4.29696798324585
3537,0,8.521553039550781
3537,1,9.665909767150879
3537,2,10.088469505310059
3537,3,8.152060508728027
3537,4,7.805173397064209
3538,0,13.106237411499023
3538,1,11.967391967773438
3538,2,12.171939849853516
3538,3,11.362181663513184
3538,4,13.239876747131348
3539,0,10.896575927734375
3539,1,10.873186111450195
3539,2,11.52040958404541
3539,3,10.680390357971191
3539,4,12.077367782592773
3540,0,15.491387367248535
3540,1,15.354838371276855
3540,2,15.78457260131836
3540,3,15.560956954956055
3540,4,15.41287612915039
3541,0,8.772743225097656
3541,1,8.172721862792969
3541,2,8.164314270019531
3541,3,6.923111438751221
3541,4,8.989997863769531
3542,0,11.220017433166504
3542,1,12.564506530761719
3542,2,14.483094215393066
3542,3,12.388777732849121
3542,4,10.621158599853516
3543,0,11.969382286071777
3543,1,14.836907386779785
3543,2,13.259312629699707
3543,3,12.64963436126709
3543,4,11.238944053649902
3544,0,13.386974334716797
3544,1,13.959076881408691
3544,2,14.701693534851074
3544,3,13.641289710998535
3544,4,13.301734924316406
3545,0,9.931636810302734
3545,1,12.044832229614258
3545,2,11.33580207824707
3545,3,9.781782150268555
3545,4,9.660665512084961
3546,0,8.4428071975708
3546,1,10.377161026000977
3546,2,10.650901794433594
3546,3,4.698966026306152
3546,4,6.795931339263916
3547,0,14.56781005859375
3547,1,13.782882690429688
3547,2,13.13302993774414
3547,3,14.413298606872559
3547,4,13.876391410827637
3548,0,9.960561752319336
3548,1,11.748258590698242
3548,2,12.01476764678955
3548,3,11.149820327758789
3548,4,11.824631690979004
3549,0,5.974788665771484
3549,1,7.7242112159729
3549,2,8.169644355773926
3549,3,5.466762542724609
3549,4,5.880541801452637
3550,0,8.654723167419434
3550,1,8.533476829528809
3550,2,11.031290054321289
3550,3,5.627094745635986
3550,4,8.499787330627441
3551,0,12.899962425231934
3551,1,12.62964916229248
3551,2,12.702939987182617
3551,3,12.283555030822754
3551,4,13.022254943847656
3552,0,12.996182441711426
3552,1,11.534224510192871
3552,2,11.452887535095215
3552,3,12.408158302307129
3552,4,12.549492835998535
3553,0,9.80439281463623
3553,1,9.29450511932373
3553,2,7.74375581741333
3553,3,6.11283540725708
3553,4,11.72278118133545
3554,0,12.62147045135498
3554,1,13.47584342956543
3554,2,13.030794143676758
3554,3,12.248652458190918
3554,4,11.914566040039062
3555,0,10.797595024108887
3555,1,12.34111499786377
3555,2,11.723052024841309
3555,3,11.037640571594238
3555,4,10.132035255432129
3556,0,7.6844353675842285
3556,1,10.446599960327148
3556,2,10.497224807739258
3556,3,8.624044418334961
3556,4,7.2775044441223145
3557,0,14.043959617614746
3557,1,11.979677200317383
3557,2,10.502433776855469
3557,3,13.316126823425293
3557,4,9.07724380493164
3558,0,7.660000324249268
3558,1,8.44622802734375
3558,2,8.025593757629395
3558,3,7.868079662322998
3558,4,7.4332051277160645
3559,0,14.763199806213379
3559,1,12.890982627868652
3559,2,12.388988494873047
3559,3,14.607498168945312
3559,4,14.732327461242676
3560,0,10.291834831237793
3560,1,11.045685768127441
3560,2,10.964608192443848
3560,3,10.204858779907227
3560,4,9.441652297973633
3561,0,10.988919258117676
3561,1,12.938186645507812
3561,2,11.90042495727539
3561,3,11.007124900817871
3561,4,11.576998710632324
3562,0,13.824234008789062
3562,1,15.531497955322266
3562,2,14.930472373962402
3562,3,9.555048942565918
3562,4,14.727519035339355
3563,0,7.554657459259033
3563,1,9.27578067779541
3563,2,10.34603214263916
3563,3,5.947103977203369
3563,4,7.657283782958984
3564,0,10.926412582397461
3564,1,11.595251083374023
3564,2,12.713837623596191
3564,3,11.678000450134277
3564,4,11.433752059936523
3565,0,10.888976097106934
3565,1,10.949888229370117
3565,2,11.015506744384766
3565,3,10.786425590515137
3565,4,10.101424217224121
3566,0,14.40302848815918
3566,1,14.617048263549805
3566,2,14.494240760803223
3566,3,13.596826553344727
3566,4,14.453496932983398
3567,0,12.022022247314453
3567,1,12.558187484741211
3567,2,12.674638748168945
3567,3,12.28951358795166
3567,4,11.876747131347656
3568,0,12.809442520141602
3568,1,12.490845680236816
3568,2,13.352298736572266
3568,3,10.55553913116455
3568,4,12.867093086242676
3569,0,9.394329071044922
3569,1,12.74018383026123
3569,2,11.968210220336914
3569,3,10.29662036895752
3569,4,9.90960693359375
3570,0,10.238556861877441
3570,1,11.178081512451172
3570,2,12.352346420288086
3570,3,10.695991516113281
3570,4,10.679086685180664
3571,0,14.122891426086426
3571,1,14.030166625976562
3571,2,14.034205436706543
3571,3,13.519990921020508
3571,4,13.757912635803223
3572,0,9.16084098815918
3572,1,11.033557891845703
3572,2,10.58386516571045
3572,3,8.987512588500977
3572,4,9.101285934448242
3573,0,13.03199577331543
3573,1,13.711986541748047
3573,2,12.89021110534668
3573,3,13.884366989135742
3573,4,12.622395515441895
3574,0,10.242627143859863
3574,1,12.869306564331055
3574,2,12.460014343261719
3574,3,9.896933555603027
3574,4,10.800509452819824
3575,0,10.942329406738281
3575,1,9.562747955322266
3575,2,11.59570026397705
3575,3,9.6609468460083
3575,4,10.45733642578125
3576,0,8.31295394897461
3576,1,8.046719551086426
3576,2,8.584918975830078
3576,3,8.096074104309082
3576,4,9.749558448791504
3577,0,8.061120986938477
3577,1,10.435653686523438
3577,2,11.434050559997559
3577,3,7.613293170928955
3577,4,9.317633628845215
3578,0,10.232470512390137
3578,1,9.639274597167969
3578,2,9.789381980895996
3578,3,10.341195106506348
3578,4,11.172268867492676
3579,0,9.66479206085205
3579,1,11.683553695678711
3579,2,11.040512084960938
3579,3,8.43695068359375
3579,4,9.680116653442383
3580,0,12.11298656463623
3580,1,13.988800048828125
3580,2,13.809788703918457
3580,3,12.095444679260254
3580,4,11.780497550964355
3581,0,6.7435455322265625
3581,1,10.496098518371582
3581,2,10.585524559020996
3581,3,6.829191207885742
3581,4,6.34840202331543
3582,0,13.222748756408691
3582,1,13.127947807312012
3582,2,13.331954956054688
3582,3,11.90245246887207
3582,4,13.66933536529541
3583,0,9.727344512939453
3583,1,12.609621047973633
3583,2,12.451769828796387
3583,3,10.073310852050781
3583,4,9.567826271057129
3584,0,13.96336555480957
3584,1,13.971198081970215
3584,2,13.806975364685059
3584,3,14.794183731079102
3584,4,14.931944847106934
3585,0,10.101606369018555
3585,1,12.285646438598633
3585,2,10.878849983215332
3585,3,11.53184700012207
3585,4,10.074056625366211
3586,0,12.426724433898926
3586,1,13.034605979919434
3586,2,14.586532592773438
3586,3,11.82526683807373
3586,4,12.928608894348145
3587,0,8.27196979522705
3587,1,10.60523796081543
3587,2,10.068544387817383
3587,3,9.997968673706055
3587,4,9.22717571258545
3588,0,10.131338119506836
3588,1,9.615575790405273
3588,2,9.730788230895996
3588,3,9.225092887878418
3588,4,9.623749732971191
3589,0,10.10460376739502
3589,1,10.155367851257324
3589,2,10.776768684387207
3589,3,9.992605209350586
3589,4,10.357404708862305
3590,0,13.070744514465332
3590,1,13.276787757873535
3590,2,12.379876136779785
3590,3,12.993854522705078
3590,4,12.75216293334961
3591,0,12.617959022521973
3591,1,12.710046768188477
3591,2,13.94347858428955
3591,3,11.775594711303711
3591,4,12.502326965332031
3592,0,9.449973106384277
3592,1,10.464367866516113
3592,2,10.822441101074219
3592,3,9.37514877319336
3592,4,10.141826629638672
3593,0,16.005863189697266
3593,1,15.829230308532715
3593,2,15.891815185546875
3593,3,15.84089183807373
3593,4,15.807194709777832
3594,0,10.942502975463867
3594,1,11.503813743591309
3594,2,11.656067848205566
3594,3,11.212896347045898
3594,4,10.600492477416992
3595,0,10.070725440979004
3595,1,8.821667671203613
3595,2,9.794266700744629
3595,3,10.608959197998047
3595,4,10.259331703186035
3596,0,12.594017028808594
3596,1,12.293177604675293
3596,2,11.728497505187988
3596,3,11.228571891784668
3596,4,11.152868270874023
3597,0,10.544760704040527
3597,1,12.060685157775879
3597,2,11.469222068786621
3597,3,10.342242240905762
3597,4,10.239038467407227
3598,0,9.434196472167969
3598,1,10.762223243713379
3598,2,10.905815124511719
3598,3,8.875631332397461
3598,4,9.785401344299316
3599,0,11.32058334350586
3599,1,11.278600692749023
3599,2,10.215804100036621
3599,3,11.060430526733398
3599,4,11.543587684631348
3600,0,12.994067192077637
3600,1,12.909187316894531
3600,2,13.45512866973877
3600,3,12.711383819580078
3600,4,13.528075218200684
3601,0,8.61269760131836
3601,1,8.77574634552002
3601,2,8.668527603149414
3601,3,7.479528903961182
3601,4,9.157315254211426
3602,0,14.932801246643066
3602,1,15.69631576538086
3602,2,15.64539909362793
3602,3,15.227940559387207
3602,4,14.98852825164795
3603,0,13.712728500366211
3603,1,11.559155464172363
3603,2,11.056402206420898
3603,3,12.809252738952637
3603,4,11.100452423095703
3604,0,11.874855995178223
3604,1,14.977154731750488
3604,2,14.061670303344727
3604,3,12.555363655090332
3604,4,12.355460166931152
3605,0,10.467089653015137
3605,1,13.395270347595215
3605,2,12.866246223449707
3605,3,8.812125205993652
3605,4,11.390069961547852
3606,0,5.674219608306885
3606,1,7.669488430023193
3606,2,8.592985153198242
3606,3,6.8075103759765625
3606,4,5.23760461807251
3607,0,10.552478790283203
3607,1,13.005304336547852
3607,2,14.429106712341309
3607,3,11.371577262878418
3607,4,10.660385131835938
3608,0,11.100275039672852
3608,1,8.645834922790527
3608,2,8.625529289245605
3608,3,11.429929733276367
3608,4,11.225961685180664
3609,0,12.286221504211426
3609,1,13.074170112609863
3609,2,13.469440460205078
3609,3,10.993346214294434
3609,4,11.902437210083008
3610,0,10.378377914428711
3610,1,10.336714744567871
3610,2,10.81782054901123
3610,3,10.97339153289795
3610,4,10.356682777404785
3611,0,13.693188667297363
3611,1,11.3558349609375
3611,2,13.599726676940918
3611,3,9.952005386352539
3611,4,12.476524353027344
3612,0,6.4839863777160645
3612,1,6.330423355102539
3612,2,8.054333686828613
3612,3,7.176126956939697
3612,4,6.9280571937561035
3613,0,7.710071563720703
3613,1,8.493080139160156
3613,2,8.735958099365234
3613,3,7.557537078857422
3613,4,8.784107208251953
3614,0,10.449359893798828
3614,1,12.10979175567627
3614,2,11.780426979064941
3614,3,11.260246276855469
3614,4,11.475582122802734
3615,0,10.026578903198242
3615,1,10.369209289550781
3615,2,10.057595252990723
3615,3,9.175875663757324
3615,4,10.05717945098877
3616,0,11.276196479797363
3616,1,12.145496368408203
3616,2,12.778629302978516
3616,3,10.044654846191406
3616,4,10.945341110229492
3617,0,15.688961029052734
3617,1,14.548011779785156
3617,2,16.06715202331543
3617,3,15.03803539276123
3617,4,15.062790870666504
3618,0,12.390356063842773
3618,1,11.70741081237793
3618,2,11.733022689819336
3618,3,11.811408996582031
3618,4,12.775419235229492
3619,0,14.75650405883789
3619,1,15.874757766723633
3619,2,15.847395896911621
3619,3,14.436636924743652
3619,4,14.57083797454834
3620,0,10.798906326293945
3620,1,11.731945037841797
3620,2,11.369948387145996
3620,3,13.913532257080078
3620,4,10.054315567016602
3621,0,16.076902389526367
3621,1,15.726539611816406
3621,2,15.583735466003418
3621,3,15.779825210571289
3621,4,16.07539939880371
3622,0,12.506208419799805
3622,1,13.166847229003906
3622,2,13.36025333404541
3622,3,12.942164421081543
3622,4,12.906449317932129
3623,0,12.53718376159668
3623,1,13.492410659790039
3623,2,14.125741004943848
3623,3,12.033304214477539
3623,4,12.800515174865723
3624,0,12.090446472167969
3624,1,11.74327564239502
3624,2,12.8540678024292
3624,3,12.615998268127441
3624,4,11.456363677978516
3625,0,13.247031211853027
3625,1,13.737689018249512
3625,2,14.098089218139648
3625,3,13.071829795837402
3625,4,13.096086502075195
3626,0,10.89616870880127
3626,1,11.403522491455078
3626,2,10.794718742370605
3626,3,9.839673042297363
3626,4,10.751327514648438
3627,0,11.08741569519043
3627,1,11.283197402954102
3627,2,10.784832000732422
3627,3,10.828842163085938
3627,4,11.106823921203613
3628,0,13.053377151489258
3628,1,12.521646499633789
3628,2,11.655583381652832
3628,3,12.769232749938965
3628,4,12.924642562866211
3629,0,7.028797626495361
3629,1,7.811742305755615
3629,2,7.69871187210083
3629,3,7.085354804992676
3629,4,7.4352850914001465
3630,0,10.266838073730469
3630,1,11.14970874786377
3630,2,11.07771110534668
3630,3,9.339349746704102
3630,4,9.74433422088623
3631,0,13.585677146911621
3631,1,14.759397506713867
3631,2,14.89230728149414
3631,3,13.015365600585938
3631,4,12.874035835266113
3632,0,9.032981872558594
3632,1,9.716649055480957
3632,2,9.108572006225586
3632,3,8.973976135253906
3632,4,8.397048950195312
3633,0,7.773889064788818
3633,1,7.821996688842773
3633,2,10.778579711914062
3633,3,7.981721878051758
3633,4,7.613687992095947
3634,0,3.798340082168579
3634,1,3.5865516662597656
3634,2,2.0613396167755127
3634,3,3.4011969566345215
3634,4,3.616166591644287
3635,0,10.943129539489746
3635,1,9.81448745727539
3635,2,9.816838264465332
3635,3,10.437182426452637
3635,4,11.574697494506836
3636,0,14.350226402282715
3636,1,15.78581428527832
3636,2,15.663032531738281
3636,3,14.389793395996094
3636,4,14.260115623474121
3637,0,14.336634635925293
3637,1,14.779786109924316
3637,2,15.14156723022461
3637,3,14.706124305725098
3637,4,14.030635833740234
3638,0,9.610315322875977
3638,1,10.445913314819336
3638,2,10.386090278625488
3638,3,9.424440383911133
3638,4,9.815248489379883
3639,0,10.523045539855957
3639,1,13.690587043762207
3639,2,12.9522066116333
3639,3,10.829207420349121
3639,4,10.512185096740723
3640,0,6.974384784698486
3640,1,9.0060396194458
3640,2,8.635355949401855
3640,3,6.996615409851074
3640,4,6.819691181182861
3641,0,10.25511646270752
3641,1,9.914663314819336
3641,2,10.927791595458984
3641,3,11.084859848022461
3641,4,11.350778579711914
3642,0,7.842875003814697
3642,1,10.157938003540039
3642,2,11.229530334472656
3642,3,8.201845169067383
3642,4,8.291099548339844
3643,0,11.311344146728516
3643,1,11.110295295715332
3643,2,11.08124828338623
3643,3,10.719314575195312
3643,4,11.200691223144531
3644,0,13.211015701293945
3644,1,13.561623573303223
3644,2,13.654229164123535
3644,3,12.699374198913574
3644,4,13.599794387817383
3645,0,11.037469863891602
3645,1,11.323015213012695
3645,2,11.160582542419434
3645,3,11.108907699584961
3645,4,11.747382164001465
3646,0,9.17309284210205
3646,1,5.547386646270752
3646,2,7.800203800201416
3646,3,8.215149879455566
3646,4,8.19437313079834
3647,0,7.915797233581543
3647,1,8.89221477508545
3647,2,10.235651016235352
3647,3,8.179380416870117
3647,4,8.508638381958008
3648,0,15.788743019104004
3648,1,13.745417594909668
3648,2,14.868566513061523
3648,3,15.88210678100586
3648,4,15.707168579101562
3649,0,10.381158828735352
3649,1,11.319620132446289
3649,2,11.226286888122559
3649,3,11.10300350189209
3649,4,8.64028263092041
3650,0,7.438782691955566
3650,1,9.766414642333984
3650,2,10.373746871948242
3650,3,6.907535552978516
3650,4,7.446208953857422
3651,0,11.511133193969727
3651,1,11.321491241455078
3651,2,12.159302711486816
3651,3,12.265209197998047
3651,4,12.166873931884766
3652,0,11.053014755249023
3652,1,12.8331298828125
3652,2,13.70790958404541
3652,3,11.009439468383789
3652,4,11.387417793273926
3653,0,13.883654594421387
3653,1,13.11181354522705
3653,2,12.82381820678711
3653,3,13.474827766418457
3653,4,13.997661590576172
3654,0,8.823308944702148
3654,1,7.269112586975098
3654,2,7.5324788093566895
3654,3,7.902459144592285
3654,4,8.82867431640625
3655,0,11.321906089782715
3655,1,11.66192626953125
3655,2,10.119741439819336
3655,3,11.682439804077148
3655,4,12.278056144714355
3656,0,12.44815731048584
3656,1,13.264059066772461
3656,2,13.149153709411621
3656,3,13.518904685974121
3656,4,12.597748756408691
3657,0,11.909699440002441
3657,1,11.98593521118164
3657,2,11.36214828491211
3657,3,12.04761028289795
3657,4,11.830902099609375
3658,0,12.890625953674316
3658,1,13.9564790725708
3658,2,14.067130088806152
3658,3,12.918227195739746
3658,4,12.607250213623047
3659,0,8.395864486694336
3659,1,7.61550760269165
3659,2,8.010588645935059
3659,3,5.459752559661865
3659,4,8.219685554504395
3660,0,3.411404609680176
3660,1,-0.1794082373380661
3660,2,0.3144722878932953
3660,3,3.44818115234375
3660,4,3.3142504692077637
3661,0,6.732979774475098
3661,1,9.04620361328125
3661,2,10.224727630615234
3661,3,6.11582612991333
3661,4,7.0679402351379395
3662,0,9.634870529174805
3662,1,11.602973937988281
3662,2,10.795720100402832
3662,3,9.742403984069824
3662,4,9.031170845031738
3663,0,10.61535358428955
3663,1,10.254429817199707
3663,2,10.134833335876465
3663,3,9.323810577392578
3663,4,10.109078407287598
3664,0,10.839262008666992
3664,1,10.531618118286133
3664,2,11.572784423828125
3664,3,10.2859525680542
3664,4,10.69694995880127
3665,0,11.623540878295898
3665,1,13.76229190826416
3665,2,12.795690536499023
3665,3,9.992749214172363
3665,4,11.105835914611816
3666,0,13.729512214660645
3666,1,12.737564086914062
3666,2,11.433594703674316
3666,3,14.033533096313477
3666,4,14.16933536529541
3667,0,13.838299751281738
3667,1,14.446473121643066
3667,2,14.622429847717285
3667,3,13.846158981323242
3667,4,13.810317993164062
3668,0,7.747573375701904
3668,1,9.21234130859375
3668,2,8.7164888381958
3668,3,8.344120979309082
3668,4,7.657326698303223
3669,0,6.219520568847656
3669,1,7.248528957366943
3669,2,6.781152725219727
3669,3,6.840443134307861
3669,4,6.499300003051758
3670,0,11.310332298278809
3670,1,11.843756675720215
3670,2,11.921272277832031
3670,3,9.834362030029297
3670,4,10.560558319091797
3671,0,8.579225540161133
3671,1,8.751947402954102
3671,2,9.757508277893066
3671,3,7.500123500823975
3671,4,8.807005882263184
3672,0,8.980023384094238
3672,1,8.894596099853516
3672,2,9.996468544006348
3672,3,8.995034217834473
3672,4,9.260951042175293
3673,0,11.830018043518066
3673,1,14.028459548950195
3673,2,14.041947364807129
3673,3,11.85461711883545
3673,4,12.59370231628418
3674,0,13.975375175476074
3674,1,15.855463981628418
3674,2,15.858682632446289
3674,3,13.412015914916992
3674,4,13.952853202819824
3675,0,9.573629379272461
3675,1,10.080761909484863
3675,2,10.426094055175781
3675,3,9.136112213134766
3675,4,9.507649421691895
3676,0,10.772911071777344
3676,1,10.770328521728516
3676,2,10.372369766235352
3676,3,10.781410217285156
3676,4,11.142619132995605
3677,0,11.316642761230469
3677,1,10.470158576965332
3677,2,9.653247833251953
3677,3,12.087053298950195
3677,4,11.580065727233887
3678,0,11.288192749023438
3678,1,11.930474281311035
3678,2,11.904923439025879
3678,3,10.780767440795898
3678,4,11.72529411315918
3679,0,8.28982162475586
3679,1,10.647710800170898
3679,2,10.172015190124512
3679,3,7.561836242675781
3679,4,8.381329536437988
3680,0,15.417531967163086
3680,1,15.811992645263672
3680,2,15.914302825927734
3680,3,15.118240356445312
3680,4,15.383600234985352
3681,0,7.729605674743652
3681,1,9.157365798950195
3681,2,9.366032600402832
3681,3,8.15088939666748
3681,4,8.67702865600586
3682,0,12.707483291625977
3682,1,12.879950523376465
3682,2,12.784627914428711
3682,3,12.031357765197754
3682,4,12.955995559692383
3683,0,9.931949615478516
3683,1,11.325063705444336
3683,2,11.776963233947754
3683,3,9.624872207641602
3683,4,9.96927261352539
3684,0,7.71948766708374
3684,1,8.275343894958496
3684,2,8.680036544799805
3684,3,8.708636283874512
3684,4,7.128327369689941
3685,0,1.693013072013855
3685,1,8.884857177734375
3685,2,9.088281631469727
3685,3,8.95526123046875
3685,4,4.784754753112793
3686,0,8.802687644958496
3686,1,11.732200622558594
3686,2,11.6338472366333
3686,3,8.363539695739746
3686,4,9.97938060760498
3687,0,12.673547744750977
3687,1,15.286874771118164
3687,2,12.813820838928223
3687,3,12.460768699645996
3687,4,12.398728370666504
3688,0,8.927874565124512
3688,1,13.100275993347168
3688,2,13.526129722595215
3688,3,8.504838943481445
3688,4,8.792823791503906
3689,0,8.320178031921387
3689,1,9.184586524963379
3689,2,10.451902389526367
3689,3,6.576726913452148
3689,4,8.279786109924316
3690,0,7.743144512176514
3690,1,6.582248210906982
3690,2,7.976548194885254
3690,3,7.670441150665283
3690,4,6.464958190917969
3691,0,6.984068870544434
3691,1,8.810868263244629
3691,2,10.007318496704102
3691,3,6.771703720092773
3691,4,7.233779430389404
3692,0,10.913957595825195
3692,1,10.308939933776855
3692,2,10.064608573913574
3692,3,10.47900390625
3692,4,10.7277250289917
3693,0,13.766953468322754
3693,1,13.828521728515625
3693,2,14.378621101379395
3693,3,14.116336822509766
3693,4,13.565522193908691
3694,0,12.718259811401367
3694,1,14.4242525100708
3694,2,12.835163116455078
3694,3,12.607429504394531
3694,4,13.208239555358887
3695,0,11.364301681518555
3695,1,12.707999229431152
3695,2,12.448387145996094
3695,3,11.172710418701172
3695,4,11.150296211242676
3696,0,12.662370681762695
3696,1,14.43327522277832
3696,2,13.859367370605469
3696,3,13.114246368408203
3696,4,13.395801544189453
3697,0,7.953133583068848
3697,1,9.956504821777344
3697,2,8.871807098388672
3697,3,10.832738876342773
3697,4,9.627779006958008
3698,0,12.474152565002441
3698,1,13.6100435256958
3698,2,13.583534240722656
3698,3,11.893293380737305
3698,4,12.55769157409668
3699,0,9.95844554901123
3699,1,10.592263221740723
3699,2,10.631390571594238
3699,3,10.897204399108887
3699,4,10.562511444091797
3700,0,9.4576997756958
3700,1,10.548432350158691
3700,2,10.956616401672363
3700,3,8.793891906738281
3700,4,9.414519309997559
3701,0,7.565774917602539
3701,1,8.96154499053955
3701,2,8.135128021240234
3701,3,6.8427863121032715
3701,4,6.988405704498291
3702,0,11.211673736572266
3702,1,10.0967435836792
3702,2,10.943537712097168
3702,3,11.450392723083496
3702,4,11.500465393066406
3703,0,10.067200660705566
3703,1,11.350241661071777
3703,2,11.33384895324707
3703,3,10.765059471130371
3703,4,10.074009895324707
3704,0,9.593830108642578
3704,1,10.684578895568848
3704,2,10.607152938842773
3704,3,9.817691802978516
3704,4,9.222628593444824
3705,0,13.46240520477295
3705,1,13.254175186157227
3705,2,14.22245979309082
3705,3,13.566436767578125
3705,4,13.51288890838623
3706,0,12.388680458068848
3706,1,12.753994941711426
3706,2,11.719793319702148
3706,3,13.532428741455078
3706,4,10.990135192871094
3707,0,12.999008178710938
3707,1,13.566214561462402
3707,2,12.758166313171387
3707,3,12.914161682128906
3707,4,13.640545845031738
3708,0,3.892080545425415
3708,1,7.177277088165283
3708,2,7.961893081665039
3708,3,6.7919416427612305
3708,4,6.337183952331543
3709,0,12.032452583312988
3709,1,12.371746063232422
3709,2,10.885577201843262
3709,3,11.993496894836426
3709,4,12.00921630859375
3710,0,6.404601097106934
3710,1,13.677393913269043
3710,2,13.989653587341309
3710,3,3.6182241439819336
3710,4,7.5229716300964355
3711,0,9.740290641784668
3711,1,11.55236530303955
3711,2,11.132064819335938
3711,3,9.427449226379395
3711,4,10.893903732299805
3712,0,9.470272064208984
3712,1,11.414607048034668
3712,2,9.553634643554688
3712,3,8.857075691223145
3712,4,9.378165245056152
3713,0,9.801203727722168
3713,1,10.29426097869873
3713,2,9.996705055236816
3713,3,9.244693756103516
3713,4,9.903155326843262
3714,0,6.73603630065918
3714,1,8.59876823425293
3714,2,9.851140022277832
3714,3,6.507915496826172
3714,4,7.094649314880371
3715,0,14.093111991882324
3715,1,14.270196914672852
3715,2,13.782835960388184
3715,3,14.520021438598633
3715,4,13.69061279296875
3716,0,9.43714427947998
3716,1,7.865113258361816
3716,2,8.183975219726562
3716,3,8.772647857666016
3716,4,10.465155601501465
3717,0,13.331541061401367
3717,1,14.335474014282227
3717,2,15.147052764892578
3717,3,13.751945495605469
3717,4,13.314650535583496
3718,0,9.35070514678955
3718,1,8.752691268920898
3718,2,8.740574836730957
3718,3,9.26579761505127
3718,4,10.349105834960938
3719,0,11.783539772033691
3719,1,12.18165397644043
3719,2,14.443687438964844
3719,3,10.943557739257812
3719,4,12.17439079284668
3720,0,8.034154891967773
3720,1,8.58133316040039
3720,2,7.691654205322266
3720,3,7.356539726257324
3720,4,7.047260761260986
3721,0,8.872593879699707
3721,1,8.340707778930664
3721,2,8.940279006958008
3721,3,7.310133934020996
3721,4,9.06683349609375
3722,0,10.244246482849121
3722,1,13.038944244384766
3722,2,12.174406051635742
3722,3,12.5756196975708
3722,4,9.127715110778809
3723,0,12.160840034484863
3723,1,11.659049987792969
3723,2,12.305744171142578
3723,3,11.506071090698242
3723,4,11.901755332946777
3724,0,6.3986897468566895
3724,1,7.800510883331299
3724,2,9.282766342163086
3724,3,6.377279758453369
3724,4,7.237926959991455
3725,0,14.419429779052734
3725,1,13.58843994140625
3725,2,14.536571502685547
3725,3,14.776455879211426
3725,4,14.401844024658203
3726,0,13.290748596191406
3726,1,13.863438606262207
3726,2,12.451833724975586
3726,3,13.273372650146484
3726,4,13.62519359588623
3727,0,13.001022338867188
3727,1,12.496684074401855
3727,2,11.79401969909668
3727,3,12.235908508300781
3727,4,11.820889472961426
3728,0,8.357085227966309
3728,1,9.268061637878418
3728,2,7.3383002281188965
3728,3,7.743781089782715
3728,4,7.6129255294799805
3729,0,9.659697532653809
3729,1,8.645054817199707
3729,2,8.89486026763916
3729,3,8.653197288513184
3729,4,9.414224624633789
3730,0,11.350144386291504
3730,1,10.69312858581543
3730,2,11.018021583557129
3730,3,11.536901473999023
3730,4,12.210586547851562
3731,0,7.533461570739746
3731,1,8.945176124572754
3731,2,8.577518463134766
3731,3,6.939819812774658
3731,4,5.239923000335693
3732,0,13.22092342376709
3732,1,13.621015548706055
3732,2,13.14108943939209
3732,3,13.785001754760742
3732,4,13.033727645874023
3733,0,9.301782608032227
3733,1,10.750876426696777
3733,2,10.315217018127441
3733,3,7.896063327789307
3733,4,8.878498077392578
3734,0,7.447502136230469
3734,1,10.69567584991455
3734,2,12.62065601348877
3734,3,6.711721420288086
3734,4,8.522076606750488
3735,0,7.263404846191406
3735,1,8.41816234588623
3735,2,2.4385619163513184
3735,3,8.392138481140137
3735,4,2.446928024291992
3736,0,11.805817604064941
3736,1,9.933648109436035
3736,2,11.572715759277344
3736,3,10.340352058410645
3736,4,11.309769630432129
3737,0,7.210288047790527
3737,1,6.176397800445557
3737,2,7.064337730407715
3737,3,7.111360549926758
3737,4,8.2029447555542
3738,0,11.555455207824707
3738,1,10.279016494750977
3738,2,9.30019474029541
3738,3,11.81093692779541
3738,4,11.296512603759766
3739,0,12.815471649169922
3739,1,11.936347007751465
3739,2,11.420909881591797
3739,3,12.746838569641113
3739,4,12.989975929260254
3740,0,12.991719245910645
3740,1,13.676421165466309
3740,2,13.200103759765625
3740,3,12.350512504577637
3740,4,13.584718704223633
3741,0,11.44897174835205
3741,1,12.032038688659668
3741,2,11.126376152038574
3741,3,10.629205703735352
3741,4,11.154580116271973
3742,0,9.235681533813477
3742,1,10.36524772644043
3742,2,8.983060836791992
3742,3,9.098844528198242
3742,4,8.910274505615234
3743,0,6.113203048706055
3743,1,9.987083435058594
3743,2,8.895959854125977
3743,3,9.440720558166504
3743,4,3.4666497707366943
3744,0,9.996127128601074
3744,1,12.038189888000488
3744,2,13.644257545471191
3744,3,10.340564727783203
3744,4,11.910625457763672
3745,0,13.30087947845459
3745,1,13.14892864227295
3745,2,13.536080360412598
3745,3,14.011505126953125
3745,4,14.267219543457031
3746,0,12.683733940124512
3746,1,13.301018714904785
3746,2,13.12137222290039
3746,3,10.679506301879883
3746,4,12.378300666809082
3747,0,10.58705997467041
3747,1,14.56892204284668
3747,2,12.126077651977539
3747,3,10.535325050354004
3747,4,11.341591835021973
3748,0,7.54905891418457
3748,1,8.866974830627441
3748,2,8.728134155273438
3748,3,6.569977283477783
3748,4,6.960665225982666
3749,0,6.808994293212891
3749,1,10.304051399230957
3749,2,5.921023368835449
3749,3,11.067030906677246
3749,4,6.063576698303223
3750,0,6.369507789611816
3750,1,9.05405330657959
3750,2,9.041382789611816
3750,3,6.8366217613220215
3750,4,6.429876804351807
3751,0,9.302203178405762
3751,1,11.424696922302246
3751,2,11.24181842803955
3751,3,9.231459617614746
3751,4,8.816642761230469
3752,0,10.762818336486816
3752,1,12.391827583312988
3752,2,12.979501724243164
3752,3,10.170199394226074
3752,4,11.370471954345703
3753,0,11.065831184387207
3753,1,12.321022033691406
3753,2,9.388766288757324
3753,3,10.61126708984375
3753,4,10.935465812683105
3754,0,14.0208101272583
3754,1,14.594255447387695
3754,2,13.880731582641602
3754,3,12.206214904785156
3754,4,13.921476364135742
3755,0,14.830236434936523
3755,1,14.923233985900879
3755,2,15.279437065124512
3755,3,14.72178840637207
3755,4,14.848511695861816
3756,0,10.832108497619629
3756,1,10.80115795135498
3756,2,9.962018013000488
3756,3,11.037222862243652
3756,4,10.459668159484863
3757,0,7.388782024383545
3757,1,7.873077392578125
3757,2,8.294501304626465
3757,3,7.340578556060791
3757,4,7.012928009033203
3758,0,8.495197296142578
3758,1,10.653786659240723
3758,2,9.226468086242676
3758,3,9.539911270141602
3758,4,8.578083038330078
3759,0,6.114573955535889
3759,1,11.806317329406738
3759,2,10.453696250915527
3759,3,7.004542350769043
3759,4,7.5389628410339355
3760,0,9.630148887634277
3760,1,7.908509254455566
3760,2,8.000618934631348
3760,3,9.947107315063477
3760,4,9.944840431213379
3761,0,11.556869506835938
3761,1,11.921149253845215
3761,2,12.71971321105957
3761,3,11.580055236816406
3761,4,11.33616828918457
3762,0,11.863369941711426
3762,1,11.863422393798828
3762,2,12.42226505279541
3762,3,13.293000221252441
3762,4,11.399214744567871
3763,0,9.604253768920898
3763,1,10.767021179199219
3763,2,7.943933486938477
3763,3,10.642590522766113
3763,4,8.171189308166504
3764,0,8.00057601928711
3764,1,10.844887733459473
3764,2,13.223892211914062
3764,3,7.625239372253418
3764,4,7.850471496582031
3765,0,10.555793762207031
3765,1,11.061591148376465
3765,2,8.533488273620605
3765,3,10.313345909118652
3765,4,10.625055313110352
3766,0,10.118006706237793
3766,1,11.811629295349121
3766,2,12.253992080688477
3766,3,10.850568771362305
3766,4,10.91104793548584
3767,0,9.247818946838379
3767,1,9.853150367736816
3767,2,9.92945384979248
3767,3,9.900533676147461
3767,4,10.022391319274902
3768,0,12.473817825317383
3768,1,8.397563934326172
3768,2,8.213203430175781
3768,3,10.315306663513184
3768,4,12.098373413085938
3769,0,9.454833030700684
3769,1,8.459920883178711
3769,2,9.023269653320312
3769,3,8.355688095092773
3769,4,9.419567108154297
3770,0,8.479042053222656
3770,1,8.904486656188965
3770,2,8.654068946838379
3770,3,7.5784196853637695
3770,4,8.782271385192871
3771,0,11.753070831298828
3771,1,13.794983863830566
3771,2,13.97341537475586
3771,3,11.700029373168945
3771,4,11.455486297607422
3772,0,10.73654556274414
3772,1,11.233399391174316
3772,2,14.321174621582031
3772,3,11.08230972290039
3772,4,10.743112564086914
3773,0,10.710970878601074
3773,1,11.655437469482422
3773,2,10.490510940551758
3773,3,8.920453071594238
3773,4,11.011598587036133
3774,0,13.334369659423828
3774,1,13.8020601272583
3774,2,13.993967056274414
3774,3,12.965709686279297
3774,4,13.995169639587402
3775,0,11.352042198181152
3775,1,11.032380104064941
3775,2,11.498706817626953
3775,3,10.830294609069824
3775,4,11.737532615661621
3776,0,10.820528030395508
3776,1,12.060917854309082
3776,2,10.849217414855957
3776,3,9.924943923950195
3776,4,11.105650901794434
3777,0,6.448755741119385
3777,1,7.064461708068848
3777,2,6.371300220489502
3777,3,5.825819492340088
3777,4,6.441104888916016
3778,0,12.644407272338867
3778,1,14.55500316619873
3778,2,15.836993217468262
3778,3,9.776884078979492
3778,4,11.951837539672852
3779,0,10.954729080200195
3779,1,13.502538681030273
3779,2,12.964421272277832
3779,3,11.001786231994629
3779,4,11.179939270019531
3780,0,9.610404968261719
3780,1,10.36902904510498
3780,2,10.617527961730957
3780,3,9.734214782714844
3780,4,11.091557502746582
3781,0,11.053133964538574
3781,1,10.7176513671875
3781,2,8.849535942077637
3781,3,10.745388984680176
3781,4,12.09411907196045
3782,0,9.82438850402832
3782,1,9.315555572509766
3782,2,8.03686809539795
3782,3,8.820667266845703
3782,4,10.595990180969238
3783,0,12.872854232788086
3783,1,14.181462287902832
3783,2,13.896221160888672
3783,3,13.297774314880371
3783,4,12.050233840942383
3784,0,3.8717410564422607
3784,1,8.259833335876465
3784,2,4.5026397705078125
3784,3,5.483571529388428
3784,4,4.358849048614502
3785,0,12.91936206817627
3785,1,13.6571626663208
3785,2,12.359326362609863
3785,3,11.977180480957031
3785,4,11.604540824890137
3786,0,14.776132583618164
3786,1,15.217095375061035
3786,2,15.342641830444336
3786,3,14.382014274597168
3786,4,14.824024200439453
3787,0,14.437630653381348
3787,1,14.34237289428711
3787,2,12.696165084838867
3787,3,12.570069313049316
3787,4,14.569193840026855
3788,0,9.731831550598145
3788,1,14.112509727478027
3788,2,14.128915786743164
3788,3,11.284381866455078
3788,4,7.509239673614502
3789,0,9.143622398376465
3789,1,7.7970123291015625
3789,2,7.246183395385742
3789,3,10.009078025817871
3789,4,9.950218200683594
3790,0,10.093358039855957
3790,1,11.688132286071777
3790,2,11.683598518371582
3790,3,9.122225761413574
3790,4,9.35148811340332
3791,0,9.406152725219727
3791,1,10.896471977233887
3791,2,5.058834552764893
3791,3,9.343955993652344
3791,4,10.27236270904541
3792,0,9.601173400878906
3792,1,10.47728157043457
3792,2,10.407455444335938
3792,3,9.793331146240234
3792,4,10.113556861877441
3793,0,2.314462423324585
3793,1,5.658980369567871
3793,2,6.326475620269775
3793,3,2.485206365585327
3793,4,2.5994255542755127
3794,0,8.239080429077148
3794,1,7.987595558166504
3794,2,8.668268203735352
3794,3,7.351924419403076
3794,4,8.494271278381348
3795,0,6.321723937988281
3795,1,9.27705192565918
3795,2,9.660109519958496
3795,3,6.755245685577393
3795,4,6.794006824493408
3796,0,7.789916515350342
3796,1,8.364532470703125
3796,2,9.140795707702637
3796,3,6.0780134201049805
3796,4,7.313413143157959
3797,0,13.558836936950684
3797,1,12.695306777954102
3797,2,12.409760475158691
3797,3,12.802919387817383
3797,4,13.852510452270508
3798,0,6.091983795166016
3798,1,10.450921058654785
3798,2,9.483860969543457
3798,3,4.763720512390137
3798,4,6.684598922729492
3799,0,11.160980224609375
3799,1,11.441427230834961
3799,2,12.277687072753906
3799,3,11.433342933654785
3799,4,11.540449142456055
3800,0,12.441200256347656
3800,1,12.36762809753418
3800,2,13.130990982055664
3800,3,12.529052734375
3800,4,12.295241355895996
3801,0,15.345115661621094
3801,1,14.8660306930542
3801,2,13.294962882995605
3801,3,15.189981460571289
3801,4,14.211912155151367
3802,0,8.946198463439941
3802,1,10.101117134094238
3802,2,9.06960391998291
3802,3,6.524061679840088
3802,4,8.589151382446289
3803,0,7.941768646240234
3803,1,9.402850151062012
3803,2,8.71666145324707
3803,3,6.672523498535156
3803,4,8.100892066955566
3804,0,10.181379318237305
3804,1,11.388514518737793
3804,2,11.616379737854004
3804,3,10.146546363830566
3804,4,10.899011611938477
3805,0,14.070536613464355
3805,1,12.451180458068848
3805,2,12.040682792663574
3805,3,12.685903549194336
3805,4,12.816560745239258
3806,0,12.816924095153809
3806,1,10.327081680297852
3806,2,11.705310821533203
3806,3,12.277237892150879
3806,4,12.653275489807129
3807,0,12.776850700378418
3807,1,14.061294555664062
3807,2,13.386868476867676
3807,3,12.435407638549805
3807,4,12.403861045837402
3808,0,6.366232872009277
3808,1,10.508977890014648
3808,2,9.591073989868164
3808,3,5.437140464782715
3808,4,6.857498645782471
3809,0,12.738273620605469
3809,1,13.21336841583252
3809,2,14.131803512573242
3809,3,12.275089263916016
3809,4,12.638091087341309
3810,0,6.48555850982666
3810,1,6.073513984680176
3810,2,3.7877676486968994
3810,3,6.227628707885742
3810,4,6.020273685455322
3811,0,5.245749473571777
3811,1,9.26565170288086
3811,2,9.104902267456055
3811,3,6.749370574951172
3811,4,5.37388277053833
3812,0,13.810249328613281
3812,1,14.6751708984375
3812,2,13.718195915222168
3812,3,13.211861610412598
3812,4,14.474188804626465
3813,0,9.018298149108887
3813,1,10.205343246459961
3813,2,10.74134635925293
3813,3,8.52334976196289
3813,4,8.573659896850586
3814,0,12.103043556213379
3814,1,14.697126388549805
3814,2,14.87631607055664
3814,3,13.608871459960938
3814,4,12.326518058776855
3815,0,12.582606315612793
3815,1,12.812289237976074
3815,2,13.588861465454102
3815,3,11.63486385345459
3815,4,12.328187942504883
3816,0,11.334452629089355
3816,1,11.033353805541992
3816,2,11.175350189208984
3816,3,11.017894744873047
3816,4,10.672664642333984
3817,0,10.53951644897461
3817,1,9.924177169799805
3817,2,9.787077903747559
3817,3,10.270590782165527
3817,4,10.07819938659668
3818,0,8.778968811035156
3818,1,3.9409403800964355
3818,2,8.490453720092773
3818,3,9.005828857421875
3818,4,8.508240699768066
3819,0,10.368745803833008
3819,1,11.241180419921875
3819,2,11.007772445678711
3819,3,9.849507331848145
3819,4,9.912811279296875
3820,0,9.564488410949707
3820,1,13.463118553161621
3820,2,14.00320053100586
3820,3,11.497418403625488
3820,4,9.941428184509277
3821,0,1.874139666557312
3821,1,6.251893043518066
3821,2,7.720702648162842
3821,3,1.435119867324829
3821,4,2.272707462310791
3822,0,10.216048240661621
3822,1,9.960237503051758
3822,2,8.50916862487793
3822,3,10.8096284866333
3822,4,9.868738174438477
3823,0,12.427369117736816
3823,1,11.394567489624023
3823,2,10.405756950378418
3823,3,10.592344284057617
3823,4,12.934242248535156
3824,0,10.99596118927002
3824,1,12.893060684204102
3824,2,12.51103687286377
3824,3,9.101048469543457
3824,4,11.854170799255371
3825,0,6.994958400726318
3825,1,10.998087882995605
3825,2,10.915742874145508
3825,3,6.107766628265381
3825,4,7.178884029388428
3826,0,8.519742965698242
3826,1,9.77242660522461
3826,2,6.221992492675781
3826,3,7.297685623168945
3826,4,9.604995727539062
3827,0,9.884963035583496
3827,1,10.691163063049316
3827,2,9.735980987548828
3827,3,9.590929985046387
3827,4,8.495292663574219
3828,0,9.625663757324219
3828,1,10.129759788513184
3828,2,10.593339920043945
3828,3,4.151508331298828
3828,4,9.11601448059082
3829,0,9.399567604064941
3829,1,8.370879173278809
3829,2,8.870540618896484
3829,3,10.151856422424316
3829,4,10.82197093963623
3830,0,11.383696556091309
3830,1,12.446922302246094
3830,2,13.20351791381836
3830,3,11.860861778259277
3830,4,11.482823371887207
3831,0,12.045830726623535
3831,1,13.11129093170166
3831,2,13.564146041870117
3831,3,12.181706428527832
3831,4,12.213953971862793
3832,0,10.75351619720459
3832,1,12.241715431213379
3832,2,11.908467292785645
3832,3,12.6934232711792
3832,4,10.341922760009766
3833,0,9.713387489318848
3833,1,11.565299987792969
3833,2,11.381027221679688
3833,3,9.875869750976562
3833,4,9.508180618286133
3834,0,13.69703197479248
3834,1,14.124427795410156
3834,2,14.681083679199219
3834,3,12.99409294128418
3834,4,14.116144180297852
3835,0,4.434150218963623
3835,1,6.58335018157959
3835,2,6.743341445922852
3835,3,4.51801061630249
3835,4,2.949171304702759
3836,0,14.027039527893066
3836,1,13.093746185302734
3836,2,12.53488826751709
3836,3,13.966919898986816
3836,4,13.94016170501709
3837,0,13.971099853515625
3837,1,14.188626289367676
3837,2,15.2214937210083
3837,3,14.219873428344727
3837,4,14.041144371032715
3838,0,8.35560417175293
3838,1,9.042716026306152
3838,2,10.565213203430176
3838,3,8.011486053466797
3838,4,7.855576515197754
3839,0,8.44074821472168
3839,1,6.942224025726318
3839,2,7.397481918334961
3839,3,8.534013748168945
3839,4,6.830741882324219
3840,0,9.135420799255371
3840,1,8.989418983459473
3840,2,9.279280662536621
3840,3,10.20394515991211
3840,4,9.10274887084961
3841,0,11.857452392578125
3841,1,13.274093627929688
3841,2,13.212087631225586
3841,3,11.49865436553955
3841,4,12.373095512390137
3842,0,9.518105506896973
3842,1,10.028921127319336
3842,2,10.405396461486816
3842,3,8.313319206237793
3842,4,9.271449089050293
3843,0,13.085416793823242
3843,1,12.844832420349121
3843,2,13.252802848815918
3843,3,10.133686065673828
3843,4,12.891271591186523
3844,0,5.266315937042236
3844,1,12.960380554199219
3844,2,14.154767990112305
3844,3,4.266321182250977
3844,4,5.07416296005249
3845,0,14.442863464355469
3845,1,9.614439010620117
3845,2,10.152302742004395
3845,3,12.650752067565918
3845,4,13.995424270629883
3846,0,8.969918251037598
3846,1,10.796822547912598
3846,2,11.523653984069824
3846,3,9.341571807861328
3846,4,8.740118980407715
3847,0,14.702052116394043
3847,1,13.125598907470703
3847,2,12.776514053344727
3847,3,13.078085899353027
3847,4,14.057781219482422
3848,0,11.431300163269043
3848,1,12.648195266723633
3848,2,11.689723014831543
3848,3,12.944535255432129
3848,4,11.582676887512207
3849,0,12.812350273132324
3849,1,12.783562660217285
3849,2,12.427249908447266
3849,3,12.181761741638184
3849,4,12.124000549316406
3850,0,13.412590980529785
3850,1,13.580402374267578
3850,2,13.245439529418945
3850,3,13.93025016784668
3850,4,13.38054370880127
3851,0,8.21063232421875
3851,1,11.854344367980957
3851,2,11.244048118591309
3851,3,7.992428779602051
3851,4,2.6549322605133057
3852,0,10.072272300720215
3852,1,10.65685749053955
3852,2,11.75361442565918
3852,3,9.245245933532715
3852,4,10.677191734313965
3853,0,13.244124412536621
3853,1,12.199231147766113
3853,2,10.223401069641113
3853,3,14.546246528625488
3853,4,13.30583381652832
3854,0,9.74609661102295
3854,1,12.194694519042969
3854,2,12.284008979797363
3854,3,11.103279113769531
3854,4,11.92847728729248
3855,0,10.530512809753418
3855,1,11.320855140686035
3855,2,12.574613571166992
3855,3,9.941301345825195
3855,4,10.869475364685059
3856,0,15.303030967712402
3856,1,12.00516414642334
3856,2,15.255318641662598
3856,3,14.676855087280273
3856,4,15.161112785339355
3857,0,14.143423080444336
3857,1,14.999838829040527
3857,2,15.125686645507812
3857,3,14.280632972717285
3857,4,14.469510078430176
3858,0,14.569994926452637
3858,1,14.99994945526123
3858,2,14.25568962097168
3858,3,13.329935073852539
3858,4,14.566731452941895
3859,0,11.461668014526367
3859,1,13.409151077270508
3859,2,12.43171215057373
3859,3,13.381037712097168
3859,4,11.343083381652832
3860,0,11.842511177062988
3860,1,10.988885879516602
3860,2,10.628666877746582
3860,3,9.996845245361328
3860,4,11.332520484924316
3861,0,9.971272468566895
3861,1,11.234972953796387
3861,2,11.88273811340332
3861,3,9.664148330688477
3861,4,9.753817558288574
3862,0,11.846402168273926
3862,1,12.531500816345215
3862,2,11.57103157043457
3862,3,11.791755676269531
3862,4,11.714934349060059
3863,0,8.64836597442627
3863,1,9.118731498718262
3863,2,6.06869649887085
3863,3,9.275355339050293
3863,4,9.36307144165039
3864,0,12.953180313110352
3864,1,13.52379035949707
3864,2,14.753870964050293
3864,3,12.369778633117676
3864,4,12.785171508789062
3865,0,11.93171501159668
3865,1,14.36723518371582
3865,2,14.225990295410156
3865,3,13.143988609313965
3865,4,13.037059783935547
3866,0,12.323848724365234
3866,1,12.278863906860352
3866,2,12.608748435974121
3866,3,12.091035842895508
3866,4,11.565778732299805
3867,0,11.755937576293945
3867,1,13.83513069152832
3867,2,14.655293464660645
3867,3,11.0083589553833
3867,4,11.689318656921387
3868,0,13.618170738220215
3868,1,12.976768493652344
3868,2,14.109954833984375
3868,3,12.560365676879883
3868,4,13.178476333618164
3869,0,12.56815242767334
3869,1,12.260400772094727
3869,2,14.039660453796387
3869,3,11.741996765136719
3869,4,12.560100555419922
3870,0,11.558639526367188
3870,1,10.997154235839844
3870,2,11.833311080932617
3870,3,10.197832107543945
3870,4,12.028764724731445
3871,0,13.746371269226074
3871,1,12.858184814453125
3871,2,13.734591484069824
3871,3,11.768200874328613
3871,4,13.54846477508545
3872,0,13.160802841186523
3872,1,13.628560066223145
3872,2,13.98481273651123
3872,3,12.831850051879883
3872,4,13.44250202178955
3873,0,11.096949577331543
3873,1,11.489753723144531
3873,2,11.713679313659668
3873,3,10.291275978088379
3873,4,10.642145156860352
3874,0,12.027183532714844
3874,1,11.162381172180176
3874,2,10.963190078735352
3874,3,11.261816024780273
3874,4,10.790227890014648
3875,0,8.570303916931152
3875,1,9.63563346862793
3875,2,7.383211612701416
3875,3,7.715188503265381
3875,4,8.371258735656738
3876,0,9.792805671691895
3876,1,9.296660423278809
3876,2,8.987871170043945
3876,3,9.127778053283691
3876,4,9.877988815307617
3877,0,9.379583358764648
3877,1,9.463451385498047
3877,2,9.733297348022461
3877,3,8.747705459594727
3877,4,7.3572916984558105
3878,0,11.878899574279785
3878,1,11.648701667785645
3878,2,12.021478652954102
3878,3,11.96671199798584
3878,4,12.509953498840332
3879,0,9.728937149047852
3879,1,11.292040824890137
3879,2,8.543957710266113
3879,3,10.63996410369873
3879,4,10.063175201416016
3880,0,11.674962997436523
3880,1,12.407110214233398
3880,2,13.484909057617188
3880,3,9.319564819335938
3880,4,12.631815910339355
3881,0,9.448370933532715
3881,1,12.429652214050293
3881,2,12.475101470947266
3881,3,11.333651542663574
3881,4,11.412832260131836
3882,0,6.484073162078857
3882,1,8.992323875427246
3882,2,9.155163764953613
3882,3,5.621209144592285
3882,4,6.3491530418396
3883,0,5.653337478637695
3883,1,6.100016117095947
3883,2,5.923457622528076
3883,3,4.605655670166016
3883,4,5.830395221710205
3884,0,12.98494815826416
3884,1,14.154074668884277
3884,2,13.105109214782715
3884,3,11.847822189331055
3884,4,13.075390815734863
3885,0,12.222402572631836
3885,1,12.451993942260742
3885,2,10.434441566467285
3885,3,11.48935604095459
3885,4,11.560946464538574
3886,0,15.505672454833984
3886,1,14.350034713745117
3886,2,15.42487907409668
3886,3,15.490156173706055
3886,4,15.157675743103027
3887,0,9.777090072631836
3887,1,10.433366775512695
3887,2,9.749056816101074
3887,3,9.302718162536621
3887,4,9.343130111694336
3888,0,11.075580596923828
3888,1,12.980701446533203
3888,2,11.664905548095703
3888,3,10.60984992980957
3888,4,11.120421409606934
3889,0,4.982178688049316
3889,1,11.794398307800293
3889,2,10.628156661987305
3889,3,9.001012802124023
3889,4,6.056619167327881
3890,0,7.751183032989502
3890,1,1.5239399671554565
3890,2,-0.008825818076729774
3890,3,9.573784828186035
3890,4,8.257097244262695
3891,0,13.716900825500488
3891,1,13.728759765625
3891,2,15.402641296386719
3891,3,13.684748649597168
3891,4,13.436685562133789
3892,0,12.301289558410645
3892,1,11.363616943359375
3892,2,12.709362983703613
3892,3,11.455771446228027
3892,4,12.38193130493164
3893,0,14.076176643371582
3893,1,14.183664321899414
3893,2,13.74954891204834
3893,3,14.263174057006836
3893,4,14.107320785522461
3894,0,12.98366641998291
3894,1,12.955402374267578
3894,2,13.18718433380127
3894,3,11.975946426391602
3894,4,13.324061393737793
3895,0,12.372668266296387
3895,1,12.59315299987793
3895,2,11.6668062210083
3895,3,12.296300888061523
3895,4,13.20974063873291
3896,0,8.191889762878418
3896,1,9.461594581604004
3896,2,7.670914173126221
3896,3,8.790413856506348
3896,4,8.104521751403809
3897,0,9.78951358795166
3897,1,12.371835708618164
3897,2,12.331621170043945
3897,3,9.429547309875488
3897,4,10.409001350402832
3898,0,9.865195274353027
3898,1,9.67859935760498
3898,2,9.42729663848877
3898,3,10.137917518615723
3898,4,10.60771656036377
3899,0,14.658903121948242
3899,1,14.886031150817871
3899,2,15.06198501586914
3899,3,14.528554916381836
3899,4,14.282858848571777
3900,0,12.933197021484375
3900,1,13.381038665771484
3900,2,14.58587646484375
3900,3,11.743725776672363
3900,4,14.002528190612793
3901,0,8.373514175415039
3901,1,9.668639183044434
3901,2,10.326095581054688
3901,3,7.3467817306518555
3901,4,8.222976684570312
3902,0,7.8394670486450195
3902,1,6.53119421005249
3902,2,7.668223857879639
3902,3,8.104486465454102
3902,4,8.360116958618164
3903,0,12.650934219360352
3903,1,13.950336456298828
3903,2,14.042235374450684
3903,3,11.840656280517578
3903,4,11.7771577835083
3904,0,9.71899127960205
3904,1,10.784859657287598
3904,2,10.29171085357666
3904,3,9.281532287597656
3904,4,9.36440372467041
3905,0,10.391178131103516
3905,1,10.21036434173584
3905,2,10.207789421081543
3905,3,9.916939735412598
3905,4,10.19813346862793
3906,0,12.820416450500488
3906,1,12.905318260192871
3906,2,12.496686935424805
3906,3,12.500191688537598
3906,4,12.560361862182617
3907,0,12.279848098754883
3907,1,12.663777351379395
3907,2,12.502848625183105
3907,3,11.943735122680664
3907,4,10.736552238464355
3908,0,6.813035488128662
3908,1,7.360490322113037
3908,2,7.689520359039307
3908,3,6.801660537719727
3908,4,5.286336898803711
3909,0,12.312009811401367
3909,1,11.004664421081543
3909,2,12.698738098144531
3909,3,11.869199752807617
3909,4,12.826240539550781
3910,0,11.787735939025879
3910,1,12.61050033569336
3910,2,10.950895309448242
3910,3,10.85645866394043
3910,4,11.517876625061035
3911,0,13.459314346313477
3911,1,14.306978225708008
3911,2,13.659542083740234
3911,3,13.209785461425781
3911,4,13.35910701751709
3912,0,13.723184585571289
3912,1,12.63056468963623
3912,2,15.085628509521484
3912,3,13.891830444335938
3912,4,13.032732009887695
3913,0,9.764711380004883
3913,1,9.977757453918457
3913,2,12.37671184539795
3913,3,9.749225616455078
3913,4,8.092562675476074
3914,0,11.421784400939941
3914,1,11.505280494689941
3914,2,11.728058815002441
3914,3,11.85564136505127
3914,4,11.719525337219238
3915,0,6.190369606018066
3915,1,6.4867143630981445
3915,2,6.614905834197998
3915,3,6.191944599151611
3915,4,6.529059410095215
3916,0,7.566890239715576
3916,1,9.280350685119629
3916,2,8.4258451461792
3916,3,8.649229049682617
3916,4,7.909177780151367
3917,0,13.632389068603516
3917,1,13.18350887298584
3917,2,13.210926055908203
3917,3,13.381274223327637
3917,4,13.077207565307617
3918,0,6.385991096496582
3918,1,9.233955383300781
3918,2,7.881906986236572
3918,3,7.891952037811279
3918,4,7.609339237213135
3919,0,13.726449012756348
3919,1,13.707308769226074
3919,2,13.68896770477295
3919,3,13.565038681030273
3919,4,14.564352035522461
3920,0,8.889604568481445
3920,1,10.366226196289062
3920,2,11.31910228729248
3920,3,7.840811252593994
3920,4,7.7029266357421875
3921,0,11.343199729919434
3921,1,10.884500503540039
3921,2,10.442455291748047
3921,3,11.706533432006836
3921,4,11.188494682312012
3922,0,5.957132339477539
3922,1,7.0546793937683105
3922,2,8.57891845703125
3922,3,5.5273756980896
3922,4,6.2261176109313965
3923,0,12.127612113952637
3923,1,11.874334335327148
3923,2,12.042914390563965
3923,3,11.79285717010498
3923,4,12.476489067077637
3924,0,9.711094856262207
3924,1,10.494215965270996
3924,2,9.829720497131348
3924,3,9.231966018676758
3924,4,9.065613746643066
3925,0,12.75725269317627
3925,1,11.925487518310547
3925,2,12.778194427490234
3925,3,11.721813201904297
3925,4,12.550108909606934
3926,0,13.051032066345215
3926,1,13.769707679748535
3926,2,13.934292793273926
3926,3,12.493078231811523
3926,4,12.945612907409668
3927,0,12.127461433410645
3927,1,13.04361343383789
3927,2,12.97398853302002
3927,3,11.699116706848145
3927,4,12.305495262145996
3928,0,8.102753639221191
3928,1,9.452666282653809
3928,2,8.890546798706055
3928,3,7.982256889343262
3928,4,8.021801948547363
3929,0,12.752718925476074
3929,1,12.06536865234375
3929,2,11.415376663208008
3929,3,12.983641624450684
3929,4,12.220514297485352
3930,0,7.844676494598389
3930,1,9.565991401672363
3930,2,9.328547477722168
3930,3,8.702797889709473
3930,4,8.003471374511719
3931,0,12.976798057556152
3931,1,12.112707138061523
3931,2,12.129621505737305
3931,3,13.002371788024902
3931,4,12.377026557922363
3932,0,10.525413513183594
3932,1,10.143308639526367
3932,2,10.75166130065918
3932,3,10.092153549194336
3932,4,10.668609619140625
3933,0,12.864775657653809
3933,1,13.299284934997559
3933,2,14.191509246826172
3933,3,13.02868366241455
3933,4,13.171154975891113
3934,0,5.009270668029785
3934,1,6.799352645874023
3934,2,5.938651084899902
3934,3,5.871054172515869
3934,4,5.079811096191406
3935,0,5.3332295417785645
3935,1,9.560311317443848
3935,2,9.19170093536377
3935,3,6.865818977355957
3935,4,5.391830921173096
3936,0,9.570253372192383
3936,1,8.793580055236816
3936,2,8.673632621765137
3936,3,9.420124053955078
3936,4,9.524487495422363
3937,0,10.676376342773438
3937,1,13.48167896270752
3937,2,13.190422058105469
3937,3,10.345132827758789
3937,4,11.294084548950195
3938,0,10.729645729064941
3938,1,10.965001106262207
3938,2,10.335498809814453
3938,3,9.539432525634766
3938,4,10.338252067565918
3939,0,13.011844635009766
3939,1,14.944480895996094
3939,2,14.560916900634766
3939,3,12.897777557373047
3939,4,12.276108741760254
3940,0,11.883419036865234
3940,1,12.272623062133789
3940,2,12.39671802520752
3940,3,11.564526557922363
3940,4,11.007074356079102
3941,0,5.8489789962768555
3941,1,5.862207889556885
3941,2,6.156505584716797
3941,3,7.6744279861450195
3941,4,6.939037322998047
3942,0,9.403332710266113
3942,1,10.156014442443848
3942,2,9.736241340637207
3942,3,8.84937858581543
3942,4,8.975146293640137
3943,0,11.9690523147583
3943,1,10.474862098693848
3943,2,9.264309883117676
3943,3,12.467927932739258
3943,4,13.16304874420166
3944,0,13.714314460754395
3944,1,13.061720848083496
3944,2,13.815555572509766
3944,3,14.08442497253418
3944,4,13.47285270690918
3945,0,13.398058891296387
3945,1,10.424798965454102
3945,2,12.117093086242676
3945,3,11.301090240478516
3945,4,13.131011009216309
3946,0,8.995333671569824
3946,1,8.163383483886719
3946,2,9.158785820007324
3946,3,6.119051456451416
3946,4,9.37382984161377
3947,0,10.503664016723633
3947,1,10.369549751281738
3947,2,10.635674476623535
3947,3,10.643206596374512
3947,4,10.429899215698242
3948,0,8.15892219543457
3948,1,7.856959342956543
3948,2,9.605512619018555
3948,3,8.691383361816406
3948,4,7.442600727081299
3949,0,11.223591804504395
3949,1,11.607332229614258
3949,2,12.313904762268066
3949,3,10.803999900817871
3949,4,11.57337760925293
3950,0,12.393250465393066
3950,1,12.104379653930664
3950,2,12.69575023651123
3950,3,13.105921745300293
3950,4,12.707218170166016
3951,0,11.108697891235352
3951,1,7.9815521240234375
3951,2,7.786015510559082
3951,3,10.510021209716797
3951,4,10.731855392456055
3952,0,8.34865665435791
3952,1,11.632518768310547
3952,2,10.695630073547363
3952,3,7.6182780265808105
3952,4,7.343691825866699
3953,0,9.178046226501465
3953,1,10.085615158081055
3953,2,8.510255813598633
3953,3,6.983826160430908
3953,4,8.745635032653809
3954,0,6.711287498474121
3954,1,5.43131685256958
3954,2,6.0706329345703125
3954,3,6.058510780334473
3954,4,6.257068634033203
3955,0,15.085914611816406
3955,1,15.740493774414062
3955,2,15.90970230102539
3955,3,14.864792823791504
3955,4,14.761301040649414
3956,0,8.065337181091309
3956,1,8.545479774475098
3956,2,7.646261215209961
3956,3,9.064067840576172
3956,4,9.271439552307129
3957,0,9.58434772491455
3957,1,10.283970832824707
3957,2,11.555088996887207
3957,3,11.155183792114258
3957,4,9.29860782623291
3958,0,8.812345504760742
3958,1,12.22934341430664
3958,2,11.756630897521973
3958,3,10.350738525390625
3958,4,10.615118980407715
3959,0,8.114015579223633
3959,1,9.771392822265625
3959,2,11.463136672973633
3959,3,8.873939514160156
3959,4,8.80882740020752
3960,0,13.650635719299316
3960,1,13.889189720153809
3960,2,14.469075202941895
3960,3,14.076810836791992
3960,4,13.841257095336914
3961,0,12.100255966186523
3961,1,12.642497062683105
3961,2,12.82479476928711
3961,3,11.736083030700684
3961,4,11.139690399169922
3962,0,11.386428833007812
3962,1,10.285040855407715
3962,2,11.170202255249023
3962,3,10.077659606933594
3962,4,11.238794326782227
3963,0,6.485468864440918
3963,1,8.073293685913086
3963,2,8.24489974975586
3963,3,6.267447471618652
3963,4,6.987178325653076
3964,0,-2.7300798892974854
3964,1,-0.7975954413414001
3964,2,2.1632561683654785
3964,3,-0.6528088450431824
3964,4,-3.292405605316162
3965,0,10.161274909973145
3965,1,9.817634582519531
3965,2,9.427532196044922
3965,3,10.47923755645752
3965,4,9.117706298828125
3966,0,11.93451976776123
3966,1,12.567770004272461
3966,2,12.655571937561035
3966,3,11.896409034729004
3966,4,12.043270111083984
3967,0,13.372661590576172
3967,1,12.349380493164062
3967,2,11.536703109741211
3967,3,13.149038314819336
3967,4,12.982283592224121
3968,0,12.561304092407227
3968,1,10.790637016296387
3968,2,12.28782844543457
3968,3,12.325328826904297
3968,4,12.182665824890137
3969,0,14.85446548461914
3969,1,13.93093490600586
3969,2,13.929306030273438
3969,3,14.79992389678955
3969,4,14.579936981201172
3970,0,13.02096939086914
3970,1,14.837605476379395
3970,2,14.984077453613281
3970,3,13.354032516479492
3970,4,12.168353080749512
3971,0,9.288276672363281
3971,1,10.87351131439209
3971,2,11.216561317443848
3971,3,10.256547927856445
3971,4,10.04189682006836
3972,0,11.438929557800293
3972,1,12.06474781036377
3972,2,14.079449653625488
3972,3,9.32995891571045
3972,4,11.597033500671387
3973,0,11.189154624938965
3973,1,12.093123435974121
3973,2,12.24852180480957
3973,3,11.059967041015625
3973,4,11.784822463989258
3974,0,12.535776138305664
3974,1,13.101567268371582
3974,2,14.24877643585205
3974,3,12.533371925354004
3974,4,12.946052551269531
3975,0,14.127036094665527
3975,1,14.725052833557129
3975,2,13.120071411132812
3975,3,14.369658470153809
3975,4,13.841761589050293
3976,0,8.06380558013916
3976,1,9.190115928649902
3976,2,9.078094482421875
3976,3,7.653431415557861
3976,4,8.440715789794922
3977,0,10.12692642211914
3977,1,8.898815155029297
3977,2,9.128060340881348
3977,3,10.09379768371582
3977,4,9.411383628845215
3978,0,10.70956802368164
3978,1,13.269667625427246
3978,2,12.041675567626953
3978,3,10.890759468078613
3978,4,11.33069133758545
3979,0,8.039649963378906
3979,1,10.228440284729004
3979,2,9.622801780700684
3979,3,8.637109756469727
3979,4,8.680670738220215
3980,0,14.569693565368652
3980,1,13.87585163116455
3980,2,15.133247375488281
3980,3,14.214139938354492
3980,4,14.898771286010742
3981,0,11.54335880279541
3981,1,11.653952598571777
3981,2,11.541918754577637
3981,3,10.579484939575195
3981,4,12.373800277709961
3982,0,8.448108673095703
3982,1,8.897571563720703
3982,2,8.741435050964355
3982,3,9.068818092346191
3982,4,8.447269439697266
3983,0,9.979547500610352
3983,1,10.650622367858887
3983,2,10.309741973876953
3983,3,10.71389389038086
3983,4,9.991395950317383
3984,0,9.698874473571777
3984,1,15.058817863464355
3984,2,15.208897590637207
3984,3,10.891369819641113
3984,4,10.449878692626953
3985,0,9.426594734191895
3985,1,10.847038269042969
3985,2,11.179092407226562
3985,3,8.473395347595215
3985,4,9.984504699707031
3986,0,11.764193534851074
3986,1,12.619929313659668
3986,2,10.04659652709961
3986,3,12.816045761108398
3986,4,11.568618774414062
3987,0,11.684460639953613
3987,1,14.165566444396973
3987,2,14.597819328308105
3987,3,11.500972747802734
3987,4,12.589774131774902
3988,0,8.821824073791504
3988,1,8.192656517028809
3988,2,8.56301498413086
3988,3,9.667275428771973
3988,4,8.829337120056152
3989,0,11.651351928710938
3989,1,9.705477714538574
3989,2,11.149686813354492
3989,3,11.17572021484375
3989,4,11.719213485717773
3990,0,7.024527549743652
3990,1,7.951411247253418
3990,2,7.497869968414307
3990,3,6.0170769691467285
3990,4,2.93302845954895
3991,0,10.93470573425293
3991,1,10.466057777404785
3991,2,10.949639320373535
3991,3,10.751470565795898
3991,4,10.610880851745605
3992,0,9.07414722442627
3992,1,9.796880722045898
3992,2,9.93055534362793
3992,3,7.322647571563721
3992,4,8.65524959564209
3993,0,11.731255531311035
3993,1,12.123736381530762
3993,2,12.4918851852417
3993,3,10.948687553405762
3993,4,11.794178009033203
3994,0,7.144060134887695
3994,1,7.471601486206055
3994,2,6.974886417388916
3994,3,8.213155746459961
3994,4,6.087540626525879
3995,0,13.308109283447266
3995,1,13.830585479736328
3995,2,13.290507316589355
3995,3,13.485115051269531
3995,4,14.083342552185059
3996,0,9.962048530578613
3996,1,9.526923179626465
3996,2,9.721263885498047
3996,3,8.422154426574707
3996,4,9.206027030944824
3997,0,8.700615882873535
3997,1,8.85136890411377
3997,2,8.937409400939941
3997,3,8.578195571899414
3997,4,8.417247772216797
3998,0,2.338467836380005
3998,1,9.072431564331055
3998,2,10.047277450561523
3998,3,2.9752118587493896
3998,4,2.3095180988311768
3999,0,12.557499885559082
3999,1,12.724407196044922
3999,2,13.446744918823242
3999,3,11.69729995727539
3999,4,11.289124488830566
4000,0,15.61754322052002
4000,1,16.0032958984375
4000,2,15.745892524719238
4000,3,15.400211334228516
4000,4,15.786453247070312
4001,0,11.228196144104004
4001,1,9.696686744689941
4001,2,11.230137825012207
4001,3,8.466343879699707
4001,4,10.844599723815918
4002,0,8.82766342163086
4002,1,12.09552001953125
4002,2,12.35755729675293
4002,3,9.977643966674805
4002,4,9.88584041595459
4003,0,8.176575660705566
4003,1,10.105286598205566
4003,2,9.792439460754395
4003,3,8.282621383666992
4003,4,8.307173728942871
4004,0,10.699776649475098
4004,1,12.344802856445312
4004,2,12.201761245727539
4004,3,11.191351890563965
4004,4,11.437402725219727
4005,0,14.344674110412598
4005,1,15.077765464782715
4005,2,14.860939979553223
4005,3,14.786554336547852
4005,4,14.892321586608887
4006,0,11.513721466064453
4006,1,11.672417640686035
4006,2,12.537179946899414
4006,3,10.742752075195312
4006,4,9.539504051208496
4007,0,15.148750305175781
4007,1,14.124523162841797
4007,2,16.03683090209961
4007,3,12.361933708190918
4007,4,14.343137741088867
4008,0,12.295089721679688
4008,1,13.332069396972656
4008,2,13.303059577941895
4008,3,12.662922859191895
4008,4,12.162651062011719
4009,0,11.433457374572754
4009,1,11.35240650177002
4009,2,11.267518043518066
4009,3,12.064777374267578
4009,4,11.207662582397461
4010,0,7.826919078826904
4010,1,8.633284568786621
4010,2,8.122173309326172
4010,3,7.993776321411133
4010,4,7.567010879516602
4011,0,10.987935066223145
4011,1,9.554214477539062
4011,2,9.458534240722656
4011,3,10.440621376037598
4011,4,10.586677551269531
4012,0,13.818352699279785
4012,1,14.130376815795898
4012,2,14.737161636352539
4012,3,14.722407341003418
4012,4,14.43430233001709
4013,0,10.088998794555664
4013,1,11.042213439941406
4013,2,11.774030685424805
4013,3,10.651028633117676
4013,4,10.6130952835083
4014,0,10.275981903076172
4014,1,10.095537185668945
4014,2,9.719071388244629
4014,3,11.46239185333252
4014,4,10.714994430541992
4015,0,13.716523170471191
4015,1,14.62268352508545
4015,2,13.855198860168457
4015,3,13.856307983398438
4015,4,14.420114517211914
4016,0,13.726688385009766
4016,1,12.664996147155762
4016,2,11.672606468200684
4016,3,13.091279029846191
4016,4,13.491214752197266
4017,0,10.7818021774292
4017,1,10.82081127166748
4017,2,10.507855415344238
4017,3,9.748595237731934
4017,4,10.676070213317871
4018,0,11.578906059265137
4018,1,11.059111595153809
4018,2,10.846037864685059
4018,3,10.718841552734375
4018,4,11.706957817077637
4019,0,10.415431022644043
4019,1,10.085350036621094
4019,2,10.076154708862305
4019,3,9.940367698669434
4019,4,10.302135467529297
4020,0,11.483986854553223
4020,1,10.787226676940918
4020,2,11.7800931930542
4020,3,11.478060722351074
4020,4,10.861788749694824
4021,0,10.56957721710205
4021,1,11.694225311279297
4021,2,12.011387825012207
4021,3,12.83377742767334
4021,4,12.115842819213867
4022,0,10.340351104736328
4022,1,9.94140625
4022,2,11.109968185424805
4022,3,9.911269187927246
4022,4,10.557538032531738
4023,0,8.647850036621094
4023,1,8.827458381652832
4023,2,8.594589233398438
4023,3,8.40182113647461
4023,4,9.388050079345703
4024,0,13.891669273376465
4024,1,13.02603530883789
4024,2,13.552127838134766
4024,3,13.070459365844727
4024,4,13.454187393188477
4025,0,12.470784187316895
4025,1,14.63984203338623
4025,2,13.15931510925293
4025,3,13.475395202636719
4025,4,13.31844425201416
4026,0,12.081486701965332
4026,1,11.653858184814453
4026,2,13.575752258300781
4026,3,12.858129501342773
4026,4,12.739094734191895
4027,0,6.183777332305908
4027,1,9.158706665039062
4027,2,7.325002670288086
4027,3,8.00705337524414
4027,4,6.809478759765625
4028,0,6.252705097198486
4028,1,7.046250820159912
4028,2,7.288751602172852
4028,3,6.29254674911499
4028,4,6.753134727478027
4029,0,8.905792236328125
4029,1,7.9944963455200195
4029,2,8.53547191619873
4029,3,8.845930099487305
4029,4,8.618817329406738
4030,0,11.801143646240234
4030,1,12.729889869689941
4030,2,13.316032409667969
4030,3,11.738442420959473
4030,4,12.020292282104492
4031,0,5.8942484855651855
4031,1,6.468227386474609
4031,2,7.549197196960449
4031,3,4.809178829193115
4031,4,7.371948719024658
4032,0,8.141281127929688
4032,1,8.600651741027832
4032,2,7.953686237335205
4032,3,8.219025611877441
4032,4,8.246720314025879
4033,0,6.167899131774902
4033,1,10.431351661682129
4033,2,10.451696395874023
4033,3,7.758009910583496
4033,4,8.129380226135254
4034,0,12.513876914978027
4034,1,13.250213623046875
4034,2,12.600430488586426
4034,3,12.565142631530762
4034,4,12.72299575805664
4035,0,14.420087814331055
4035,1,15.144585609436035
4035,2,14.95630168914795
4035,3,13.87647819519043
4035,4,14.26572036743164
4036,0,13.647119522094727
4036,1,12.588388442993164
4036,2,13.453635215759277
4036,3,13.07964038848877
4036,4,13.966002464294434
4037,0,9.654163360595703
4037,1,10.609289169311523
4037,2,10.897656440734863
4037,3,9.918770790100098
4037,4,11.0693998336792
4038,0,10.424332618713379
4038,1,11.549513816833496
4038,2,11.534537315368652
4038,3,12.844765663146973
4038,4,10.378215789794922
4039,0,12.299333572387695
4039,1,11.906901359558105
4039,2,12.404886245727539
4039,3,11.871164321899414
4039,4,11.029844284057617
4040,0,11.170188903808594
4040,1,15.327672958374023
4040,2,15.467145919799805
4040,3,10.53249740600586
4040,4,11.865354537963867
4041,0,11.099411010742188
4041,1,11.50279426574707
4041,2,12.801115989685059
4041,3,11.939001083374023
4041,4,11.038785934448242
4042,0,11.234695434570312
4042,1,13.0412015914917
4042,2,13.349039077758789
4042,3,11.366291046142578
4042,4,11.974156379699707
4043,0,6.734044551849365
4043,1,9.70821762084961
4043,2,8.838484764099121
4043,3,6.2696332931518555
4043,4,8.149720191955566
4044,0,8.744584083557129
4044,1,8.79509162902832
4044,2,8.51500415802002
4044,3,8.640222549438477
4044,4,8.422250747680664
4045,0,8.359888076782227
4045,1,8.641352653503418
4045,2,9.419039726257324
4045,3,8.153836250305176
4045,4,8.528154373168945
4046,0,10.305505752563477
4046,1,9.570347785949707
4046,2,9.707097053527832
4046,3,8.852394104003906
4046,4,8.74463939666748
4047,0,12.94005012512207
4047,1,15.609392166137695
4047,2,14.789591789245605
4047,3,11.589893341064453
4047,4,13.812328338623047
4048,0,12.748119354248047
4048,1,13.212762832641602
4048,2,13.712223052978516
4048,3,12.64023494720459
4048,4,12.575812339782715
4049,0,10.032297134399414
4049,1,10.983115196228027
4049,2,10.798809051513672
4049,3,11.148505210876465
4049,4,9.076297760009766
4050,0,5.771677017211914
4050,1,13.819472312927246
4050,2,13.5758695602417
4050,3,11.681499481201172
4050,4,7.417907238006592
4051,0,9.748620986938477
4051,1,11.682384490966797
4051,2,12.114439010620117
4051,3,10.686063766479492
4051,4,9.514665603637695
4052,0,11.90190601348877
4052,1,10.668516159057617
4052,2,10.963147163391113
4052,3,12.045658111572266
4052,4,11.109853744506836
4053,0,2.549110174179077
4053,1,6.458041667938232
4053,2,8.849892616271973
4053,3,3.009546995162964
4053,4,4.780165195465088
4054,0,11.006081581115723
4054,1,12.428276062011719
4054,2,12.246847152709961
4054,3,9.631278991699219
4054,4,11.620285987854004
4055,0,10.016463279724121
4055,1,10.843695640563965
4055,2,11.476656913757324
4055,3,11.343006134033203
4055,4,10.154379844665527
4056,0,9.86591911315918
4056,1,11.479007720947266
4056,2,11.804152488708496
4056,3,11.054367065429688
4056,4,12.635510444641113
4057,0,12.4929780960083
4057,1,11.91214656829834
4057,2,10.675602912902832
4057,3,12.453187942504883
4057,4,11.310589790344238
4058,0,7.294858932495117
4058,1,7.445279121398926
4058,2,12.878483772277832
4058,3,9.370591163635254
4058,4,8.17831802368164
4059,0,10.933497428894043
4059,1,10.140568733215332
4059,2,9.104818344116211
4059,3,9.662813186645508
4059,4,10.440142631530762
4060,0,7.40074348449707
4060,1,6.557123184204102
4060,2,6.264632225036621
4060,3,6.651693820953369
4060,4,7.18818998336792
4061,0,8.806106567382812
4061,1,11.207045555114746
4061,2,11.696948051452637
4061,3,9.04030990600586
4061,4,8.718324661254883
4062,0,9.245687484741211
4062,1,9.761083602905273
4062,2,11.4674072265625
4062,3,9.16466999053955
4062,4,8.535396575927734
4063,0,11.8607816696167
4063,1,11.877826690673828
4063,2,11.234281539916992
4063,3,12.80825138092041
4063,4,11.648305892944336
4064,0,8.405043601989746
4064,1,9.01595687866211
4064,2,7.010542869567871
4064,3,8.156312942504883
4064,4,7.915401458740234
4065,0,8.185751914978027
4065,1,7.209957599639893
4065,2,8.774828910827637
4065,3,7.194299221038818
4065,4,8.857672691345215
4066,0,6.084168434143066
4066,1,11.25355052947998
4066,2,10.951441764831543
4066,3,7.064663887023926
4066,4,6.08857536315918
4067,0,5.567370414733887
4067,1,6.200423717498779
4067,2,5.149177551269531
4067,3,3.9760799407958984
4067,4,0.5317394137382507
4068,0,14.674580574035645
4068,1,13.94600772857666
4068,2,15.093597412109375
4068,3,13.638991355895996
4068,4,14.782909393310547
4069,0,13.810315132141113
4069,1,12.7516450881958
4069,2,12.578478813171387
4069,3,13.367198944091797
4069,4,13.886980056762695
4070,0,13.227983474731445
4070,1,12.04904556274414
4070,2,11.959175109863281
4070,3,13.869294166564941
4070,4,13.620210647583008
4071,0,10.410433769226074
4071,1,10.735965728759766
4071,2,9.992685317993164
4071,3,7.353422164916992
4071,4,14.193964958190918
4072,0,10.726837158203125
4072,1,10.288435935974121
4072,2,11.274027824401855
4072,3,9.450104713439941
4072,4,10.31266975402832
4073,0,13.015786170959473
4073,1,14.516894340515137
4073,2,13.953832626342773
4073,3,15.481583595275879
4073,4,12.766133308410645
4074,0,11.443926811218262
4074,1,10.02852725982666
4074,2,10.905653953552246
4074,3,8.988658905029297
4074,4,10.757705688476562
4075,0,5.624241828918457
4075,1,8.698369026184082
4075,2,9.969539642333984
4075,3,5.917842388153076
4075,4,2.823056697845459
4076,0,8.208832740783691
4076,1,9.793027877807617
4076,2,10.18686580657959
4076,3,7.910182952880859
4076,4,7.735795497894287
4077,0,7.196909427642822
4077,1,8.272311210632324
4077,2,9.159815788269043
4077,3,7.380551815032959
4077,4,7.36734676361084
4078,0,9.872944831848145
4078,1,9.04848861694336
4078,2,7.348455905914307
4078,3,9.610307693481445
4078,4,9.987525939941406
4079,0,11.221429824829102
4079,1,9.685978889465332
4079,2,10.798521995544434
4079,3,10.396154403686523
4079,4,12.002877235412598
4080,0,7.966304779052734
4080,1,7.8236846923828125
4080,2,10.671785354614258
4080,3,7.1400556564331055
4080,4,8.948099136352539
4081,0,12.115440368652344
4081,1,10.347049713134766
4081,2,10.693136215209961
4081,3,10.873453140258789
4081,4,11.90162181854248
4082,0,13.951719284057617
4082,1,12.77455997467041
4082,2,14.075289726257324
4082,3,14.233187675476074
4082,4,13.645793914794922
4083,0,12.824703216552734
4083,1,13.052440643310547
4083,2,12.540297508239746
4083,3,11.810640335083008
4083,4,12.956453323364258
4084,0,8.321480751037598
4084,1,10.98255443572998
4084,2,11.126352310180664
4084,3,8.721488952636719
4084,4,9.642084121704102
4085,0,10.084078788757324
4085,1,9.96476936340332
4085,2,10.298785209655762
4085,3,9.755122184753418
4085,4,9.630228042602539
4086,0,13.032869338989258
4086,1,12.117990493774414
4086,2,13.895819664001465
4086,3,14.326735496520996
4086,4,12.154743194580078
4087,0,12.288732528686523
4087,1,13.552469253540039
4087,2,12.817045211791992
4087,3,12.160086631774902
4087,4,11.665121078491211
4088,0,10.985069274902344
4088,1,13.3622407913208
4088,2,13.371786117553711
4088,3,11.571856498718262
4088,4,12.14626407623291
4089,0,10.556079864501953
4089,1,10.162975311279297
4089,2,9.035318374633789
4089,3,10.781736373901367
4089,4,10.748970985412598
4090,0,13.603226661682129
4090,1,12.03711986541748
4090,2,12.02761459350586
4090,3,13.887009620666504
4090,4,13.2163667678833
4091,0,12.36580753326416
4091,1,12.473287582397461
4091,2,13.188020706176758
4091,3,12.569109916687012
4091,4,11.91877555847168
4092,0,10.89051628112793
4092,1,11.686094284057617
4092,2,11.295491218566895
4092,3,11.372931480407715
4092,4,11.284256935119629
4093,0,14.249734878540039
4093,1,13.940908432006836
4093,2,14.278406143188477
4093,3,12.516905784606934
4093,4,14.73492431640625
4094,0,9.58531379699707
4094,1,10.203484535217285
4094,2,9.955779075622559
4094,3,10.08834457397461
4094,4,9.843875885009766
4095,0,10.232826232910156
4095,1,10.693748474121094
4095,2,7.7630696296691895
4095,3,10.647561073303223
4095,4,8.419445991516113
4096,0,7.805632591247559
4096,1,8.885334014892578
4096,2,9.142662048339844
4096,3,8.494558334350586
4096,4,8.765539169311523
4097,0,14.511507987976074
4097,1,14.431119918823242
4097,2,14.39940071105957
4097,3,13.717772483825684
4097,4,13.84490966796875
4098,0,6.58823299407959
4098,1,6.2411789894104
4098,2,6.328693866729736
4098,3,5.699511528015137
4098,4,6.5435471534729
4099,0,9.982718467712402
4099,1,9.03394603729248
4099,2,9.515944480895996
4099,3,10.925017356872559
4099,4,10.32493782043457
4100,0,6.653691291809082
4100,1,6.833263874053955
4100,2,7.755463123321533
4100,3,8.244662284851074
4100,4,6.4672627449035645
4101,0,10.108094215393066
4101,1,8.560157775878906
4101,2,8.945146560668945
4101,3,9.405838012695312
4101,4,9.830389022827148
4102,0,12.211925506591797
4102,1,12.43517780303955
4102,2,11.77613353729248
4102,3,11.319798469543457
4102,4,12.511977195739746
4103,0,11.907076835632324
4103,1,10.55956745147705
4103,2,9.50326156616211
4103,3,12.372390747070312
4103,4,12.34837818145752
4104,0,12.035481452941895
4104,1,12.41466236114502
4104,2,11.533815383911133
4104,3,10.858832359313965
4104,4,11.95128345489502
4105,0,10.55511474609375
4105,1,11.626928329467773
4105,2,11.946946144104004
4105,3,10.00020694732666
4105,4,11.198748588562012
4106,0,10.430275917053223
4106,1,10.840611457824707
4106,2,12.593937873840332
4106,3,10.52717399597168
4106,4,10.663450241088867
4107,0,13.13058090209961
4107,1,12.00328540802002
4107,2,11.275187492370605
4107,3,11.70527172088623
4107,4,11.32569694519043
4108,0,10.643908500671387
4108,1,11.57129955291748
4108,2,10.796298027038574
4108,3,8.511125564575195
4108,4,10.786242485046387
4109,0,14.032047271728516
4109,1,13.03121566772461
4109,2,13.004599571228027
4109,3,13.448640823364258
4109,4,13.831015586853027
4110,0,8.769243240356445
4110,1,10.220817565917969
4110,2,11.657654762268066
4110,3,9.117644309997559
4110,4,9.773982048034668
4111,0,13.02744197845459
4111,1,13.003461837768555
4111,2,12.689138412475586
4111,3,13.560969352722168
4111,4,13.432573318481445
4112,0,0.7588239312171936
4112,1,1.1914526224136353
4112,2,4.730971813201904
4112,3,0.8676838874816895
4112,4,-0.14814649522304535
4113,0,13.687605857849121
4113,1,13.769240379333496
4113,2,14.08032512664795
4113,3,13.673884391784668
4113,4,14.005409240722656
4114,0,12.177498817443848
4114,1,13.712178230285645
4114,2,13.683462142944336
4114,3,12.49289608001709
4114,4,12.491743087768555
4115,0,10.899429321289062
4115,1,13.170267105102539
4115,2,13.243361473083496
4115,3,11.38605785369873
4115,4,11.163739204406738
4116,0,13.216475486755371
4116,1,13.615755081176758
4116,2,12.975801467895508
4116,3,12.24072265625
4116,4,13.616609573364258
4117,0,14.673643112182617
4117,1,13.116010665893555
4117,2,11.263946533203125
4117,3,13.776966094970703
4117,4,15.144352912902832
4118,0,7.565449237823486
4118,1,8.066001892089844
4118,2,6.372867584228516
4118,3,8.494244575500488
4118,4,7.463997840881348
4119,0,11.267173767089844
4119,1,13.239336013793945
4119,2,12.186925888061523
4119,3,11.090913772583008
4119,4,10.567360877990723
4120,0,6.180298805236816
4120,1,5.573480129241943
4120,2,6.359037399291992
4120,3,5.453181743621826
4120,4,5.205084800720215
4121,0,5.941527843475342
4121,1,4.427696228027344
4121,2,5.953725337982178
4121,3,6.1359944343566895
4121,4,6.303285598754883
4122,0,15.542198181152344
4122,1,15.726316452026367
4122,2,15.862391471862793
4122,3,15.429584503173828
4122,4,15.688436508178711
4123,0,12.567580223083496
4123,1,11.42884635925293
4123,2,11.002018928527832
4123,3,12.160268783569336
4123,4,12.102620124816895
4124,0,8.064525604248047
4124,1,8.631477355957031
4124,2,8.309880256652832
4124,3,8.004294395446777
4124,4,8.381114959716797
4125,0,10.549267768859863
4125,1,9.900668144226074
4125,2,10.361949920654297
4125,3,10.75255298614502
4125,4,10.518935203552246
4126,0,12.13106918334961
4126,1,11.71699333190918
4126,2,11.543063163757324
4126,3,9.294246673583984
4126,4,12.554186820983887
4127,0,12.198166847229004
4127,1,10.38868236541748
4127,2,12.058979988098145
4127,3,11.983034133911133
4127,4,11.942795753479004
4128,0,-0.6486480236053467
4128,1,3.437431812286377
4128,2,5.678399085998535
4128,3,-1.8924635648727417
4128,4,-1.1138570308685303
4129,0,10.800187110900879
4129,1,11.563393592834473
4129,2,12.626663208007812
4129,3,10.090795516967773
4129,4,10.755799293518066
4130,0,9.776719093322754
4130,1,11.448026657104492
4130,2,11.835589408874512
4130,3,10.013680458068848
4130,4,9.562789916992188
4131,0,14.999988555908203
4131,1,9.141576766967773
4131,2,9.393933296203613
4131,3,14.669102668762207
4131,4,14.170778274536133
4132,0,14.58462142944336
4132,1,15.531822204589844
4132,2,14.97717571258545
4132,3,14.252406120300293
4132,4,14.625428199768066
4133,0,12.299431800842285
4133,1,13.378362655639648
4133,2,13.737098693847656
4133,3,10.431199073791504
4133,4,12.393688201904297
4134,0,7.593544960021973
4134,1,8.944877624511719
4134,2,9.495763778686523
4134,3,8.490885734558105
4134,4,8.552729606628418
4135,0,13.690752983093262
4135,1,14.889724731445312
4135,2,13.79258918762207
4135,3,13.710800170898438
4135,4,14.25942611694336
4136,0,12.700337409973145
4136,1,12.788902282714844
4136,2,13.01290225982666
4136,3,12.179996490478516
4136,4,12.587217330932617
4137,0,13.406709671020508
4137,1,13.617459297180176
4137,2,14.175030708312988
4137,3,13.089795112609863
4137,4,13.654324531555176
4138,0,7.682192802429199
4138,1,12.301068305969238
4138,2,13.005023956298828
4138,3,8.595121383666992
4138,4,8.755916595458984
4139,0,13.302282333374023
4139,1,13.620762825012207
4139,2,13.671093940734863
4139,3,11.511553764343262
4139,4,13.739649772644043
4140,0,13.50937271118164
4140,1,13.698185920715332
4140,2,13.890619277954102
4140,3,13.846610069274902
4140,4,13.187838554382324
4141,0,14.232525825500488
4141,1,14.865784645080566
4141,2,14.242629051208496
4141,3,12.807079315185547
4141,4,14.000149726867676
4142,0,8.25046157836914
4142,1,8.92785930633545
4142,2,9.328567504882812
4142,3,8.185541152954102
4142,4,8.62388801574707
4143,0,14.53006649017334
4143,1,14.40518856048584
4143,2,15.818928718566895
4143,3,15.049363136291504
4143,4,13.558876037597656
4144,0,15.251144409179688
4144,1,13.732672691345215
4144,2,15.00587272644043
4144,3,14.758692741394043
4144,4,15.067078590393066
4145,0,11.342900276184082
4145,1,13.914162635803223
4145,2,13.886153221130371
4145,3,10.349678039550781
4145,4,11.593526840209961
4146,0,12.201050758361816
4146,1,12.536273956298828
4146,2,13.107973098754883
4146,3,12.61032485961914
4146,4,12.494534492492676
4147,0,9.809627532958984
4147,1,8.840585708618164
4147,2,7.588629722595215
4147,3,9.111104965209961
4147,4,8.854063034057617
4148,0,12.311904907226562
4148,1,12.232450485229492
4148,2,12.327788352966309
4148,3,11.918598175048828
4148,4,12.911888122558594
4149,0,14.513487815856934
4149,1,10.444479942321777
4149,2,12.310269355773926
4149,3,16.0303955078125
4149,4,15.190946578979492
4150,0,8.835013389587402
4150,1,10.723803520202637
4150,2,10.010449409484863
4150,3,8.81224250793457
4150,4,8.608819007873535
4151,0,7.171254634857178
4151,1,8.101166725158691
4151,2,7.7039594650268555
4151,3,6.418052673339844
4151,4,6.925045013427734
4152,0,11.89538288116455
4152,1,11.481600761413574
4152,2,12.88437271118164
4152,3,13.282903671264648
4152,4,12.593957901000977
4153,0,11.070280075073242
4153,1,11.12399959564209
4153,2,11.05695915222168
4153,3,10.862837791442871
4153,4,10.754483222961426
4154,0,12.1098051071167
4154,1,12.126832008361816
4154,2,12.133934020996094
4154,3,11.518048286437988
4154,4,12.299118995666504
4155,0,10.947036743164062
4155,1,10.62376880645752
4155,2,10.262470245361328
4155,3,10.128525733947754
4155,4,11.199044227600098
4156,0,10.808494567871094
4156,1,9.550240516662598
4156,2,9.97290325164795
4156,3,8.067360877990723
4156,4,11.197383880615234
4157,0,15.586466789245605
4157,1,14.15880012512207
4157,2,13.056251525878906
4157,3,15.662101745605469
4157,4,15.438114166259766
4158,0,5.963729381561279
4158,1,6.004700660705566
4158,2,6.128269672393799
4158,3,2.1047286987304688
4158,4,0.27254217863082886
4159,0,10.589306831359863
4159,1,12.638530731201172
4159,2,13.081236839294434
4159,3,10.706528663635254
4159,4,10.03240966796875
4160,0,10.254613876342773
4160,1,13.628432273864746
4160,2,12.678838729858398
4160,3,10.51102066040039
4160,4,10.63447380065918
4161,0,13.097114562988281
4161,1,12.962503433227539
4161,2,13.189492225646973
4161,3,14.398045539855957
4161,4,11.902910232543945
4162,0,10.731912612915039
4162,1,12.429940223693848
4162,2,12.109169960021973
4162,3,11.437762260437012
4162,4,10.9182710647583
4163,0,10.899588584899902
4163,1,12.7794771194458
4163,2,13.985133171081543
4163,3,9.424577713012695
4163,4,11.3145112991333
4164,0,8.645020484924316
4164,1,8.267251014709473
4164,2,10.013004302978516
4164,3,8.38557243347168
4164,4,8.557633399963379
4165,0,9.279634475708008
4165,1,10.835013389587402
4165,2,11.163968086242676
4165,3,8.923563957214355
4165,4,9.99036693572998
4166,0,11.776392936706543
4166,1,11.689680099487305
4166,2,11.736608505249023
4166,3,11.343218803405762
4166,4,12.560029029846191
4167,0,12.924467086791992
4167,1,11.476388931274414
4167,2,11.75859546661377
4167,3,12.431180000305176
4167,4,13.4945650100708
4168,0,12.015460968017578
4168,1,13.514754295349121
4168,2,13.298115730285645
4168,3,11.572406768798828
4168,4,12.725973129272461
4169,0,7.360071182250977
4169,1,9.697864532470703
4169,2,9.997940063476562
4169,3,6.989871501922607
4169,4,7.45304012298584
4170,0,3.785261631011963
4170,1,10.923194885253906
4170,2,10.985671997070312
4170,3,6.513964653015137
4170,4,6.256486892700195
4171,0,9.113543510437012
4171,1,10.038206100463867
4171,2,8.652809143066406
4171,3,10.056058883666992
4171,4,8.527556419372559
4172,0,7.107887268066406
4172,1,8.346522331237793
4172,2,8.351638793945312
4172,3,7.393115520477295
4172,4,7.727978706359863
4173,0,13.230917930603027
4173,1,15.263603210449219
4173,2,11.075364112854004
4173,3,13.619599342346191
4173,4,11.629380226135254
4174,0,12.72128963470459
4174,1,14.237563133239746
4174,2,13.947667121887207
4174,3,12.57271671295166
4174,4,13.041280746459961
4175,0,7.9320173263549805
4175,1,11.704833984375
4175,2,12.075482368469238
4175,3,8.738116264343262
4175,4,9.404989242553711
4176,0,7.641699314117432
4176,1,9.480134963989258
4176,2,8.828849792480469
4176,3,7.847378730773926
4176,4,7.253535747528076
4177,0,7.690040111541748
4177,1,9.205078125
4177,2,9.114301681518555
4177,3,8.79501724243164
4177,4,8.69765853881836
4178,0,11.318655014038086
4178,1,12.768424987792969
4178,2,12.913848876953125
4178,3,10.137845039367676
4178,4,11.500686645507812
4179,0,13.64332389831543
4179,1,13.447021484375
4179,2,13.824710845947266
4179,3,13.08321762084961
4179,4,14.32663631439209
4180,0,9.920839309692383
4180,1,10.736571311950684
4180,2,9.787059783935547
4180,3,10.187602043151855
4180,4,10.080982208251953
4181,0,12.666425704956055
4181,1,13.3955659866333
4181,2,13.438088417053223
4181,3,12.764604568481445
4181,4,12.616701126098633
4182,0,6.108864784240723
4182,1,10.117378234863281
4182,2,6.564926624298096
4182,3,5.478008270263672
4182,4,6.78139591217041
4183,0,15.915143966674805
4183,1,15.92388916015625
4183,2,15.8710355758667
4183,3,15.82971477508545
4183,4,15.949429512023926
4184,0,10.399628639221191
4184,1,11.64573860168457
4184,2,10.560192108154297
4184,3,10.126961708068848
4184,4,11.201719284057617
4185,0,11.898082733154297
4185,1,10.468133926391602
4185,2,9.406784057617188
4185,3,9.85869026184082
4185,4,10.442642211914062
4186,0,13.690189361572266
4186,1,13.07997989654541
4186,2,10.841242790222168
4186,3,12.440448760986328
4186,4,13.437983512878418
4187,0,8.811111450195312
4187,1,11.953834533691406
4187,2,11.737662315368652
4187,3,9.662165641784668
4187,4,8.870128631591797
4188,0,3.498405933380127
4188,1,6.687884330749512
4188,2,5.79401159286499
4188,3,4.060993194580078
4188,4,3.3321340084075928
4189,0,9.475257873535156
4189,1,8.973702430725098
4189,2,9.584070205688477
4189,3,10.6215238571167
4189,4,9.062674522399902
4190,0,11.467920303344727
4190,1,11.750666618347168
4190,2,10.878198623657227
4190,3,11.331759452819824
4190,4,11.95717716217041
4191,0,15.213150978088379
4191,1,15.417302131652832
4191,2,14.958338737487793
4191,3,14.949810028076172
4191,4,15.433743476867676
4192,0,9.32596206665039
4192,1,11.146528244018555
4192,2,8.918703079223633
4192,3,10.613760948181152
4192,4,10.062028884887695
4193,0,9.289856910705566
4193,1,10.94593334197998
4193,2,12.234827995300293
4193,3,9.423409461975098
4193,4,8.801713943481445
4194,0,7.954677581787109
4194,1,9.713168144226074
4194,2,9.678633689880371
4194,3,8.248906135559082
4194,4,8.07759952545166
4195,0,10.365693092346191
4195,1,11.745121002197266
4195,2,10.896900177001953
4195,3,10.071227073669434
4195,4,10.748788833618164
4196,0,8.592649459838867
4196,1,10.4194974899292
4196,2,11.333576202392578
4196,3,7.795613765716553
4196,4,8.437524795532227
4197,0,9.124469757080078
4197,1,8.87058162689209
4197,2,8.768933296203613
4197,3,8.031359672546387
4197,4,9.256540298461914
4198,0,8.36829662322998
4198,1,11.10437297821045
4198,2,11.934999465942383
4198,3,7.080824375152588
4198,4,8.196694374084473
4199,0,8.270344734191895
4199,1,7.836592674255371
4199,2,8.535638809204102
4199,3,8.291391372680664
4199,4,8.449334144592285
4200,0,12.086222648620605
4200,1,11.793429374694824
4200,2,12.541666984558105
4200,3,12.297968864440918
4200,4,11.480108261108398
4201,0,12.236494064331055
4201,1,11.11627197265625
4201,2,11.999957084655762
4201,3,9.696027755737305
4201,4,11.758545875549316
4202,0,11.286998748779297
4202,1,12.122353553771973
4202,2,12.369159698486328
4202,3,11.04764175415039
4202,4,12.246617317199707
4203,0,6.799932479858398
4203,1,7.201464653015137
4203,2,7.464398384094238
4203,3,5.866702556610107
4203,4,6.431562900543213
4204,0,10.194926261901855
4204,1,11.01824951171875
4204,2,12.447346687316895
4204,3,9.772871017456055
4204,4,10.98757553100586
4205,0,13.08134937286377
4205,1,12.050344467163086
4205,2,13.150100708007812
4205,3,12.67271900177002
4205,4,12.833395957946777
4206,0,13.340574264526367
4206,1,13.277533531188965
4206,2,14.436444282531738
4206,3,12.89295768737793
4206,4,12.956317901611328
4207,0,14.008896827697754
4207,1,13.622953414916992
4207,2,15.275583267211914
4207,3,13.687479972839355
4207,4,13.866327285766602
4208,0,14.2179594039917
4208,1,14.350796699523926
4208,2,14.763453483581543
4208,3,12.986163139343262
4208,4,14.695097923278809
4209,0,14.335402488708496
4209,1,14.882054328918457
4209,2,13.873730659484863
4209,3,12.663345336914062
4209,4,13.481391906738281
4210,0,3.445037841796875
4210,1,10.00636100769043
4210,2,10.118000030517578
4210,3,7.751560688018799
4210,4,1.7976226806640625
4211,0,7.227263450622559
4211,1,8.26165771484375
4211,2,6.6941447257995605
4211,3,6.178854942321777
4211,4,5.645890712738037
4212,0,5.8903303146362305
4212,1,14.161680221557617
4212,2,15.327086448669434
4212,3,5.213587760925293
4212,4,7.79925012588501
4213,0,10.640750885009766
4213,1,11.807125091552734
4213,2,12.04149055480957
4213,3,10.547396659851074
4213,4,9.99294662475586
4214,0,10.481071472167969
4214,1,12.623104095458984
4214,2,12.19759750366211
4214,3,10.751614570617676
4214,4,10.188943862915039
4215,0,14.215081214904785
4215,1,14.912680625915527
4215,2,14.91203498840332
4215,3,13.48360824584961
4215,4,14.220335006713867
4216,0,12.859051704406738
4216,1,14.663895606994629
4216,2,15.660691261291504
4216,3,12.423404693603516
4216,4,13.31523323059082
4217,0,11.130467414855957
4217,1,12.9637451171875
4217,2,13.042231559753418
4217,3,10.979103088378906
4217,4,10.335907936096191
4218,0,10.01757526397705
4218,1,13.070589065551758
4218,2,12.74527645111084
4218,3,10.190866470336914
4218,4,9.923652648925781
4219,0,11.979369163513184
4219,1,12.235899925231934
4219,2,12.290876388549805
4219,3,11.174712181091309
4219,4,11.473894119262695
4220,0,5.41328239440918
4220,1,9.884114265441895
4220,2,10.72787094116211
4220,3,9.814075469970703
4220,4,6.168355464935303
4221,0,13.446338653564453
4221,1,11.848530769348145
4221,2,12.704874992370605
4221,3,12.971854209899902
4221,4,11.679387092590332
4222,0,11.359201431274414
4222,1,11.203275680541992
4222,2,12.363018035888672
4222,3,11.633885383605957
4222,4,11.710929870605469
4223,0,13.132433891296387
4223,1,12.533382415771484
4223,2,13.381060600280762
4223,3,12.483141899108887
4223,4,13.186524391174316
4224,0,10.84313678741455
4224,1,12.183340072631836
4224,2,12.415136337280273
4224,3,10.537277221679688
4224,4,10.90619945526123
4225,0,7.389134883880615
4225,1,8.056629180908203
4225,2,10.586938858032227
4225,3,8.928568840026855
4225,4,8.322651863098145
4226,0,7.35355806350708
4226,1,9.903694152832031
4226,2,9.509032249450684
4226,3,7.540646553039551
4226,4,7.183320045471191
4227,0,11.439311981201172
4227,1,13.149296760559082
4227,2,14.197516441345215
4227,3,12.870697975158691
4227,4,10.714117050170898
4228,0,12.45396900177002
4228,1,12.788229942321777
4228,2,13.798147201538086
4228,3,13.122858047485352
4228,4,12.431382179260254
4229,0,3.210427761077881
4229,1,6.772903919219971
4229,2,5.627116680145264
4229,3,3.2732603549957275
4229,4,3.458341598510742
4230,0,11.827923774719238
4230,1,12.024613380432129
4230,2,11.102324485778809
4230,3,10.01230239868164
4230,4,11.053178787231445
4231,0,11.003107070922852
4231,1,11.089279174804688
4231,2,11.382511138916016
4231,3,9.918401718139648
4231,4,10.735130310058594
4232,0,8.006943702697754
4232,1,10.414447784423828
4232,2,11.208160400390625
4232,3,8.172845840454102
4232,4,7.971407890319824
4233,0,10.7446870803833
4233,1,10.700624465942383
4233,2,11.390100479125977
4233,3,11.021081924438477
4233,4,10.730938911437988
4234,0,10.77668571472168
4234,1,8.523335456848145
4234,2,10.278392791748047
4234,3,9.634895324707031
4234,4,11.182415962219238
4235,0,10.113578796386719
4235,1,8.856335639953613
4235,2,6.4559550285339355
4235,3,10.131710052490234
4235,4,9.38172721862793
4236,0,15.805155754089355
4236,1,15.494973182678223
4236,2,15.926355361938477
4236,3,13.149986267089844
4236,4,15.838079452514648
4237,0,14.446467399597168
4237,1,15.761923789978027
4237,2,15.906166076660156
4237,3,14.819101333618164
4237,4,13.843794822692871
4238,0,12.646770477294922
4238,1,13.530729293823242
4238,2,13.223212242126465
4238,3,12.692593574523926
4238,4,12.645190238952637
4239,0,9.683266639709473
4239,1,8.357723236083984
4239,2,10.110934257507324
4239,3,10.127389907836914
4239,4,10.731149673461914
4240,0,9.8018217086792
4240,1,10.788972854614258
4240,2,11.608536720275879
4240,3,9.504490852355957
4240,4,9.48997688293457
4241,0,10.430395126342773
4241,1,11.391241073608398
4241,2,11.661641120910645
4241,3,10.87863826751709
4241,4,11.926765441894531
4242,0,13.42813777923584
4242,1,12.634092330932617
4242,2,11.650404930114746
4242,3,11.047484397888184
4242,4,13.369050979614258
4243,0,8.438921928405762
4243,1,10.12623405456543
4243,2,9.355302810668945
4243,3,6.450135231018066
4243,4,8.681764602661133
4244,0,9.870162010192871
4244,1,10.493550300598145
4244,2,11.737260818481445
4244,3,8.069376945495605
4244,4,9.508186340332031
4245,0,12.826083183288574
4245,1,12.565805435180664
4245,2,13.048216819763184
4245,3,12.491106986999512
4245,4,12.761734008789062
4246,0,5.153723239898682
4246,1,5.442028045654297
4246,2,4.857491493225098
4246,3,4.9527177810668945
4246,4,5.739071846008301
4247,0,12.042027473449707
4247,1,11.989763259887695
4247,2,11.594637870788574
4247,3,12.15045166015625
4247,4,11.513045310974121
4248,0,9.791580200195312
4248,1,12.516722679138184
4248,2,11.384749412536621
4248,3,9.853608131408691
4248,4,10.61690616607666
4249,0,13.849769592285156
4249,1,12.904278755187988
4249,2,13.430546760559082
4249,3,13.4736967086792
4249,4,13.965275764465332
4250,0,10.72848129272461
4250,1,9.007044792175293
4250,2,10.895160675048828
4250,3,9.118287086486816
4250,4,11.968801498413086
4251,0,8.696798324584961
4251,1,8.189770698547363
4251,2,7.437567234039307
4251,3,8.576884269714355
4251,4,8.702110290527344
4252,0,7.011858940124512
4252,1,9.649141311645508
4252,2,9.662879943847656
4252,3,7.093742370605469
4252,4,7.456690788269043
4253,0,7.032779216766357
4253,1,8.12347412109375
4253,2,10.14574909210205
4253,3,7.681762218475342
4253,4,7.6380743980407715
4254,0,10.344415664672852
4254,1,11.067310333251953
4254,2,9.402467727661133
4254,3,11.841719627380371
4254,4,8.420565605163574
4255,0,9.736865043640137
4255,1,12.705185890197754
4255,2,11.962159156799316
4255,3,9.746980667114258
4255,4,9.738676071166992
4256,0,15.305503845214844
4256,1,14.95934009552002
4256,2,15.008283615112305
4256,3,14.71484088897705
4256,4,14.772478103637695
4257,0,9.400300025939941
4257,1,13.001968383789062
4257,2,13.081254959106445
4257,3,12.794806480407715
4257,4,9.397049903869629
4258,0,15.467761993408203
4258,1,13.672022819519043
4258,2,12.281956672668457
4258,3,13.470719337463379
4258,4,15.121103286743164
4259,0,6.882439613342285
4259,1,10.470648765563965
4259,2,10.614665985107422
4259,3,5.459892272949219
4259,4,6.24929141998291
4260,0,7.514459133148193
4260,1,7.026252746582031
4260,2,7.331953525543213
4260,3,7.99564266204834
4260,4,7.480534076690674
4261,0,0.6004305481910706
4261,1,6.446939945220947
4261,2,7.209688663482666
4261,3,1.2821627855300903
4261,4,5.830957889556885
4262,0,12.376604080200195
4262,1,12.462128639221191
4262,2,12.30685806274414
4262,3,12.220813751220703
4262,4,12.362841606140137
4263,0,6.0058722496032715
4263,1,7.395549774169922
4263,2,8.136392593383789
4263,3,7.667034149169922
4263,4,5.932292461395264
4264,0,12.745490074157715
4264,1,13.184041976928711
4264,2,12.949052810668945
4264,3,12.675459861755371
4264,4,12.934606552124023
4265,0,8.540201187133789
4265,1,6.806552410125732
4265,2,7.332649230957031
4265,3,6.621056079864502
4265,4,8.311308860778809
4266,0,10.781082153320312
4266,1,10.871966361999512
4266,2,11.863640785217285
4266,3,11.111495018005371
4266,4,11.216052055358887
4267,0,12.654011726379395
4267,1,13.290181159973145
4267,2,13.266860008239746
4267,3,13.231036186218262
4267,4,13.466581344604492
4268,0,8.594111442565918
4268,1,10.700593948364258
4268,2,10.83822250366211
4268,3,8.190315246582031
4268,4,8.410194396972656
4269,0,6.407265663146973
4269,1,8.292980194091797
4269,2,10.397327423095703
4269,3,5.31758451461792
4269,4,6.365560531616211
4270,0,8.572968482971191
4270,1,10.199837684631348
4270,2,10.808926582336426
4270,3,7.92785120010376
4270,4,8.61182689666748
4271,0,9.967504501342773
4271,1,11.846840858459473
4271,2,11.725014686584473
4271,3,11.89836311340332
4271,4,11.691787719726562
4272,0,13.467301368713379
4272,1,10.993782043457031
4272,2,13.269389152526855
4272,3,11.918912887573242
4272,4,13.939474105834961
4273,0,10.732338905334473
4273,1,11.460293769836426
4273,2,11.400657653808594
4273,3,10.999025344848633
4273,4,9.514225959777832
4274,0,10.061271667480469
4274,1,11.863534927368164
4274,2,11.559028625488281
4274,3,9.296568870544434
4274,4,10.188470840454102
4275,0,6.852449893951416
4275,1,9.302898406982422
4275,2,9.07260513305664
4275,3,8.940289497375488
4275,4,9.309473037719727
4276,0,15.524901390075684
4276,1,14.96098804473877
4276,2,14.327889442443848
4276,3,15.453546524047852
4276,4,15.747747421264648
4277,0,13.455889701843262
4277,1,13.55942440032959
4277,2,13.949786186218262
4277,3,13.016521453857422
4277,4,12.729934692382812
4278,0,9.704900741577148
4278,1,10.843179702758789
4278,2,8.032258987426758
4278,3,9.42462158203125
4278,4,9.829486846923828
4279,0,13.649600982666016
4279,1,14.784833908081055
4279,2,13.910606384277344
4279,3,13.575323104858398
4279,4,13.773006439208984
4280,0,10.376871109008789
4280,1,11.155536651611328
4280,2,10.831812858581543
4280,3,9.520805358886719
4280,4,9.25680923461914
4281,0,15.623875617980957
4281,1,15.880828857421875
4281,2,15.353793144226074
4281,3,15.617467880249023
4281,4,15.799728393554688
4282,0,9.736318588256836
4282,1,8.084397315979004
4282,2,8.066740036010742
4282,3,8.238829612731934
4282,4,10.112354278564453
4283,0,5.951266765594482
4283,1,6.090399742126465
4283,2,7.27167272567749
4283,3,5.574646949768066
4283,4,7.539224147796631
4284,0,13.936614990234375
4284,1,13.357149124145508
4284,2,14.396936416625977
4284,3,13.348453521728516
4284,4,14.478150367736816
4285,0,6.578991413116455
4285,1,8.202447891235352
4285,2,8.000653266906738
4285,3,6.473000526428223
4285,4,6.523948669433594
4286,0,10.616042137145996
4286,1,11.44190788269043
4286,2,11.43893814086914
4286,3,11.318277359008789
4286,4,10.416667938232422
4287,0,9.79068660736084
4287,1,10.189315795898438
4287,2,8.968255043029785
4287,3,10.713241577148438
4287,4,10.020007133483887
4288,0,13.433242797851562
4288,1,13.637375831604004
4288,2,13.169062614440918
4288,3,13.422699928283691
4288,4,13.580658912658691
4289,0,12.32649040222168
4289,1,13.59527587890625
4289,2,14.351142883300781
4289,3,9.413116455078125
4289,4,11.561237335205078
4290,0,9.574135780334473
4290,1,10.280539512634277
4290,2,10.716761589050293
4290,3,9.343762397766113
4290,4,9.238272666931152
4291,0,11.55202579498291
4291,1,12.328082084655762
4291,2,12.784396171569824
4291,3,11.442805290222168
4291,4,11.720721244812012
4292,0,10.23183822631836
4292,1,11.546906471252441
4292,2,14.037431716918945
4292,3,11.373607635498047
4292,4,11.096343994140625
4293,0,10.176998138427734
4293,1,11.468252182006836
4293,2,10.24089241027832
4293,3,9.218132972717285
4293,4,10.241103172302246
4294,0,9.85556697845459
4294,1,9.87595272064209
4294,2,9.374122619628906
4294,3,8.949748992919922
4294,4,10.069902420043945
4295,0,8.9719877243042
4295,1,11.248093605041504
4295,2,9.870606422424316
4295,3,9.870376586914062
4295,4,9.037262916564941
4296,0,13.684954643249512
4296,1,14.492353439331055
4296,2,15.089072227478027
4296,3,13.424835205078125
4296,4,14.025240898132324
4297,0,1.8701165914535522
4297,1,1.357875943183899
4297,2,2.8485875129699707
4297,3,0.19588392972946167
4297,4,4.095856666564941
4298,0,11.312773704528809
4298,1,13.147459030151367
4298,2,15.412094116210938
4298,3,10.591403007507324
4298,4,11.613822937011719
4299,0,8.960272789001465
4299,1,9.006248474121094
4299,2,9.794986724853516
4299,3,7.51462984085083
4299,4,8.447097778320312
4300,0,11.698190689086914
4300,1,9.984757423400879
4300,2,10.25365161895752
4300,3,12.332123756408691
4300,4,11.847384452819824
4301,0,7.524884223937988
4301,1,7.549221515655518
4301,2,8.309943199157715
4301,3,6.302004337310791
4301,4,7.482855319976807
4302,0,10.220541000366211
4302,1,10.13227367401123
4302,2,10.013669967651367
4302,3,11.022150039672852
4302,4,10.676636695861816
4303,0,6.974559783935547
4303,1,12.476561546325684
4303,2,13.888152122497559
4303,3,7.739527702331543
4303,4,8.861916542053223
4304,0,12.815481185913086
4304,1,10.620512962341309
4304,2,10.65153980255127
4304,3,9.183391571044922
4304,4,11.972709655761719
4305,0,9.936386108398438
4305,1,11.878211975097656
4305,2,11.369529724121094
4305,3,9.203412055969238
4305,4,10.52052116394043
4306,0,10.402931213378906
4306,1,11.717193603515625
4306,2,11.912458419799805
4306,3,12.385577201843262
4306,4,10.448919296264648
4307,0,10.0122709274292
4307,1,9.299469947814941
4307,2,9.14445686340332
4307,3,9.473273277282715
4307,4,10.05199909210205
4308,0,11.192317962646484
4308,1,9.21173095703125
4308,2,8.16989803314209
4308,3,10.097118377685547
4308,4,11.114026069641113
4309,0,15.243041038513184
4309,1,15.475995063781738
4309,2,15.187281608581543
4309,3,15.089990615844727
4309,4,15.244231224060059
4310,0,6.179706573486328
4310,1,7.165940761566162
4310,2,7.149375915527344
4310,3,5.455721855163574
4310,4,5.937026500701904
4311,0,14.659361839294434
4311,1,15.312405586242676
4311,2,15.911484718322754
4311,3,13.60900592803955
4311,4,14.671039581298828
4312,0,9.44510555267334
4312,1,11.735513687133789
4312,2,11.787942886352539
4312,3,9.732580184936523
4312,4,9.50363540649414
4313,0,13.663064002990723
4313,1,13.86955451965332
4313,2,13.39016056060791
4313,3,13.640226364135742
4313,4,13.988558769226074
4314,0,8.355515480041504
4314,1,10.692559242248535
4314,2,9.739588737487793
4314,3,8.132365226745605
4314,4,7.985248565673828
4315,0,8.526127815246582
4315,1,9.92677116394043
4315,2,10.102638244628906
4315,3,7.9340081214904785
4315,4,8.609098434448242
4316,0,1.8576154708862305
4316,1,6.645446300506592
4316,2,7.555136203765869
4316,3,1.8427538871765137
4316,4,4.553544044494629
4317,0,7.170932769775391
4317,1,9.954474449157715
4317,2,10.160082817077637
4317,3,8.062990188598633
4317,4,7.881324291229248
4318,0,13.40148639678955
4318,1,13.163603782653809
4318,2,13.675904273986816
4318,3,12.261754035949707
4318,4,12.606463432312012
4319,0,11.58258056640625
4319,1,11.825801849365234
4319,2,10.903120994567871
4319,3,11.809659004211426
4319,4,11.692020416259766
4320,0,9.439520835876465
4320,1,10.459115028381348
4320,2,11.042852401733398
4320,3,8.817519187927246
4320,4,9.173108100891113
4321,0,6.432338714599609
4321,1,3.9189515113830566
4321,2,5.145206928253174
4321,3,7.665736675262451
4321,4,7.035427570343018
4322,0,9.6929931640625
4322,1,10.180872917175293
4322,2,11.132501602172852
4322,3,9.939958572387695
4322,4,9.136194229125977
4323,0,12.458812713623047
4323,1,13.46477222442627
4323,2,10.42541790008545
4323,3,12.115296363830566
4323,4,12.547112464904785
4324,0,11.834209442138672
4324,1,10.93446159362793
4324,2,10.484659194946289
4324,3,11.083621978759766
4324,4,11.998183250427246
4325,0,9.51506519317627
4325,1,10.789128303527832
4325,2,10.093411445617676
4325,3,9.298686027526855
4325,4,9.696009635925293
4326,0,9.129193305969238
4326,1,8.719751358032227
4326,2,9.547725677490234
4326,3,8.706706047058105
4326,4,9.811553001403809
4327,0,15.755003929138184
4327,1,15.741728782653809
4327,2,15.882959365844727
4327,3,15.697809219360352
4327,4,15.76309585571289
4328,0,15.821563720703125
4328,1,15.57460880279541
4328,2,15.609557151794434
4328,3,14.42967700958252
4328,4,15.392245292663574
4329,0,6.892167091369629
4329,1,6.321928024291992
4329,2,6.993643760681152
4329,3,8.473771095275879
4329,4,7.112133979797363
4330,0,13.186250686645508
4330,1,12.405208587646484
4330,2,10.529609680175781
4330,3,11.998881340026855
4330,4,13.611083984375
4331,0,7.531352996826172
4331,1,9.38808536529541
4331,2,8.772626876831055
4331,3,8.067102432250977
4331,4,9.307247161865234
4332,0,8.756192207336426
4332,1,9.14084529876709
4332,2,9.197047233581543
4332,3,8.988110542297363
4332,4,8.708722114562988
4333,0,9.193181037902832
4333,1,9.977066040039062
4333,2,9.843281745910645
4333,3,9.3905029296875
4333,4,8.268831253051758
4334,0,6.312119483947754
4334,1,5.53547477722168
4334,2,5.828230381011963
4334,3,6.3098297119140625
4334,4,7.1861114501953125
4335,0,15.201247215270996
4335,1,15.20836067199707
4335,2,15.002467155456543
4335,3,15.222456932067871
4335,4,15.176033973693848
4336,0,10.69411563873291
4336,1,12.377870559692383
4336,2,13.239790916442871
4336,3,10.963187217712402
4336,4,10.352206230163574
4337,0,11.215853691101074
4337,1,11.390317916870117
4337,2,13.483088493347168
4337,3,11.479620933532715
4337,4,11.318755149841309
4338,0,8.998469352722168
4338,1,9.547954559326172
4338,2,9.354414939880371
4338,3,9.779704093933105
4338,4,9.416149139404297
4339,0,11.686306953430176
4339,1,11.219415664672852
4339,2,12.129010200500488
4339,3,12.246850967407227
4339,4,11.94080638885498
4340,0,8.94257640838623
4340,1,8.691486358642578
4340,2,8.944252967834473
4340,3,9.69105339050293
4340,4,8.645007133483887
4341,0,8.2412109375
4341,1,10.34133529663086
4341,2,9.604701042175293
4341,3,9.297569274902344
4341,4,8.573556900024414
4342,0,13.275053977966309
4342,1,13.462617874145508
4342,2,12.650586128234863
4342,3,13.616875648498535
4342,4,13.761866569519043
4343,0,12.031976699829102
4343,1,12.843987464904785
4343,2,12.219982147216797
4343,3,12.206247329711914
4343,4,11.981001853942871
4344,0,12.204415321350098
4344,1,14.083904266357422
4344,2,13.392081260681152
4344,3,12.839606285095215
4344,4,11.806524276733398
4345,0,14.108048439025879
4345,1,14.238834381103516
4345,2,14.949453353881836
4345,3,13.999749183654785
4345,4,13.903053283691406
4346,0,6.346205711364746
4346,1,6.2609076499938965
4346,2,3.0854878425598145
4346,3,6.874842643737793
4346,4,3.249898672103882
4347,0,13.801159858703613
4347,1,14.903979301452637
4347,2,13.749876976013184
4347,3,14.291443824768066
4347,4,14.690742492675781
4348,0,10.410757064819336
4348,1,10.897802352905273
4348,2,11.148309707641602
4348,3,10.258394241333008
4348,4,10.215167999267578
4349,0,10.54326057434082
4349,1,9.754436492919922
4349,2,9.770682334899902
4349,3,10.437586784362793
4349,4,10.14659595489502
4350,0,13.941877365112305
4350,1,13.483663558959961
4350,2,14.295927047729492
4350,3,13.49159049987793
4350,4,13.611024856567383
4351,0,10.220413208007812
4351,1,11.834636688232422
4351,2,11.422618865966797
4351,3,10.088666915893555
4351,4,9.927871704101562
4352,0,9.556154251098633
4352,1,9.464949607849121
4352,2,9.452096939086914
4352,3,11.811735153198242
4352,4,9.863286018371582
4353,0,7.1273088455200195
4353,1,11.330763816833496
4353,2,13.384359359741211
4353,3,9.542017936706543
4353,4,6.734480381011963
4354,0,11.662762641906738
4354,1,13.652926445007324
4354,2,13.159669876098633
4354,3,13.086464881896973
4354,4,12.2478609085083
4355,0,10.658672332763672
4355,1,11.0680570602417
4355,2,10.570557594299316
4355,3,11.801368713378906
4355,4,11.527746200561523
4356,0,15.079157829284668
4356,1,14.04576301574707
4356,2,15.203020095825195
4356,3,12.346097946166992
4356,4,12.907821655273438
4357,0,10.78762435913086
4357,1,9.12479019165039
4357,2,9.517658233642578
4357,3,10.407830238342285
4357,4,10.943652153015137
4358,0,13.441113471984863
4358,1,14.187601089477539
4358,2,13.56568717956543
4358,3,12.712170600891113
4358,4,12.791024208068848
4359,0,9.608053207397461
4359,1,9.044201850891113
4359,2,9.714752197265625
4359,3,8.97678279876709
4359,4,9.490226745605469
4360,0,8.191875457763672
4360,1,9.042699813842773
4360,2,8.97313117980957
4360,3,9.267698287963867
4360,4,9.130632400512695
4361,0,10.614459037780762
4361,1,12.654224395751953
4361,2,12.423405647277832
4361,3,10.971805572509766
4361,4,11.39443588256836
4362,0,9.000173568725586
4362,1,9.090422630310059
4362,2,10.213813781738281
4362,3,8.407596588134766
4362,4,7.893232822418213
4363,0,13.596698760986328
4363,1,14.627019882202148
4363,2,14.547860145568848
4363,3,12.986186027526855
4363,4,13.698338508605957
4364,0,12.56745719909668
4364,1,14.138802528381348
4364,2,13.20247745513916
4364,3,12.815939903259277
4364,4,12.723356246948242
4365,0,7.393112659454346
4365,1,8.521220207214355
4365,2,9.102627754211426
4365,3,8.596055030822754
4365,4,8.768572807312012
4366,0,8.774452209472656
4366,1,9.998651504516602
4366,2,10.949849128723145
4366,3,8.345967292785645
4366,4,9.27966594696045
4367,0,9.58409595489502
4367,1,9.71553897857666
4367,2,9.6901273727417
4367,3,9.642562866210938
4367,4,10.185981750488281
4368,0,13.532630920410156
4368,1,13.644920349121094
4368,2,14.529020309448242
4368,3,13.553621292114258
4368,4,14.776793479919434
4369,0,7.905403137207031
4369,1,9.188496589660645
4369,2,10.10196304321289
4369,3,7.388107776641846
4369,4,7.802825927734375
4370,0,9.545101165771484
4370,1,9.985397338867188
4370,2,10.191232681274414
4370,3,9.191179275512695
4370,4,8.935288429260254
4371,0,8.594503402709961
4371,1,11.286314964294434
4371,2,8.97896957397461
4371,3,8.735552787780762
4371,4,8.536262512207031
4372,0,12.217182159423828
4372,1,13.120637893676758
4372,2,14.025656700134277
4372,3,11.64599609375
4372,4,11.939041137695312
4373,0,11.505572319030762
4373,1,13.9536714553833
4373,2,14.61337661743164
4373,3,11.402810096740723
4373,4,11.044413566589355
4374,0,8.926959037780762
4374,1,9.60897159576416
4374,2,10.237639427185059
4374,3,7.005973815917969
4374,4,9.073382377624512
4375,0,11.116040229797363
4375,1,12.331976890563965
4375,2,12.853436470031738
4375,3,10.691387176513672
4375,4,11.893997192382812
4376,0,10.453686714172363
4376,1,8.879437446594238
4376,2,9.873324394226074
4376,3,9.713847160339355
4376,4,10.378310203552246
4377,0,7.255080223083496
4377,1,7.164173126220703
4377,2,6.918951034545898
4377,3,7.762142181396484
4377,4,7.494921684265137
4378,0,12.1910400390625
4378,1,13.161748886108398
4378,2,13.17530345916748
4378,3,12.34307861328125
4378,4,12.115124702453613
4379,0,9.20092487335205
4379,1,10.180367469787598
4379,2,10.074014663696289
4379,3,6.812520980834961
4379,4,9.021336555480957
4380,0,7.142937183380127
4380,1,6.294943332672119
4380,2,6.510251045227051
4380,3,6.511068820953369
4380,4,6.949470043182373
4381,0,14.59578800201416
4381,1,14.541892051696777
4381,2,13.003870010375977
4381,3,14.500279426574707
4381,4,14.772598266601562
4382,0,14.193257331848145
4382,1,12.965950012207031
4382,2,12.659332275390625
4382,3,13.861207962036133
4382,4,13.635197639465332
4383,0,8.736879348754883
4383,1,9.66834545135498
4383,2,8.877354621887207
4383,3,8.916580200195312
4383,4,8.475037574768066
4384,0,12.969850540161133
4384,1,11.458934783935547
4384,2,13.012017250061035
4384,3,11.404671669006348
4384,4,13.324091911315918
4385,0,10.95928955078125
4385,1,9.500075340270996
4385,2,9.915154457092285
4385,3,9.425118446350098
4385,4,10.16411304473877
4386,0,9.045827865600586
4386,1,8.924059867858887
4386,2,8.281275749206543
4386,3,8.95062255859375
4386,4,8.875296592712402
4387,0,7.895698070526123
4387,1,9.863748550415039
4387,2,9.794110298156738
4387,3,7.732001304626465
4387,4,8.35983657836914
4388,0,8.900262832641602
4388,1,9.8131742477417
4388,2,10.69313907623291
4388,3,11.285252571105957
4388,4,9.733450889587402
4389,0,8.431572914123535
4389,1,10.13830852508545
4389,2,10.385531425476074
4389,3,7.074733257293701
4389,4,6.956839561462402
4390,0,12.039671897888184
4390,1,12.496509552001953
4390,2,11.539984703063965
4390,3,11.737253189086914
4390,4,12.187494277954102
4391,0,10.696137428283691
4391,1,12.116817474365234
4391,2,11.11816120147705
4391,3,9.987693786621094
4391,4,10.504868507385254
4392,0,10.653068542480469
4392,1,13.414270401000977
4392,2,13.626083374023438
4392,3,9.970580101013184
4392,4,10.95065689086914
4393,0,9.00053596496582
4393,1,9.234163284301758
4393,2,9.17691707611084
4393,3,7.718681335449219
4393,4,8.829060554504395
4394,0,12.624266624450684
4394,1,13.218937873840332
4394,2,13.304062843322754
4394,3,12.425655364990234
4394,4,12.529526710510254
4395,0,13.782599449157715
4395,1,12.879961013793945
4395,2,10.520508766174316
4395,3,12.298249244689941
4395,4,11.766231536865234
4396,0,7.367041110992432
4396,1,6.953419208526611
4396,2,6.111355781555176
4396,3,7.88789701461792
4396,4,7.558413982391357
4397,0,7.1652960777282715
4397,1,9.334424018859863
4397,2,8.98908519744873
4397,3,7.246414661407471
4397,4,3.1807949542999268
4398,0,14.061371803283691
4398,1,13.509378433227539
4398,2,14.569755554199219
4398,3,12.317564010620117
4398,4,13.993603706359863
4399,0,15.108338356018066
4399,1,10.579292297363281
4399,2,10.62542724609375
4399,3,15.164457321166992
4399,4,14.023689270019531
4400,0,13.252239227294922
4400,1,12.965717315673828
4400,2,13.13685131072998
4400,3,14.361372947692871
4400,4,13.513199806213379
4401,0,11.096269607543945
4401,1,11.404451370239258
4401,2,11.315286636352539
4401,3,9.62739086151123
4401,4,12.138090133666992
4402,0,9.887969017028809
4402,1,10.78868579864502
4402,2,10.915637969970703
4402,3,10.00101375579834
4402,4,10.151299476623535
4403,0,0.8435717821121216
4403,1,4.026493549346924
4403,2,1.6976630687713623
4403,3,2.2316982746124268
4403,4,0.271571546792984
4404,0,11.403830528259277
4404,1,11.907479286193848
4404,2,11.568108558654785
4404,3,12.461003303527832
4404,4,10.154853820800781
4405,0,6.889857292175293
4405,1,8.995376586914062
4405,2,9.157608032226562
4405,3,6.006346702575684
4405,4,7.125954627990723
4406,0,11.510292053222656
4406,1,11.647686004638672
4406,2,12.090039253234863
4406,3,12.124860763549805
4406,4,11.066585540771484
4407,0,15.113668441772461
4407,1,15.60513973236084
4407,2,15.854575157165527
4407,3,14.819063186645508
4407,4,15.462919235229492
4408,0,8.189214706420898
4408,1,6.740514755249023
4408,2,7.629907608032227
4408,3,6.733556747436523
4408,4,8.32848072052002
4409,0,8.544424057006836
4409,1,8.591690063476562
4409,2,9.171826362609863
4409,3,8.303925514221191
4409,4,8.701972961425781
4410,0,13.183880805969238
4410,1,13.444941520690918
4410,2,13.988212585449219
4410,3,12.967864990234375
4410,4,13.599679946899414
4411,0,13.900097846984863
4411,1,15.303236961364746
4411,2,14.798096656799316
4411,3,13.892250061035156
4411,4,12.848981857299805
4412,0,15.407090187072754
4412,1,13.548284530639648
4412,2,13.805681228637695
4412,3,14.866861343383789
4412,4,15.319844245910645
4413,0,11.819036483764648
4413,1,11.712915420532227
4413,2,11.404200553894043
4413,3,11.814889907836914
4413,4,12.177227020263672
4414,0,6.731204032897949
4414,1,13.700211524963379
4414,2,11.514864921569824
4414,3,5.957125663757324
4414,4,7.983800411224365
4415,0,12.937132835388184
4415,1,11.837587356567383
4415,2,13.016242980957031
4415,3,14.529611587524414
4415,4,11.063179016113281
4416,0,10.223433494567871
4416,1,11.001834869384766
4416,2,10.518671035766602
4416,3,9.749610900878906
4416,4,10.256370544433594
4417,0,6.511375904083252
4417,1,7.383461952209473
4417,2,8.506593704223633
4417,3,7.57078218460083
4417,4,7.723272323608398
4418,0,11.824773788452148
4418,1,12.635430335998535
4418,2,13.019979476928711
4418,3,11.153922080993652
4418,4,11.584917068481445
4419,0,11.995429039001465
4419,1,10.227920532226562
4419,2,10.289732933044434
4419,3,9.215476989746094
4419,4,10.393643379211426
4420,0,12.990102767944336
4420,1,12.628628730773926
4420,2,13.131123542785645
4420,3,13.644075393676758
4420,4,13.474443435668945
4421,0,8.347899436950684
4421,1,8.697145462036133
4421,2,8.946702003479004
4421,3,7.630926609039307
4421,4,7.389172077178955
4422,0,11.37826156616211
4422,1,10.225690841674805
4422,2,10.164904594421387
4422,3,7.857787132263184
4422,4,9.474457740783691
4423,0,11.345390319824219
4423,1,11.24068546295166
4423,2,11.366477966308594
4423,3,10.982250213623047
4423,4,11.83751392364502
4424,0,9.787199974060059
4424,1,10.45615291595459
4424,2,9.845538139343262
4424,3,9.25506591796875
4424,4,9.139425277709961
4425,0,13.14259147644043
4425,1,13.420331954956055
4425,2,13.467731475830078
4425,3,12.58202075958252
4425,4,13.089444160461426
4426,0,4.60207986831665
4426,1,6.753606796264648
4426,2,1.8653109073638916
4426,3,2.0813443660736084
4426,4,5.113080978393555
4427,0,10.109198570251465
4427,1,10.759420394897461
4427,2,10.698991775512695
4427,3,9.84811782836914
4427,4,10.530895233154297
4428,0,7.556196212768555
4428,1,8.684708595275879
4428,2,6.412672519683838
4428,3,9.382821083068848
4428,4,7.3617072105407715
4429,0,9.773405075073242
4429,1,9.679946899414062
4429,2,12.698553085327148
4429,3,8.206296920776367
4429,4,9.582756042480469
4430,0,9.876773834228516
4430,1,13.023761749267578
4430,2,12.56391716003418
4430,3,9.812374114990234
4430,4,9.722537994384766
4431,0,12.87778091430664
4431,1,6.957647800445557
4431,2,14.36143684387207
4431,3,13.370156288146973
4431,4,13.236327171325684
4432,0,7.716423988342285
4432,1,10.277828216552734
4432,2,10.45167350769043
4432,3,7.014860153198242
4432,4,7.864380359649658
4433,0,13.58802318572998
4433,1,12.577120780944824
4433,2,12.053999900817871
4433,3,12.872284889221191
4433,4,13.526845932006836
4434,0,13.109735488891602
4434,1,11.889768600463867
4434,2,12.98034954071045
4434,3,12.745945930480957
4434,4,12.823827743530273
4435,0,13.589864730834961
4435,1,13.212726593017578
4435,2,13.532846450805664
4435,3,11.614999771118164
4435,4,13.292019844055176
4436,0,9.0614652633667
4436,1,8.547576904296875
4436,2,8.457385063171387
4436,3,7.500046730041504
4436,4,9.409955024719238
4437,0,10.180974960327148
4437,1,10.076749801635742
4437,2,11.772175788879395
4437,3,7.612343788146973
4437,4,9.759108543395996
4438,0,13.985074043273926
4438,1,12.917882919311523
4438,2,12.995454788208008
4438,3,12.879313468933105
4438,4,14.586305618286133
4439,0,9.669568061828613
4439,1,11.389434814453125
4439,2,13.881989479064941
4439,3,9.167641639709473
4439,4,10.253073692321777
4440,0,11.471108436584473
4440,1,12.292672157287598
4440,2,13.911423683166504
4440,3,10.66268253326416
4440,4,11.640290260314941
4441,0,1.9692630767822266
4441,1,5.690378189086914
4441,2,3.59480881690979
4441,3,4.009361743927002
4441,4,2.7468831539154053
4442,0,13.220561027526855
4442,1,13.943292617797852
4442,2,14.428397178649902
4442,3,12.24913501739502
4442,4,14.144237518310547
4443,0,12.39867877960205
4443,1,13.591654777526855
4443,2,13.093917846679688
4443,3,12.263345718383789
4443,4,12.85389232635498
4444,0,11.682518005371094
4444,1,12.075854301452637
4444,2,11.637834548950195
4444,3,11.494892120361328
4444,4,11.57211685180664
4445,0,14.270471572875977
4445,1,15.297165870666504
4445,2,14.293519973754883
4445,3,13.158145904541016
4445,4,14.59553050994873
4446,0,12.645298957824707
4446,1,15.311307907104492
4446,2,14.746850967407227
4446,3,13.326704025268555
4446,4,12.998796463012695
4447,0,13.184884071350098
4447,1,13.579792022705078
4447,2,13.418414115905762
4447,3,14.298928260803223
4447,4,12.012547492980957
4448,0,10.562556266784668
4448,1,8.890494346618652
4448,2,7.927605152130127
4448,3,10.838316917419434
4448,4,11.598658561706543
4449,0,10.789081573486328
4449,1,11.419159889221191
4449,2,12.517637252807617
4449,3,10.952829360961914
4449,4,11.18266773223877
4450,0,12.770261764526367
4450,1,12.838961601257324
4450,2,13.19694995880127
4450,3,13.751974105834961
4450,4,14.343637466430664
4451,0,11.617538452148438
4451,1,10.368820190429688
4451,2,11.00188159942627
4451,3,10.23569107055664
4451,4,11.530485153198242
4452,0,10.140416145324707
4452,1,11.243623733520508
4452,2,10.987994194030762
4452,3,9.769694328308105
4452,4,10.307670593261719
4453,0,5.534418106079102
4453,1,5.74392557144165
4453,2,7.2004170417785645
4453,3,5.225841999053955
4453,4,5.450108051300049
4454,0,11.339369773864746
4454,1,12.438880920410156
4454,2,13.400392532348633
4454,3,12.924888610839844
4454,4,10.944757461547852
4455,0,8.985836029052734
4455,1,11.099040031433105
4455,2,9.68514347076416
4455,3,8.906270027160645
4455,4,8.905108451843262
4456,0,11.92034912109375
4456,1,11.050570487976074
4456,2,12.105191230773926
4456,3,11.18004035949707
4456,4,11.006902694702148
4457,0,10.913985252380371
4457,1,11.799978256225586
4457,2,12.076698303222656
4457,3,10.992890357971191
4457,4,11.394596099853516
4458,0,10.851712226867676
4458,1,11.813151359558105
4458,2,12.186394691467285
4458,3,10.870110511779785
4458,4,11.262914657592773
4459,0,9.885785102844238
4459,1,11.92616081237793
4459,2,11.193767547607422
4459,3,7.419297218322754
4459,4,8.52429485321045
4460,0,12.977367401123047
4460,1,12.23138427734375
4460,2,12.304572105407715
4460,3,12.820938110351562
4460,4,13.221522331237793
4461,0,13.377678871154785
4461,1,13.781594276428223
4461,2,14.282845497131348
4461,3,12.038662910461426
4461,4,12.72128963470459
4462,0,11.81032657623291
4462,1,11.061796188354492
4462,2,11.122191429138184
4462,3,12.039996147155762
4462,4,11.869039535522461
4463,0,10.251462936401367
4463,1,10.874748229980469
4463,2,7.539172649383545
4463,3,8.80812931060791
4463,4,8.985380172729492
4464,0,8.810995101928711
4464,1,8.74271297454834
4464,2,9.855387687683105
4464,3,8.954450607299805
4464,4,9.4474515914917
4465,0,9.505026817321777
4465,1,10.602148056030273
4465,2,11.962747573852539
4465,3,10.62933349609375
4465,4,10.19782829284668
4466,0,11.279787063598633
4466,1,13.087937355041504
4466,2,12.267369270324707
4466,3,11.754326820373535
4466,4,11.923104286193848
4467,0,5.101187229156494
4467,1,7.493226051330566
4467,2,7.475955009460449
4467,3,8.194252014160156
4467,4,6.887801647186279
4468,0,10.380599021911621
4468,1,13.128731727600098
4468,2,11.142630577087402
4468,3,8.911351203918457
4468,4,10.874707221984863
4469,0,7.114218235015869
4469,1,7.551858901977539
4469,2,9.202598571777344
4469,3,9.007004737854004
4469,4,7.2050909996032715
4470,0,11.266709327697754
4470,1,11.7286958694458
4470,2,12.537009239196777
4470,3,10.540212631225586
4470,4,11.255486488342285
4471,0,10.27642822265625
4471,1,10.153308868408203
4471,2,10.27721118927002
4471,3,11.88683795928955
4471,4,11.375595092773438
4472,0,8.110255241394043
4472,1,8.60153865814209
4472,2,9.142285346984863
4472,3,7.2421112060546875
4472,4,7.673171520233154
4473,0,4.905919551849365
4473,1,7.2251505851745605
4473,2,8.54171371459961
4473,3,4.162909507751465
4473,4,5.041599273681641
4474,0,7.737481117248535
4474,1,8.675679206848145
4474,2,8.811095237731934
4474,3,7.2814412117004395
4474,4,7.662355899810791
4475,0,15.358504295349121
4475,1,15.172111511230469
4475,2,14.52431869506836
4475,3,14.281347274780273
4475,4,14.896502494812012
4476,0,10.191208839416504
4476,1,9.050531387329102
4476,2,6.367156982421875
4476,3,6.816030025482178
4476,4,9.440312385559082
4477,0,13.158486366271973
4477,1,11.645963668823242
4477,2,12.451784133911133
4477,3,11.8101806640625
4477,4,12.609882354736328
4478,0,8.547171592712402
4478,1,9.725176811218262
4478,2,9.1262845993042
4478,3,8.969468116760254
4478,4,7.95810079574585
4479,0,14.226656913757324
4479,1,14.257022857666016
4479,2,14.722469329833984
4479,3,13.816129684448242
4479,4,14.258393287658691
4480,0,8.89172649383545
4480,1,9.368616104125977
4480,2,10.454984664916992
4480,3,7.344974994659424
4480,4,8.472552299499512
4481,0,13.563005447387695
4481,1,12.088041305541992
4481,2,13.282658576965332
4481,3,14.516717910766602
4481,4,13.592894554138184
4482,0,11.378607749938965
4482,1,10.330778121948242
4482,2,10.452691078186035
4482,3,11.392546653747559
4482,4,12.199853897094727
4483,0,12.714027404785156
4483,1,11.539769172668457
4483,2,10.377883911132812
4483,3,11.617415428161621
4483,4,12.849252700805664
4484,0,6.315085411071777
4484,1,9.851080894470215
4484,2,10.604633331298828
4484,3,6.664146900177002
4484,4,7.005160331726074
4485,0,12.616273880004883
4485,1,13.116033554077148
4485,2,12.067521095275879
4485,3,13.217921257019043
4485,4,12.205808639526367
4486,0,9.865236282348633
4486,1,8.92040729522705
4486,2,9.136906623840332
4486,3,10.17805004119873
4486,4,9.610881805419922
4487,0,7.452467918395996
4487,1,9.018316268920898
4487,2,9.875678062438965
4487,3,6.377447605133057
4487,4,7.421725273132324
4488,0,10.996099472045898
4488,1,11.640290260314941
4488,2,11.2674560546875
4488,3,9.01483154296875
4488,4,12.62600040435791
4489,0,11.580818176269531
4489,1,11.325934410095215
4489,2,8.374978065490723
4489,3,11.30577278137207
4489,4,9.23101806640625
4490,0,8.705366134643555
4490,1,9.282609939575195
4490,2,10.75041675567627
4490,3,8.45229721069336
4490,4,9.601268768310547
4491,0,15.712529182434082
4491,1,13.390582084655762
4491,2,13.606868743896484
4491,3,15.776717185974121
4491,4,15.61996841430664
4492,0,11.193185806274414
4492,1,9.764191627502441
4492,2,10.108878135681152
4492,3,11.715705871582031
4492,4,8.660198211669922
4493,0,8.614248275756836
4493,1,10.554933547973633
4493,2,10.037273406982422
4493,3,7.421919822692871
4493,4,8.400781631469727
4494,0,15.725271224975586
4494,1,13.741814613342285
4494,2,15.085010528564453
4494,3,14.58659553527832
4494,4,15.962990760803223
4495,0,6.762407302856445
4495,1,8.07099723815918
4495,2,8.03791332244873
4495,3,6.640535354614258
4495,4,7.228070259094238
4496,0,10.199433326721191
4496,1,11.10582160949707
4496,2,10.579480171203613
4496,3,10.578056335449219
4496,4,10.64220142364502
4497,0,4.951715469360352
4497,1,7.865323543548584
4497,2,7.660745143890381
4497,3,5.415066719055176
4497,4,3.9274237155914307
4498,0,11.487835884094238
4498,1,11.18989086151123
4498,2,11.261100769042969
4498,3,11.678156852722168
4498,4,10.788222312927246
4499,0,10.402259826660156
4499,1,12.580188751220703
4499,2,12.272183418273926
4499,3,11.371545791625977
4499,4,10.613428115844727
4500,0,11.535978317260742
4500,1,13.018105506896973
4500,2,12.071117401123047
4500,3,11.237905502319336
4500,4,10.981091499328613
4501,0,9.219161987304688
4501,1,10.296034812927246
4501,2,8.29943561553955
4501,3,9.542306900024414
4501,4,8.298165321350098
4502,0,11.417414665222168
4502,1,13.05152702331543
4502,2,15.686219215393066
4502,3,12.111666679382324
4502,4,11.960124015808105
4503,0,11.588642120361328
4503,1,14.284028053283691
4503,2,14.305218696594238
4503,3,11.446900367736816
4503,4,11.875886917114258
4504,0,11.484797477722168
4504,1,9.959921836853027
4504,2,10.071549415588379
4504,3,9.715415954589844
4504,4,11.997328758239746
4505,0,14.597164154052734
4505,1,15.927040100097656
4505,2,16.053985595703125
4505,3,14.217528343200684
4505,4,14.885947227478027
4506,0,10.664958000183105
4506,1,11.775680541992188
4506,2,11.859432220458984
4506,3,10.790153503417969
4506,4,12.317008018493652
4507,0,11.9154634475708
4507,1,12.347753524780273
4507,2,12.297698974609375
4507,3,12.367841720581055
4507,4,12.136970520019531
4508,0,9.075362205505371
4508,1,8.161362648010254
4508,2,8.9451904296875
4508,3,9.960732460021973
4508,4,9.815512657165527
4509,0,13.366738319396973
4509,1,12.54730224609375
4509,2,12.67112922668457
4509,3,12.943599700927734
4509,4,13.214327812194824
4510,0,4.307224273681641
4510,1,9.7820463180542
4510,2,11.188362121582031
4510,3,6.554141998291016
4510,4,7.404654026031494
4511,0,13.923887252807617
4511,1,14.015288352966309
4511,2,12.4780855178833
4511,3,14.330418586730957
4511,4,14.321478843688965
4512,0,11.455326080322266
4512,1,11.06790828704834
4512,2,11.011975288391113
4512,3,10.397603034973145
4512,4,11.175362586975098
4513,0,3.3519647121429443
4513,1,9.168179512023926
4513,2,9.82006549835205
4513,3,6.332571029663086
4513,4,5.2364888191223145
4514,0,6.873714923858643
4514,1,9.180929183959961
4514,2,9.128583908081055
4514,3,5.360107421875
4514,4,8.841958045959473
4515,0,10.94764518737793
4515,1,12.617583274841309
4515,2,12.25659465789795
4515,3,10.840520858764648
4515,4,11.351905822753906
4516,0,7.195034980773926
4516,1,7.058352470397949
4516,2,6.81227970123291
4516,3,7.000113487243652
4516,4,7.308971881866455
4517,0,10.707047462463379
4517,1,11.870978355407715
4517,2,12.993765830993652
4517,3,10.32497501373291
4517,4,11.454906463623047
4518,0,8.038945198059082
4518,1,10.343165397644043
4518,2,9.760612487792969
4518,3,8.759041786193848
4518,4,8.265539169311523
4519,0,12.360701560974121
4519,1,14.645320892333984
4519,2,13.536054611206055
4519,3,13.589293479919434
4519,4,12.138630867004395
4520,0,13.885071754455566
4520,1,14.191262245178223
4520,2,14.18465805053711
4520,3,13.462971687316895
4520,4,13.754731178283691
4521,0,14.789775848388672
4521,1,13.503717422485352
4521,2,11.646159172058105
4521,3,14.032750129699707
4521,4,15.113886833190918
4522,0,8.508857727050781
4522,1,11.899245262145996
4522,2,12.79839038848877
4522,3,9.738268852233887
4522,4,8.384328842163086
4523,0,8.545876502990723
4523,1,8.191411972045898
4523,2,7.494051456451416
4523,3,8.182138442993164
4523,4,8.837940216064453
4524,0,15.530501365661621
4524,1,14.861541748046875
4524,2,12.96822738647461
4524,3,15.547687530517578
4524,4,15.957152366638184
4525,0,11.94753360748291
4525,1,14.31965160369873
4525,2,14.323649406433105
4525,3,11.58703327178955
4525,4,11.910270690917969
4526,0,3.501499652862549
4526,1,7.142782211303711
4526,2,7.369922161102295
4526,3,5.840912342071533
4526,4,3.166188955307007
4527,0,10.258687973022461
4527,1,10.97591495513916
4527,2,11.20555591583252
4527,3,9.912483215332031
4527,4,11.569441795349121
4528,0,13.927186965942383
4528,1,13.656394004821777
4528,2,15.66588306427002
4528,3,13.786564826965332
4528,4,13.690226554870605
4529,0,9.69149112701416
4529,1,9.415284156799316
4529,2,9.410445213317871
4529,3,9.436150550842285
4529,4,9.908018112182617
4530,0,10.560796737670898
4530,1,11.721356391906738
4530,2,12.425639152526855
4530,3,10.032379150390625
4530,4,10.047760009765625
4531,0,14.791248321533203
4531,1,15.630439758300781
4531,2,15.932385444641113
4531,3,14.955218315124512
4531,4,15.375658988952637
4532,0,7.431734085083008
4532,1,10.9401273727417
4532,2,10.612502098083496
4532,3,8.451372146606445
4532,4,8.421819686889648
4533,0,11.439510345458984
4533,1,13.951642990112305
4533,2,13.060786247253418
4533,3,11.660892486572266
4533,4,11.623442649841309
4534,0,12.953019142150879
4534,1,12.2478666305542
4534,2,12.636299133300781
4534,3,13.0076322555542
4534,4,12.282462120056152
4535,0,10.67084789276123
4535,1,9.578280448913574
4535,2,10.334848403930664
4535,3,9.984152793884277
4535,4,11.511896133422852
4536,0,9.621569633483887
4536,1,10.098252296447754
4536,2,10.711804389953613
4536,3,9.261260986328125
4536,4,9.78663444519043
4537,0,10.506917953491211
4537,1,13.810554504394531
4537,2,13.749258995056152
4537,3,9.30507755279541
4537,4,11.164661407470703
4538,0,12.778765678405762
4538,1,12.361144065856934
4538,2,12.884804725646973
4538,3,13.202704429626465
4538,4,12.703133583068848
4539,0,14.726737976074219
4539,1,15.147459030151367
4539,2,15.827313423156738
4539,3,14.258162498474121
4539,4,15.007997512817383
4540,0,9.771279335021973
4540,1,9.405872344970703
4540,2,8.820154190063477
4540,3,10.092181205749512
4540,4,9.488064765930176
4541,0,5.903303623199463
4541,1,6.023468971252441
4541,2,7.727414131164551
4541,3,6.395897388458252
4541,4,7.120635509490967
4542,0,13.909199714660645
4542,1,13.761968612670898
4542,2,13.164127349853516
4542,3,12.589105606079102
4542,4,13.235909461975098
4543,0,12.655045509338379
4543,1,15.215194702148438
4543,2,12.747941017150879
4543,3,12.297056198120117
4543,4,11.601832389831543
4544,0,9.609975814819336
4544,1,5.190173149108887
4544,2,7.537997245788574
4544,3,8.055427551269531
4544,4,12.941191673278809
4545,0,9.82906436920166
4545,1,11.374711036682129
4545,2,12.571910858154297
4545,3,9.11427116394043
4545,4,9.324525833129883
4546,0,10.911423683166504
4546,1,11.093978881835938
4546,2,11.767163276672363
4546,3,11.738859176635742
4546,4,11.642152786254883
4547,0,10.961710929870605
4547,1,12.053770065307617
4547,2,12.55109977722168
4547,3,10.060539245605469
4547,4,10.569116592407227
4548,0,9.651251792907715
4548,1,8.363844871520996
4548,2,8.873018264770508
4548,3,11.02962589263916
4548,4,9.74236011505127
4549,0,9.21327018737793
4549,1,8.956451416015625
4549,2,8.72518253326416
4549,3,8.911553382873535
4549,4,8.385786056518555
4550,0,10.554240226745605
4550,1,11.78552532196045
4550,2,12.14175796508789
4550,3,10.07280158996582
4550,4,9.58961296081543
4551,0,8.945267677307129
4551,1,9.195765495300293
4551,2,9.851624488830566
4551,3,8.230445861816406
4551,4,9.262304306030273
4552,0,13.832581520080566
4552,1,15.03383731842041
4552,2,14.669740676879883
4552,3,13.621626853942871
4552,4,12.982583045959473
4553,0,11.688995361328125
4553,1,12.27877426147461
4553,2,11.855185508728027
4553,3,11.719215393066406
4553,4,11.236651420593262
4554,0,9.857749938964844
4554,1,10.317732810974121
4554,2,10.341693878173828
4554,3,9.890761375427246
4554,4,9.715654373168945
4555,0,11.845409393310547
4555,1,14.404534339904785
4555,2,12.302523612976074
4555,3,10.26831340789795
4555,4,11.932957649230957
4556,0,10.521276473999023
4556,1,12.169319152832031
4556,2,12.777284622192383
4556,3,11.455114364624023
4556,4,11.198138236999512
4557,0,15.440352439880371
4557,1,15.299866676330566
4557,2,16.10468292236328
4557,3,14.30403995513916
4557,4,15.341036796569824
4558,0,9.81383228302002
4558,1,10.91378116607666
4558,2,11.045707702636719
4558,3,9.852092742919922
4558,4,9.97514533996582
4559,0,13.158380508422852
4559,1,12.96058464050293
4559,2,12.255698204040527
4559,3,12.91780948638916
4559,4,13.091506958007812
4560,0,10.406307220458984
4560,1,10.427433013916016
4560,2,11.245550155639648
4560,3,10.250208854675293
4560,4,9.884639739990234
4561,0,11.449553489685059
4561,1,12.7327299118042
4561,2,12.688721656799316
4561,3,11.832352638244629
4561,4,11.685544967651367
4562,0,10.287277221679688
4562,1,9.855368614196777
4562,2,8.572036743164062
4562,3,9.243331909179688
4562,4,9.376211166381836
4563,0,9.409984588623047
4563,1,9.414674758911133
4563,2,9.286714553833008
4563,3,9.418330192565918
4563,4,9.77027416229248
4564,0,10.685935974121094
4564,1,11.93699836730957
4564,2,12.672789573669434
4564,3,11.004356384277344
4564,4,11.270687103271484
4565,0,10.869315147399902
4565,1,13.585074424743652
4565,2,14.038979530334473
4565,3,12.353753089904785
4565,4,12.843621253967285
4566,0,12.187051773071289
4566,1,11.435526847839355
4566,2,10.863978385925293
4566,3,8.986872673034668
4566,4,12.469656944274902
4567,0,11.839669227600098
4567,1,14.021628379821777
4567,2,14.224637031555176
4567,3,11.579121589660645
4567,4,12.14020824432373
4568,0,12.031753540039062
4568,1,10.94076919555664
4568,2,10.849626541137695
4568,3,10.787359237670898
4568,4,11.354818344116211
4569,0,9.218096733093262
4569,1,10.679712295532227
4569,2,10.44273567199707
4569,3,7.9182915687561035
4569,4,9.449414253234863
4570,0,7.094620704650879
4570,1,8.754416465759277
4570,2,8.953655242919922
4570,3,7.685240268707275
4570,4,7.12799596786499
4571,0,4.465659141540527
4571,1,11.721040725708008
4571,2,11.546151161193848
4571,3,3.8184499740600586
4571,4,4.832723617553711
4572,0,11.893594741821289
4572,1,11.057768821716309
4572,2,12.51531982421875
4572,3,10.716606140136719
4572,4,11.643892288208008
4573,0,7.755972385406494
4573,1,8.567607879638672
4573,2,10.447543144226074
4573,3,10.163865089416504
4573,4,7.522149085998535
4574,0,10.14333438873291
4574,1,9.791397094726562
4574,2,9.893540382385254
4574,3,12.767609596252441
4574,4,9.684343338012695
4575,0,10.814879417419434
4575,1,9.923452377319336
4575,2,10.197097778320312
4575,3,10.15604019165039
4575,4,10.764612197875977
4576,0,12.018749237060547
4576,1,13.79124927520752
4576,2,13.161490440368652
4576,3,11.0066556930542
4576,4,11.66130256652832
4577,0,11.940728187561035
4577,1,11.781798362731934
4577,2,13.87855339050293
4577,3,12.774088859558105
4577,4,12.659571647644043
4578,0,10.984492301940918
4578,1,9.11315631866455
4578,2,9.655885696411133
4578,3,10.489341735839844
4578,4,10.790789604187012
4579,0,12.196372032165527
4579,1,12.496790885925293
4579,2,12.107236862182617
4579,3,10.518677711486816
4579,4,11.43374252319336
4580,0,5.211577892303467
4580,1,7.912624359130859
4580,2,8.926877975463867
4580,3,4.30781364440918
4580,4,4.700466632843018
4581,0,9.7365083694458
4581,1,12.353404998779297
4581,2,11.803404808044434
4581,3,9.613885879516602
4581,4,10.08798885345459
4582,0,5.825873374938965
4582,1,8.14657974243164
4582,2,8.88604736328125
4582,3,6.100379943847656
4582,4,6.142385005950928
4583,0,11.738900184631348
4583,1,10.041192054748535
4583,2,9.582066535949707
4583,3,8.626468658447266
4583,4,12.040240287780762
4584,0,12.767662048339844
4584,1,12.621410369873047
4584,2,12.058935165405273
4584,3,10.81383991241455
4584,4,12.542987823486328
4585,0,10.807616233825684
4585,1,8.87101936340332
4585,2,8.710803031921387
4585,3,10.94591999053955
4585,4,7.443102836608887
4586,0,11.854564666748047
4586,1,12.612946510314941
4586,2,12.79232120513916
4586,3,13.880775451660156
4586,4,13.4984130859375
4587,0,15.599142074584961
4587,1,15.365301132202148
4587,2,15.51572036743164
4587,3,15.295939445495605
4587,4,15.520793914794922
4588,0,12.408380508422852
4588,1,14.658843040466309
4588,2,15.252408027648926
4588,3,11.497601509094238
4588,4,12.625194549560547
4589,0,8.187442779541016
4589,1,9.832672119140625
4589,2,9.071999549865723
4589,3,6.702140808105469
4589,4,8.52212905883789
4590,0,9.520288467407227
4590,1,11.976980209350586
4590,2,13.066943168640137
4590,3,9.778788566589355
4590,4,10.161683082580566
4591,0,7.863191604614258
4591,1,10.066025733947754
4591,2,10.542223930358887
4591,3,7.469636917114258
4591,4,7.978377342224121
4592,0,10.394712448120117
4592,1,13.505428314208984
4592,2,12.823769569396973
4592,3,11.301338195800781
4592,4,10.856405258178711
4593,0,10.351521492004395
4593,1,13.026918411254883
4593,2,12.582330703735352
4593,3,9.943913459777832
4593,4,11.033870697021484
4594,0,9.064055442810059
4594,1,11.614014625549316
4594,2,9.666592597961426
4594,3,8.535717964172363
4594,4,9.359476089477539
4595,0,7.384594917297363
4595,1,7.909341335296631
4595,2,7.8748393058776855
4595,3,6.428023338317871
4595,4,7.443392753601074
4596,0,9.92663288116455
4596,1,11.10213565826416
4596,2,10.557658195495605
4596,3,10.428718566894531
4596,4,10.075183868408203
4597,0,5.0184712409973145
4597,1,4.95055627822876
4597,2,6.703053951263428
4597,3,6.930780410766602
4597,4,3.89972186088562
4598,0,15.033425331115723
4598,1,15.291825294494629
4598,2,15.565242767333984
4598,3,15.533907890319824
4598,4,15.340989112854004
4599,0,10.808534622192383
4599,1,11.006583213806152
4599,2,11.641057968139648
4599,3,9.81601333618164
4599,4,11.34782886505127
4600,0,13.677193641662598
4600,1,13.75872802734375
4600,2,14.236029624938965
4600,3,14.641345977783203
4600,4,13.048664093017578
4601,0,11.250341415405273
4601,1,13.711989402770996
4601,2,13.953353881835938
4601,3,11.205942153930664
4601,4,11.182209968566895
4602,0,9.167339324951172
4602,1,10.458742141723633
4602,2,9.814223289489746
4602,3,8.873522758483887
4602,4,9.435639381408691
4603,0,13.060630798339844
4603,1,12.048078536987305
4603,2,13.37004280090332
4603,3,11.926265716552734
4603,4,12.705272674560547
4604,0,14.279346466064453
4604,1,13.866238594055176
4604,2,14.46202564239502
4604,3,13.90705680847168
4604,4,14.197249412536621
4605,0,8.32486343383789
4605,1,7.9969635009765625
4605,2,9.41447639465332
4605,3,9.003486633300781
4605,4,8.943570137023926
4606,0,12.828397750854492
4606,1,10.18287181854248
4606,2,9.712817192077637
4606,3,10.827038764953613
4606,4,11.884638786315918
4607,0,6.385594367980957
4607,1,11.014078140258789
4607,2,9.807580947875977
4607,3,7.870235443115234
4607,4,6.359341621398926
4608,0,10.034048080444336
4608,1,10.01124382019043
4608,2,8.77462387084961
4608,3,8.230940818786621
4608,4,9.807297706604004
4609,0,8.91423225402832
4609,1,10.76046371459961
4609,2,11.141206741333008
4609,3,8.752564430236816
4609,4,9.214058876037598
4610,0,13.919172286987305
4610,1,14.59199333190918
4610,2,14.972946166992188
4610,3,14.134639739990234
4610,4,14.259658813476562
4611,0,10.211440086364746
4611,1,10.962932586669922
4611,2,10.967093467712402
4611,3,10.916412353515625
4611,4,11.910799980163574
4612,0,10.905421257019043
4612,1,12.951366424560547
4612,2,12.525175094604492
4612,3,10.813045501708984
4612,4,10.72107219696045
4613,0,11.528474807739258
4613,1,12.411762237548828
4613,2,12.593255996704102
4613,3,11.154126167297363
4613,4,11.507804870605469
4614,0,11.506067276000977
4614,1,11.160379409790039
4614,2,12.109110832214355
4614,3,9.475322723388672
4614,4,11.452825546264648
4615,0,15.251130104064941
4615,1,15.08010196685791
4615,2,15.094205856323242
4615,3,14.667927742004395
4615,4,15.155867576599121
4616,0,14.134721755981445
4616,1,14.43232536315918
4616,2,12.493656158447266
4616,3,12.85129451751709
4616,4,14.011862754821777
4617,0,9.382073402404785
4617,1,10.363142967224121
4617,2,10.658949851989746
4617,3,9.321578979492188
4617,4,9.778433799743652
4618,0,9.722681045532227
4618,1,11.044358253479004
4618,2,10.968563079833984
4618,3,10.000508308410645
4618,4,9.934704780578613
4619,0,12.97834300994873
4619,1,13.822888374328613
4619,2,14.827339172363281
4619,3,12.629216194152832
4619,4,13.248658180236816
4620,0,4.617400646209717
4620,1,4.795731067657471
4620,2,0.09309540688991547
4620,3,4.629937171936035
4620,4,4.01906681060791
4621,0,11.501500129699707
4621,1,12.283735275268555
4621,2,11.730393409729004
4621,3,10.459724426269531
4621,4,10.863886833190918
4622,0,10.37646198272705
4622,1,9.455643653869629
4622,2,10.110395431518555
4622,3,11.417919158935547
4622,4,9.952988624572754
4623,0,12.742859840393066
4623,1,13.28119945526123
4623,2,13.568665504455566
4623,3,12.377817153930664
4623,4,13.201369285583496
4624,0,9.883726119995117
4624,1,14.135393142700195
4624,2,14.012929916381836
4624,3,14.065978050231934
4624,4,10.09437370300293
4625,0,13.132946968078613
4625,1,12.88878345489502
4625,2,14.174176216125488
4625,3,12.688308715820312
4625,4,12.420638084411621
4626,0,10.047582626342773
4626,1,10.224355697631836
4626,2,11.950139045715332
4626,3,9.94996166229248
4626,4,9.37335205078125
4627,0,11.896650314331055
4627,1,12.716448783874512
4627,2,14.196041107177734
4627,3,7.56995964050293
4627,4,12.67641830444336
4628,0,14.324511528015137
4628,1,14.2489652633667
4628,2,13.17016887664795
4628,3,14.713751792907715
4628,4,14.110163688659668
4629,0,14.7256498336792
4629,1,12.867755889892578
4629,2,12.714346885681152
4629,3,14.757542610168457
4629,4,14.107298851013184
4630,0,11.810535430908203
4630,1,11.351280212402344
4630,2,11.763558387756348
4630,3,13.221343994140625
4630,4,11.276336669921875
4631,0,10.014114379882812
4631,1,10.762261390686035
4631,2,10.782018661499023
4631,3,9.42637825012207
4631,4,9.992009162902832
4632,0,11.140792846679688
4632,1,12.20914077758789
4632,2,14.12991714477539
4632,3,11.632770538330078
4632,4,10.569656372070312
4633,0,7.243924140930176
4633,1,10.111255645751953
4633,2,12.003826141357422
4633,3,10.81587028503418
4633,4,6.598911762237549
4634,0,12.958623886108398
4634,1,11.725702285766602
4634,2,13.889867782592773
4634,3,10.506072044372559
4634,4,14.276163101196289
4635,0,10.470508575439453
4635,1,9.160388946533203
4635,2,8.56621265411377
4635,3,9.992929458618164
4635,4,9.726415634155273
4636,0,14.512420654296875
4636,1,14.208874702453613
4636,2,12.237602233886719
4636,3,15.36751937866211
4636,4,12.275500297546387
4637,0,12.683966636657715
4637,1,12.797893524169922
4637,2,6.294738292694092
4637,3,11.472482681274414
4637,4,13.072331428527832
4638,0,11.611615180969238
4638,1,11.882869720458984
4638,2,11.689109802246094
4638,3,10.884153366088867
4638,4,12.061939239501953
4639,0,10.67617130279541
4639,1,10.02581787109375
4639,2,11.511882781982422
4639,3,9.712939262390137
4639,4,10.303624153137207
4640,0,11.587610244750977
4640,1,13.916325569152832
4640,2,15.060547828674316
4640,3,11.808281898498535
4640,4,11.999327659606934
4641,0,9.982361793518066
4641,1,11.68513011932373
4641,2,12.237958908081055
4641,3,9.61496353149414
4641,4,9.596391677856445
4642,0,8.039546012878418
4642,1,11.104090690612793
4642,2,3.267380714416504
4642,3,8.051389694213867
4642,4,8.884812355041504
4643,0,9.769326210021973
4643,1,9.345770835876465
4643,2,10.392120361328125
4643,3,11.068197250366211
4643,4,9.547262191772461
4644,0,6.7262725830078125
4644,1,8.471845626831055
4644,2,8.590902328491211
4644,3,6.674080848693848
4644,4,6.191487789154053
4645,0,10.502256393432617
4645,1,11.790410041809082
4645,2,12.673083305358887
4645,3,11.323220252990723
4645,4,10.674062728881836
4646,0,10.134937286376953
4646,1,10.547335624694824
4646,2,9.648914337158203
4646,3,9.01976490020752
4646,4,9.411441802978516
4647,0,10.012292861938477
4647,1,8.476256370544434
4647,2,8.177765846252441
4647,3,7.080581188201904
4647,4,7.763821125030518
4648,0,9.48489761352539
4648,1,11.740736961364746
4648,2,11.175525665283203
4648,3,10.590375900268555
4648,4,10.442659378051758
4649,0,11.274895668029785
4649,1,12.08263111114502
4649,2,12.379627227783203
4649,3,11.23862361907959
4649,4,11.015544891357422
4650,0,7.745429992675781
4650,1,7.349777698516846
4650,2,7.575128078460693
4650,3,5.288907527923584
4650,4,7.387272834777832
4651,0,7.327503204345703
4651,1,8.65375804901123
4651,2,8.06448745727539
4651,3,8.044987678527832
4651,4,7.797896385192871
4652,0,8.735541343688965
4652,1,7.867276191711426
4652,2,6.7099809646606445
4652,3,9.345839500427246
4652,4,9.302421569824219
4653,0,11.275626182556152
4653,1,11.79133415222168
4653,2,12.358818054199219
4653,3,10.813380241394043
4653,4,10.609106063842773
4654,0,15.648319244384766
4654,1,15.20698356628418
4654,2,15.469904899597168
4654,3,15.381027221679688
4654,4,15.923506736755371
4655,0,12.721796035766602
4655,1,12.364530563354492
4655,2,13.00592041015625
4655,3,12.734416007995605
4655,4,12.52025318145752
4656,0,10.512272834777832
4656,1,10.348963737487793
4656,2,10.03278636932373
4656,3,10.508196830749512
4656,4,10.3994722366333
4657,0,14.26590347290039
4657,1,13.894450187683105
4657,2,13.805658340454102
4657,3,12.713404655456543
4657,4,14.109806060791016
4658,0,12.349716186523438
4658,1,12.322127342224121
4658,2,12.064763069152832
4658,3,12.052116394042969
4658,4,12.063201904296875
4659,0,11.858682632446289
4659,1,15.143983840942383
4659,2,14.350701332092285
4659,3,12.877965927124023
4659,4,12.58666706085205
4660,0,10.692673683166504
4660,1,10.675298690795898
4660,2,9.550699234008789
4660,3,9.236263275146484
4660,4,10.573270797729492
4661,0,11.134225845336914
4661,1,11.371365547180176
4661,2,11.38514518737793
4661,3,12.089319229125977
4661,4,11.658344268798828
4662,0,11.601806640625
4662,1,11.969496726989746
4662,2,11.253308296203613
4662,3,10.856460571289062
4662,4,12.090302467346191
4663,0,8.730292320251465
4663,1,9.841930389404297
4663,2,9.877581596374512
4663,3,8.511459350585938
4663,4,9.09125804901123
4664,0,9.651952743530273
4664,1,9.205080032348633
4664,2,9.03738784790039
4664,3,8.543598175048828
4664,4,8.888894081115723
4665,0,9.372048377990723
4665,1,10.50637435913086
4665,2,11.23926830291748
4665,3,10.515554428100586
4665,4,9.578258514404297
4666,0,10.50976848602295
4666,1,14.087722778320312
4666,2,14.889691352844238
4666,3,11.321601867675781
4666,4,10.848688125610352
4667,0,7.027632713317871
4667,1,6.859686851501465
4667,2,7.49086332321167
4667,3,7.495089054107666
4667,4,7.239093780517578
4668,0,11.12452220916748
4668,1,11.607348442077637
4668,2,12.277888298034668
4668,3,11.379387855529785
4668,4,11.403796195983887
4669,0,9.281248092651367
4669,1,9.096162796020508
4669,2,8.582735061645508
4669,3,8.442032814025879
4669,4,8.712081909179688
4670,0,12.036654472351074
4670,1,11.072412490844727
4670,2,11.406890869140625
4670,3,11.731807708740234
4670,4,11.820030212402344
4671,0,8.211118698120117
4671,1,8.340312004089355
4671,2,7.443943023681641
4671,3,6.639429092407227
4671,4,7.570412635803223
4672,0,10.377044677734375
4672,1,11.570287704467773
4672,2,12.123443603515625
4672,3,10.178986549377441
4672,4,10.868698120117188
4673,0,12.200116157531738
4673,1,10.628697395324707
4673,2,11.054450035095215
4673,3,11.245617866516113
4673,4,11.965412139892578
4674,0,10.797235488891602
4674,1,12.23668384552002
4674,2,12.059459686279297
4674,3,10.076162338256836
4674,4,10.880270957946777
4675,0,12.823058128356934
4675,1,11.970484733581543
4675,2,12.81572437286377
4675,3,12.93745231628418
4675,4,14.398829460144043
4676,0,6.938628673553467
4676,1,9.287413597106934
4676,2,9.317267417907715
4676,3,6.917254447937012
4676,4,7.707769870758057
4677,0,7.553886890411377
4677,1,8.951858520507812
4677,2,9.131787300109863
4677,3,7.4489593505859375
4677,4,7.471861839294434
4678,0,11.139717102050781
4678,1,12.588153839111328
4678,2,11.605813980102539
4678,3,9.722636222839355
4678,4,11.076725959777832
4679,0,14.505599975585938
4679,1,15.307327270507812
4679,2,15.854395866394043
4679,3,14.242980003356934
4679,4,14.692825317382812
4680,0,10.616878509521484
4680,1,8.589911460876465
4680,2,9.795613288879395
4680,3,9.96861743927002
4680,4,9.868639945983887
4681,0,11.3069486618042
4681,1,11.537775039672852
4681,2,11.937239646911621
4681,3,10.922561645507812
4681,4,11.645878791809082
4682,0,14.29186725616455
4682,1,13.797245979309082
4682,2,14.136771202087402
4682,3,13.222648620605469
4682,4,14.094405174255371
4683,0,10.648868560791016
4683,1,10.768248558044434
4683,2,11.126385688781738
4683,3,11.406439781188965
4683,4,10.139803886413574
4684,0,12.015865325927734
4684,1,10.748431205749512
4684,2,10.825155258178711
4684,3,11.665980339050293
4684,4,12.015331268310547
4685,0,9.942564964294434
4685,1,11.010732650756836
4685,2,10.044388771057129
4685,3,11.06949234008789
4685,4,10.491211891174316
4686,0,4.9344024658203125
4686,1,7.512688636779785
4686,2,7.723330020904541
4686,3,5.570181846618652
4686,4,4.503468990325928
4687,0,7.525507926940918
4687,1,9.881256103515625
4687,2,8.867703437805176
4687,3,7.241899013519287
4687,4,8.10229206085205
4688,0,12.080937385559082
4688,1,12.375898361206055
4688,2,12.516256332397461
4688,3,12.072399139404297
4688,4,12.344084739685059
4689,0,10.488990783691406
4689,1,10.816034317016602
4689,2,10.103841781616211
4689,3,7.92116117477417
4689,4,11.829170227050781
4690,0,15.33102035522461
4690,1,15.78894329071045
4690,2,15.716897010803223
4690,3,15.258804321289062
4690,4,15.175789833068848
4691,0,8.316350936889648
4691,1,8.608406066894531
4691,2,6.748654842376709
4691,3,6.817144870758057
4691,4,7.963054656982422
4692,0,11.907784461975098
4692,1,11.274711608886719
4692,2,10.76706314086914
4692,3,10.837933540344238
4692,4,10.871084213256836
4693,0,8.309873580932617
4693,1,9.394288063049316
4693,2,9.610543251037598
4693,3,8.752418518066406
4693,4,8.560166358947754
4694,0,15.290360450744629
4694,1,14.21142578125
4694,2,14.678182601928711
4694,3,14.224553108215332
4694,4,15.284401893615723
4695,0,13.602334976196289
4695,1,15.000670433044434
4695,2,15.119048118591309
4695,3,12.214799880981445
4695,4,13.35886287689209
4696,0,11.921880722045898
4696,1,12.66197395324707
4696,2,11.903785705566406
4696,3,12.566145896911621
4696,4,12.657876014709473
4697,0,7.82872200012207
4697,1,12.871038436889648
4697,2,12.4087553024292
4697,3,7.91603946685791
4697,4,8.57075309753418
4698,0,14.47357177734375
4698,1,12.258538246154785
4698,2,12.30410099029541
4698,3,14.128596305847168
4698,4,13.78907585144043
4699,0,8.058686256408691
4699,1,15.471111297607422
4699,2,15.289196014404297
4699,3,7.217499256134033
4699,4,10.392709732055664
4700,0,11.439592361450195
4700,1,12.044126510620117
4700,2,12.635425567626953
4700,3,8.46523380279541
4700,4,11.81009292602539
4701,0,13.190872192382812
4701,1,13.296857833862305
4701,2,13.522253036499023
4701,3,13.16773796081543
4701,4,13.091001510620117
4702,0,9.970268249511719
4702,1,9.644344329833984
4702,2,8.440540313720703
4702,3,10.454277038574219
4702,4,10.077391624450684
4703,0,4.603567600250244
4703,1,8.101397514343262
4703,2,7.81109094619751
4703,3,-1.157896876335144
4703,4,3.8856000900268555
4704,0,12.090904235839844
4704,1,13.032795906066895
4704,2,12.786415100097656
4704,3,11.897579193115234
4704,4,11.477581977844238
4705,0,14.957588195800781
4705,1,13.9191255569458
4705,2,13.422584533691406
4705,3,13.834329605102539
4705,4,14.907283782958984
4706,0,6.152716159820557
4706,1,7.469025135040283
4706,2,7.655778408050537
4706,3,4.96692419052124
4706,4,5.152088165283203
4707,0,14.6165132522583
4707,1,13.127847671508789
4707,2,13.69240951538086
4707,3,13.591279983520508
4707,4,15.003765106201172
4708,0,11.238702774047852
4708,1,8.94677734375
4708,2,9.07884407043457
4708,3,10.309555053710938
4708,4,10.977994918823242
4709,0,9.357917785644531
4709,1,7.375926971435547
4709,2,8.370560646057129
4709,3,5.193946361541748
4709,4,7.771637439727783
4710,0,7.92341947555542
4710,1,11.067352294921875
4710,2,11.221829414367676
4710,3,10.58145523071289
4710,4,10.10138988494873
4711,0,11.947607040405273
4711,1,13.166240692138672
4711,2,13.227293968200684
4711,3,11.6459379196167
4711,4,11.994888305664062
4712,0,6.8358941078186035
4712,1,5.3650054931640625
4712,2,5.138173580169678
4712,3,6.450908660888672
4712,4,6.456231594085693
4713,0,12.311214447021484
4713,1,13.710740089416504
4713,2,13.483134269714355
4713,3,11.941671371459961
4713,4,12.325450897216797
4714,0,9.335001945495605
4714,1,11.428264617919922
4714,2,12.234118461608887
4714,3,9.284231185913086
4714,4,7.396513938903809
4715,0,9.27832317352295
4715,1,9.903923988342285
4715,2,10.774918556213379
4715,3,8.59089183807373
4715,4,10.5597562789917
4716,0,10.729711532592773
4716,1,12.7510986328125
4716,2,13.233515739440918
4716,3,11.527524948120117
4716,4,10.978476524353027
4717,0,12.327291488647461
4717,1,12.36154556274414
4717,2,12.332468032836914
4717,3,11.809015274047852
4717,4,12.192686080932617
4718,0,10.833230018615723
4718,1,12.582240104675293
4718,2,12.806899070739746
4718,3,9.583854675292969
4718,4,10.723060607910156
4719,0,10.900076866149902
4719,1,12.820096969604492
4719,2,13.15925407409668
4719,3,11.18240737915039
4719,4,11.85473918914795
4720,0,7.79293155670166
4720,1,9.78443717956543
4720,2,10.15782356262207
4720,3,7.696158409118652
4720,4,8.599915504455566
4721,0,9.471010208129883
4721,1,8.135932922363281
4721,2,11.292303085327148
4721,3,10.996167182922363
4721,4,10.256839752197266
4722,0,7.4011077880859375
4722,1,8.334379196166992
4722,2,8.338229179382324
4722,3,6.438359260559082
4722,4,7.637584686279297
4723,0,14.73170280456543
4723,1,15.197503089904785
4723,2,14.666549682617188
4723,3,13.88077163696289
4723,4,14.319971084594727
4724,0,10.795336723327637
4724,1,13.48859691619873
4724,2,14.367136001586914
4724,3,12.221796989440918
4724,4,11.417351722717285
4725,0,13.215677261352539
4725,1,10.80510139465332
4725,2,11.302173614501953
4725,3,11.34904670715332
4725,4,13.550605773925781
4726,0,11.98035717010498
4726,1,12.806917190551758
4726,2,12.881891250610352
4726,3,11.667041778564453
4726,4,11.149530410766602
4727,0,11.731077194213867
4727,1,11.97449779510498
4727,2,11.701187133789062
4727,3,11.14957046508789
4727,4,10.632299423217773
4728,0,4.760115623474121
4728,1,6.453265190124512
4728,2,6.2563605308532715
4728,3,6.499321937561035
4728,4,4.663912296295166
4729,0,11.78341007232666
4729,1,12.674962997436523
4729,2,12.212607383728027
4729,3,11.376751899719238
4729,4,11.82446002960205
4730,0,12.416356086730957
4730,1,12.795182228088379
4730,2,11.268936157226562
4730,3,11.140472412109375
4730,4,11.735661506652832
4731,0,6.817412376403809
4731,1,6.938445568084717
4731,2,8.315573692321777
4731,3,7.519917011260986
4731,4,6.2587432861328125
4732,0,12.433338165283203
4732,1,10.168974876403809
4732,2,9.260396957397461
4732,3,11.18862533569336
4732,4,10.78497314453125
4733,0,9.853666305541992
4733,1,11.327821731567383
4733,2,12.194696426391602
4733,3,10.280956268310547
4733,4,9.51998233795166
4734,0,8.351426124572754
4734,1,12.172165870666504
4734,2,11.382057189941406
4734,3,10.380764961242676
4734,4,9.002873420715332
4735,0,11.286717414855957
4735,1,12.874913215637207
4735,2,12.121756553649902
4735,3,9.657970428466797
4735,4,11.287277221679688
4736,0,11.369969367980957
4736,1,12.064775466918945
4736,2,11.71713924407959
4736,3,10.552840232849121
4736,4,11.79293441772461
4737,0,11.94340991973877
4737,1,13.418302536010742
4737,2,13.437225341796875
4737,3,12.23106575012207
4737,4,11.245662689208984
4738,0,12.138657569885254
4738,1,12.588054656982422
4738,2,12.333444595336914
4738,3,12.040253639221191
4738,4,11.774649620056152
4739,0,8.379706382751465
4739,1,9.51514720916748
4739,2,9.378823280334473
4739,3,8.120180130004883
4739,4,7.959721088409424
4740,0,10.254353523254395
4740,1,10.059249877929688
4740,2,9.222753524780273
4740,3,9.744571685791016
4740,4,10.649309158325195
4741,0,11.775249481201172
4741,1,12.536864280700684
4741,2,12.724331855773926
4741,3,11.694145202636719
4741,4,11.774724006652832
4742,0,14.321456909179688
4742,1,14.181431770324707
4742,2,14.458353042602539
4742,3,13.931713104248047
4742,4,14.432642936706543
4743,0,9.100255966186523
4743,1,11.877259254455566
4743,2,12.718034744262695
4743,3,8.76018238067627
4743,4,9.168304443359375
4744,0,11.606030464172363
4744,1,11.944052696228027
4744,2,12.603317260742188
4744,3,10.178648948669434
4744,4,12.548528671264648
4745,0,16.059377670288086
4745,1,14.556530952453613
4745,2,14.256272315979004
4745,3,15.068004608154297
4745,4,15.448920249938965
4746,0,14.959184646606445
4746,1,14.444877624511719
4746,2,14.56557846069336
4746,3,14.643699645996094
4746,4,15.022266387939453
4747,0,12.030844688415527
4747,1,12.081204414367676
4747,2,12.449578285217285
4747,3,12.376710891723633
4747,4,12.654911994934082
4748,0,8.857600212097168
4748,1,10.007317543029785
4748,2,10.833741188049316
4748,3,9.15816879272461
4748,4,11.012011528015137
4749,0,13.057209014892578
4749,1,14.98481273651123
4749,2,15.231057167053223
4749,3,13.638405799865723
4749,4,14.642294883728027
4750,0,8.27210521697998
4750,1,7.832055568695068
4750,2,7.927940845489502
4750,3,8.561531066894531
4750,4,8.542221069335938
4751,0,9.59571647644043
4751,1,9.793586730957031
4751,2,10.3341703414917
4751,3,10.251437187194824
4751,4,8.779298782348633
4752,0,11.613968849182129
4752,1,12.28426456451416
4752,2,11.627538681030273
4752,3,11.357535362243652
4752,4,11.705477714538574
4753,0,11.447847366333008
4753,1,10.617668151855469
4753,2,12.24518871307373
4753,3,11.248946189880371
4753,4,11.828261375427246
4754,0,9.917067527770996
4754,1,12.217683792114258
4754,2,12.356216430664062
4754,3,9.15977954864502
4754,4,9.923778533935547
4755,0,11.408321380615234
4755,1,11.882516860961914
4755,2,12.994959831237793
4755,3,11.54745101928711
4755,4,11.548913955688477
4756,0,10.344964981079102
4756,1,10.387195587158203
4756,2,10.20097541809082
4756,3,9.958352088928223
4756,4,10.494420051574707
4757,0,13.540355682373047
4757,1,12.404970169067383
4757,2,12.950616836547852
4757,3,10.950932502746582
4757,4,13.896753311157227
4758,0,12.764936447143555
4758,1,13.161750793457031
4758,2,11.925375938415527
4758,3,12.562642097473145
4758,4,13.163837432861328
4759,0,7.817509174346924
4759,1,9.29273796081543
4759,2,8.748247146606445
4759,3,7.786224365234375
4759,4,9.509666442871094
4760,0,7.048659801483154
4760,1,8.03946304321289
4760,2,8.217110633850098
4760,3,5.090826511383057
4760,4,6.7113423347473145
4761,0,6.579244613647461
4761,1,7.91127872467041
4761,2,7.925006866455078
4761,3,6.760959148406982
4761,4,6.816498279571533
4762,0,11.352359771728516
4762,1,8.657034873962402
4762,2,10.604496002197266
4762,3,10.422830581665039
4762,4,11.538352966308594
4763,0,7.296462535858154
4763,1,8.803783416748047
4763,2,8.70768928527832
4763,3,6.568312168121338
4763,4,7.003921031951904
4764,0,9.292265892028809
4764,1,9.413426399230957
4764,2,10.004888534545898
4764,3,7.328975677490234
4764,4,9.161520957946777
4765,0,9.94921875
4765,1,10.655058860778809
4765,2,10.994915962219238
4765,3,9.956304550170898
4765,4,10.119946479797363
4766,0,10.356368064880371
4766,1,9.02047348022461
4766,2,9.740607261657715
4766,3,9.961655616760254
4766,4,10.843832015991211
4767,0,5.769021511077881
4767,1,11.386531829833984
4767,2,11.478283882141113
4767,3,5.062971115112305
4767,4,9.297309875488281
4768,0,13.094429969787598
4768,1,12.87621784210205
4768,2,14.89808464050293
4768,3,11.530176162719727
4768,4,11.890233039855957
4769,0,7.990817070007324
4769,1,9.442997932434082
4769,2,9.697158813476562
4769,3,9.214786529541016
4769,4,9.229080200195312
4770,0,10.972392082214355
4770,1,11.573128700256348
4770,2,10.513153076171875
4770,3,10.670002937316895
4770,4,11.39225959777832
4771,0,9.017617225646973
4771,1,8.626263618469238
4771,2,9.608399391174316
4771,3,7.777759552001953
4771,4,9.335233688354492
4772,0,13.717813491821289
4772,1,13.531900405883789
4772,2,13.05429744720459
4772,3,13.29859733581543
4772,4,13.933432579040527
4773,0,15.04069995880127
4773,1,15.212393760681152
4773,2,15.154316902160645
4773,3,14.332687377929688
4773,4,14.827959060668945
4774,0,4.672852039337158
4774,1,6.757300853729248
4774,2,8.029518127441406
4774,3,5.836767673492432
4774,4,6.396605014801025
4775,0,9.013044357299805
4775,1,7.514255523681641
4775,2,10.742137908935547
4775,3,1.905213713645935
4775,4,9.050080299377441
4776,0,13.035377502441406
4776,1,12.815420150756836
4776,2,12.48608112335205
4776,3,11.258865356445312
4776,4,12.05248737335205
4777,0,5.3739237785339355
4777,1,8.127823829650879
4777,2,8.956476211547852
4777,3,6.221721649169922
4777,4,6.512418746948242
4778,0,7.299203395843506
4778,1,8.194794654846191
4778,2,7.7525315284729
4778,3,8.22413444519043
4778,4,7.805973052978516
4779,0,12.248600959777832
4779,1,11.653617858886719
4779,2,13.079916000366211
4779,3,13.357250213623047
4779,4,13.671509742736816
4780,0,5.437335968017578
4780,1,9.0269193649292
4780,2,7.532469749450684
4780,3,6.64612340927124
4780,4,4.973341941833496
4781,0,9.684103012084961
4781,1,11.455953598022461
4781,2,11.285330772399902
4781,3,10.320367813110352
4781,4,10.391304969787598
4782,0,12.35605525970459
4782,1,11.641244888305664
4782,2,12.820281982421875
4782,3,11.9008207321167
4782,4,11.765802383422852
4783,0,10.33456802368164
4783,1,12.45754337310791
4783,2,11.927058219909668
4783,3,9.72609806060791
4783,4,11.951025009155273
4784,0,10.41454029083252
4784,1,13.752213478088379
4784,2,14.067987442016602
4784,3,11.295208930969238
4784,4,10.774096488952637
4785,0,12.359601020812988
4785,1,13.866912841796875
4785,2,13.369342803955078
4785,3,11.758441925048828
4785,4,11.679512023925781
4786,0,11.924001693725586
4786,1,10.945252418518066
4786,2,11.122355461120605
4786,3,9.849233627319336
4786,4,11.687538146972656
4787,0,7.843605995178223
4787,1,12.036181449890137
4787,2,11.725263595581055
4787,3,9.005167007446289
4787,4,7.908684730529785
4788,0,14.237527847290039
4788,1,11.515957832336426
4788,2,12.35595417022705
4788,3,10.396642684936523
4788,4,14.445816040039062
4789,0,9.50091552734375
4789,1,12.868250846862793
4789,2,13.059370040893555
4789,3,8.756836891174316
4789,4,14.285123825073242
4790,0,8.214254379272461
4790,1,10.404717445373535
4790,2,9.684192657470703
4790,3,9.703272819519043
4790,4,9.064651489257812
4791,0,13.103580474853516
4791,1,11.668766021728516
4791,2,12.863371849060059
4791,3,11.305941581726074
4791,4,14.255391120910645
4792,0,8.181594848632812
4792,1,11.627951622009277
4792,2,12.04617691040039
4792,3,5.9265899658203125
4792,4,9.659822463989258
4793,0,4.374082565307617
4793,1,9.579383850097656
4793,2,10.97903060913086
4793,3,1.9083428382873535
4793,4,5.900566577911377
4794,0,9.84872817993164
4794,1,8.199378967285156
4794,2,7.868154525756836
4794,3,10.063159942626953
4794,4,9.958414077758789
4795,0,13.727023124694824
4795,1,12.514081954956055
4795,2,13.896329879760742
4795,3,13.310762405395508
4795,4,13.545622825622559
4796,0,10.230972290039062
4796,1,14.09730052947998
4796,2,12.991751670837402
4796,3,13.292533874511719
4796,4,10.839797973632812
4797,0,10.80068302154541
4797,1,12.453437805175781
4797,2,9.304515838623047
4797,3,10.963940620422363
4797,4,10.421263694763184
4798,0,12.029126167297363
4798,1,10.113115310668945
4798,2,10.247884750366211
4798,3,10.114192008972168
4798,4,11.091941833496094
4799,0,13.671485900878906
4799,1,13.050641059875488
4799,2,12.59066390991211
4799,3,12.863103866577148
4799,4,13.551036834716797
4800,0,10.510692596435547
4800,1,11.973424911499023
4800,2,11.059216499328613
4800,3,10.35899543762207
4800,4,11.261658668518066
4801,0,6.424099922180176
4801,1,6.9834794998168945
4801,2,7.126073360443115
4801,3,6.418680191040039
4801,4,6.754683971405029
4802,0,14.705503463745117
4802,1,14.111077308654785
4802,2,14.04066276550293
4802,3,14.189996719360352
4802,4,14.075812339782715
4803,0,11.726540565490723
4803,1,13.61020278930664
4803,2,13.958453178405762
4803,3,10.42739200592041
4803,4,11.640583038330078
4804,0,9.286445617675781
4804,1,11.29267692565918
4804,2,11.374035835266113
4804,3,10.373334884643555
4804,4,9.309733390808105
4805,0,12.466922760009766
4805,1,11.229593276977539
4805,2,10.596409797668457
4805,3,11.993843078613281
4805,4,12.090967178344727
4806,0,10.526598930358887
4806,1,11.631373405456543
4806,2,11.853131294250488
4806,3,10.48278522491455
4806,4,10.49980354309082
4807,0,9.463934898376465
4807,1,7.782830238342285
4807,2,8.487736701965332
4807,3,6.498168468475342
4807,4,7.2281174659729
4808,0,11.627408981323242
4808,1,9.80262565612793
4808,2,9.163965225219727
4808,3,11.001132011413574
4808,4,10.97805118560791
4809,0,7.5990729331970215
4809,1,8.755758285522461
4809,2,6.161083698272705
4809,3,7.872770309448242
4809,4,7.966076374053955
4810,0,11.655806541442871
4810,1,10.850726127624512
4810,2,11.339749336242676
4810,3,10.825178146362305
4810,4,11.236632347106934
4811,0,14.99791145324707
4811,1,15.11767292022705
4811,2,15.435844421386719
4811,3,15.078838348388672
4811,4,15.3435697555542
4812,0,9.413934707641602
4812,1,5.9569220542907715
4812,2,5.664909839630127
4812,3,8.530375480651855
4812,4,7.7190046310424805
4813,0,12.029627799987793
4813,1,12.686126708984375
4813,2,12.634429931640625
4813,3,11.945192337036133
4813,4,12.504902839660645
4814,0,4.926514625549316
4814,1,6.502663612365723
4814,2,4.90559720993042
4814,3,4.284472942352295
4814,4,4.406783580780029
4815,0,12.835799217224121
4815,1,14.354701042175293
4815,2,13.50903034210205
4815,3,12.088464736938477
4815,4,13.107925415039062
4816,0,12.490134239196777
4816,1,12.429165840148926
4816,2,11.966036796569824
4816,3,12.635703086853027
4816,4,12.219651222229004
4817,0,15.235998153686523
4817,1,15.324193000793457
4817,2,15.61670970916748
4817,3,14.827582359313965
4817,4,14.871134757995605
4818,0,9.307931900024414
4818,1,14.297782897949219
4818,2,14.168374061584473
4818,3,8.600807189941406
4818,4,9.734439849853516
4819,0,7.3491621017456055
4819,1,12.40427017211914
4819,2,11.251656532287598
4819,3,8.72653865814209
4819,4,6.577693462371826
4820,0,11.961783409118652
4820,1,11.148820877075195
4820,2,10.206274032592773
4820,3,11.325645446777344
4820,4,12.041146278381348
4821,0,9.062383651733398
4821,1,8.854513168334961
4821,2,9.503031730651855
4821,3,8.328917503356934
4821,4,8.949930191040039
4822,0,6.393740653991699
4822,1,11.10749340057373
4822,2,10.958099365234375
4822,3,8.243277549743652
4822,4,7.654904365539551
4823,0,15.168105125427246
4823,1,11.761439323425293
4823,2,11.78514289855957
4823,3,13.830780982971191
4823,4,14.470783233642578
4824,0,7.409725666046143
4824,1,10.981404304504395
4824,2,10.491881370544434
4824,3,7.865933895111084
4824,4,7.380722999572754
4825,0,10.200124740600586
4825,1,9.967597961425781
4825,2,10.020746231079102
4825,3,11.806312561035156
4825,4,9.036428451538086
4826,0,14.907478332519531
4826,1,15.90522289276123
4826,2,16.048391342163086
4826,3,14.975425720214844
4826,4,14.199832916259766
4827,0,10.773404121398926
4827,1,11.14719295501709
4827,2,10.96202564239502
4827,3,12.085274696350098
4827,4,10.865312576293945
4828,0,8.889946937561035
4828,1,9.834593772888184
4828,2,9.855817794799805
4828,3,9.314017295837402
4828,4,9.130460739135742
4829,0,10.079435348510742
4829,1,11.626765251159668
4829,2,11.558603286743164
4829,3,9.429240226745605
4829,4,10.51293659210205
4830,0,8.391374588012695
4830,1,8.775869369506836
4830,2,9.007949829101562
4830,3,8.749551773071289
4830,4,8.762460708618164
4831,0,7.66754150390625
4831,1,8.544483184814453
4831,2,8.218806266784668
4831,3,7.967639923095703
4831,4,8.129918098449707
4832,0,9.843320846557617
4832,1,11.378032684326172
4832,2,12.103466033935547
4832,3,9.105990409851074
4832,4,10.288708686828613
4833,0,9.843579292297363
4833,1,11.458784103393555
4833,2,10.822908401489258
4833,3,10.178714752197266
4833,4,9.731038093566895
4834,0,6.63511848449707
4834,1,10.095427513122559
4834,2,10.592291831970215
4834,3,7.420037269592285
4834,4,5.659082889556885
4835,0,6.551314353942871
4835,1,8.5792236328125
4835,2,8.890827178955078
4835,3,8.292189598083496
4835,4,6.221192836761475
4836,0,13.218072891235352
4836,1,14.132974624633789
4836,2,14.856410026550293
4836,3,14.197617530822754
4836,4,13.900842666625977
4837,0,12.115762710571289
4837,1,11.526093482971191
4837,2,11.149399757385254
4837,3,11.333242416381836
4837,4,12.854406356811523
4838,0,10.189350128173828
4838,1,10.02144718170166
4838,2,11.83856201171875
4838,3,8.585968971252441
4838,4,10.338996887207031
4839,0,9.357937812805176
4839,1,12.221296310424805
4839,2,12.109328269958496
4839,3,8.226635932922363
4839,4,9.449357032775879
4840,0,10.955269813537598
4840,1,10.16726303100586
4840,2,9.621604919433594
4840,3,9.161848068237305
4840,4,11.01913833618164
4841,0,3.190638780593872
4841,1,9.37912654876709
4841,2,9.718050956726074
4841,3,7.466895580291748
4841,4,4.588738441467285
4842,0,8.616174697875977
4842,1,8.635404586791992
4842,2,9.013484001159668
4842,3,8.206607818603516
4842,4,10.106825828552246
4843,0,8.932787895202637
4843,1,9.287113189697266
4843,2,9.544852256774902
4843,3,7.521341800689697
4843,4,9.135679244995117
4844,0,10.803960800170898
4844,1,12.361932754516602
4844,2,11.680171966552734
4844,3,10.47244930267334
4844,4,10.94003963470459
4845,0,5.958930492401123
4845,1,7.294745445251465
4845,2,8.000000953674316
4845,3,5.230066776275635
4845,4,5.125700950622559
4846,0,11.238938331604004
4846,1,13.054869651794434
4846,2,13.348472595214844
4846,3,11.266819953918457
4846,4,11.65534782409668
4847,0,11.983237266540527
4847,1,12.63514518737793
4847,2,13.392400741577148
4847,3,11.749567985534668
4847,4,12.723055839538574
4848,0,13.4570951461792
4848,1,14.350255012512207
4848,2,13.696929931640625
4848,3,13.744392395019531
4848,4,13.456029891967773
4849,0,14.510404586791992
4849,1,13.760318756103516
4849,2,14.596874237060547
4849,3,14.3525390625
4849,4,14.360893249511719
4850,0,12.297855377197266
4850,1,11.222528457641602
4850,2,11.441890716552734
4850,3,10.995586395263672
4850,4,12.117132186889648
4851,0,11.480066299438477
4851,1,12.991767883300781
4851,2,13.57496452331543
4851,3,11.309605598449707
4851,4,12.217198371887207
4852,0,6.259151458740234
4852,1,2.769430160522461
4852,2,5.226079940795898
4852,3,4.318353176116943
4852,4,6.8403801918029785
4853,0,10.364730834960938
4853,1,11.391091346740723
4853,2,10.768133163452148
4853,3,10.44913101196289
4853,4,10.46633529663086
4854,0,10.457592010498047
4854,1,11.563615798950195
4854,2,8.998566627502441
4854,3,11.071943283081055
4854,4,10.508700370788574
4855,0,12.837587356567383
4855,1,13.187084197998047
4855,2,13.594610214233398
4855,3,12.776309967041016
4855,4,13.325485229492188
4856,0,11.951178550720215
4856,1,11.940844535827637
4856,2,11.611000061035156
4856,3,11.070990562438965
4856,4,12.231522560119629
4857,0,11.56374740600586
4857,1,11.934786796569824
4857,2,11.187169075012207
4857,3,11.865955352783203
4857,4,12.918173789978027
4858,0,7.744058132171631
4858,1,9.826216697692871
4858,2,11.355828285217285
4858,3,8.510046005249023
4858,4,9.223809242248535
4859,0,11.008230209350586
4859,1,12.09022331237793
4859,2,12.09877872467041
4859,3,10.979812622070312
4859,4,10.355951309204102
4860,0,9.035812377929688
4860,1,10.556657791137695
4860,2,10.807760238647461
4860,3,8.458773612976074
4860,4,9.275457382202148
4861,0,11.763330459594727
4861,1,13.121612548828125
4861,2,13.717799186706543
4861,3,11.409647941589355
4861,4,11.370613098144531
4862,0,9.165349960327148
4862,1,12.121241569519043
4862,2,11.265707015991211
4862,3,8.914108276367188
4862,4,8.716273307800293
4863,0,11.61463451385498
4863,1,11.611227035522461
4863,2,11.854972839355469
4863,3,10.103707313537598
4863,4,10.970067024230957
4864,0,10.39014720916748
4864,1,9.66927433013916
4864,2,9.421247482299805
4864,3,10.193800926208496
4864,4,10.443131446838379
4865,0,11.40865707397461
4865,1,11.173150062561035
4865,2,11.547554016113281
4865,3,10.992205619812012
4865,4,12.429694175720215
4866,0,14.059927940368652
4866,1,14.019381523132324
4866,2,14.828255653381348
4866,3,14.098343849182129
4866,4,14.440099716186523
4867,0,12.713298797607422
4867,1,15.278885841369629
4867,2,15.775754928588867
4867,3,13.48957347869873
4867,4,12.666960716247559
4868,0,15.272058486938477
4868,1,14.29493522644043
4868,2,14.81344985961914
4868,3,14.176867485046387
4868,4,14.674736976623535
4869,0,10.229423522949219
4869,1,11.690595626831055
4869,2,11.828980445861816
4869,3,9.446369171142578
4869,4,9.938770294189453
4870,0,10.53656005859375
4870,1,13.38038444519043
4870,2,4.209430694580078
4870,3,11.623736381530762
4870,4,11.329073905944824
4871,0,10.725685119628906
4871,1,11.443952560424805
4871,2,11.473098754882812
4871,3,10.91196346282959
4871,4,11.719959259033203
4872,0,9.342917442321777
4872,1,10.375701904296875
4872,2,10.148094177246094
4872,3,10.912185668945312
4872,4,11.172898292541504
4873,0,7.553104400634766
4873,1,10.441351890563965
4873,2,10.649007797241211
4873,3,7.768773555755615
4873,4,8.340887069702148
4874,0,9.918094635009766
4874,1,9.918475151062012
4874,2,10.220365524291992
4874,3,8.875744819641113
4874,4,9.87302017211914
4875,0,14.11506462097168
4875,1,13.739880561828613
4875,2,13.88523006439209
4875,3,13.610380172729492
4875,4,14.164950370788574
4876,0,12.008014678955078
4876,1,13.093717575073242
4876,2,14.544540405273438
4876,3,12.462806701660156
4876,4,12.526787757873535
4877,0,10.422703742980957
4877,1,11.339466094970703
4877,2,11.466202735900879
4877,3,9.863978385925293
4877,4,11.66001033782959
4878,0,11.478952407836914
4878,1,12.520259857177734
4878,2,10.743062019348145
4878,3,10.656108856201172
4878,4,11.47766399383545
4879,0,14.096611976623535
4879,1,12.562514305114746
4879,2,12.019225120544434
4879,3,11.92597484588623
4879,4,12.39867115020752
4880,0,12.344141006469727
4880,1,11.108391761779785
4880,2,11.486394882202148
4880,3,11.671398162841797
4880,4,12.544849395751953
4881,0,5.162460803985596
4881,1,7.451168060302734
4881,2,8.149470329284668
4881,3,5.749129772186279
4881,4,6.392273426055908
4882,0,15.871379852294922
4882,1,16.01715660095215
4882,2,15.900500297546387
4882,3,15.640111923217773
4882,4,15.822366714477539
4883,0,11.18282413482666
4883,1,11.257519721984863
4883,2,12.460017204284668
4883,3,10.850593566894531
4883,4,11.093149185180664
4884,0,6.398621082305908
4884,1,8.216142654418945
4884,2,7.419312000274658
4884,3,6.148240566253662
4884,4,6.382842540740967
4885,0,7.510876655578613
4885,1,10.985499382019043
4885,2,13.840505599975586
4885,3,9.02320671081543
4885,4,10.206298828125
4886,0,13.43145751953125
4886,1,13.921313285827637
4886,2,15.132013320922852
4886,3,12.015151023864746
4886,4,13.569697380065918
4887,0,12.454395294189453
4887,1,11.129888534545898
4887,2,13.03536605834961
4887,3,11.440004348754883
4887,4,12.236865043640137
4888,0,7.948680400848389
4888,1,7.493595123291016
4888,2,7.381577491760254
4888,3,7.367947101593018
4888,4,8.205801010131836
4889,0,7.5830464363098145
4889,1,11.806282043457031
4889,2,10.598862648010254
4889,3,8.896723747253418
4889,4,8.306281089782715
4890,0,11.298354148864746
4890,1,13.098783493041992
4890,2,13.298693656921387
4890,3,12.470048904418945
4890,4,12.191250801086426
4891,0,10.621362686157227
4891,1,9.802351951599121
4891,2,8.553316116333008
4891,3,10.397168159484863
4891,4,11.157182693481445
4892,0,11.532408714294434
4892,1,14.367173194885254
4892,2,13.881827354431152
4892,3,14.306989669799805
4892,4,12.142215728759766
4893,0,7.4834699630737305
4893,1,8.834120750427246
4893,2,8.87756633758545
4893,3,6.728662967681885
4893,4,7.422827243804932
4894,0,11.952829360961914
4894,1,13.559713363647461
4894,2,13.898362159729004
4894,3,11.510507583618164
4894,4,12.54129695892334
4895,0,4.381644248962402
4895,1,6.439929008483887
4895,2,6.338219165802002
4895,3,3.770587921142578
4895,4,3.778827667236328
4896,0,13.845256805419922
4896,1,13.729349136352539
4896,2,13.753623962402344
4896,3,13.973012924194336
4896,4,13.707058906555176
4897,0,12.197527885437012
4897,1,15.340173721313477
4897,2,15.216815948486328
4897,3,12.778552055358887
4897,4,12.191762924194336
4898,0,7.711195468902588
4898,1,8.606696128845215
4898,2,9.430006980895996
4898,3,7.043872833251953
4898,4,8.044856071472168
4899,0,10.738494873046875
4899,1,12.995218276977539
4899,2,11.644082069396973
4899,3,11.241771697998047
4899,4,11.41321086883545
4900,0,9.914620399475098
4900,1,13.222168922424316
4900,2,12.566283226013184
4900,3,11.48197078704834
4900,4,10.858044624328613
4901,0,11.28222942352295
4901,1,10.934752464294434
4901,2,10.683634757995605
4901,3,11.941205024719238
4901,4,11.344585418701172
4902,0,12.313108444213867
4902,1,11.15143871307373
4902,2,11.575150489807129
4902,3,11.28536605834961
4902,4,10.848504066467285
4903,0,10.13265323638916
4903,1,10.48555850982666
4903,2,9.907878875732422
4903,3,10.203164100646973
4903,4,10.37407398223877
4904,0,8.629220008850098
4904,1,8.824393272399902
4904,2,9.888895988464355
4904,3,7.474284648895264
4904,4,8.647552490234375
4905,0,11.996438026428223
4905,1,12.88270092010498
4905,2,11.519227027893066
4905,3,12.925514221191406
4905,4,12.478182792663574
4906,0,12.196759223937988
4906,1,12.675286293029785
4906,2,9.744013786315918
4906,3,12.992318153381348
4906,4,11.084881782531738
4907,0,10.685032844543457
4907,1,10.154998779296875
4907,2,10.429630279541016
4907,3,11.300890922546387
4907,4,11.439647674560547
4908,0,12.8646240234375
4908,1,12.560975074768066
4908,2,13.183601379394531
4908,3,10.863232612609863
4908,4,12.563952445983887
4909,0,10.170577049255371
4909,1,8.906534194946289
4909,2,10.348969459533691
4909,3,10.160834312438965
4909,4,9.866679191589355
4910,0,7.961986541748047
4910,1,9.132265090942383
4910,2,8.923697471618652
4910,3,8.512375831604004
4910,4,8.407958984375
4911,0,13.98869800567627
4911,1,13.64438533782959
4911,2,13.283638000488281
4911,3,14.181535720825195
4911,4,14.256044387817383
4912,0,13.670278549194336
4912,1,13.561694145202637
4912,2,13.203731536865234
4912,3,13.720198631286621
4912,4,13.109567642211914
4913,0,13.204792022705078
4913,1,14.456175804138184
4913,2,12.128926277160645
4913,3,13.18135929107666
4913,4,13.284745216369629
4914,0,9.632244110107422
4914,1,9.214996337890625
4914,2,9.038765907287598
4914,3,8.43130874633789
4914,4,11.0315523147583
4915,0,10.163756370544434
4915,1,10.504073143005371
4915,2,10.68276596069336
4915,3,13.035789489746094
4915,4,10.080792427062988
4916,0,12.962818145751953
4916,1,14.979203224182129
4916,2,14.933914184570312
4916,3,13.115765571594238
4916,4,13.149035453796387
4917,0,13.20610523223877
4917,1,10.305900573730469
4917,2,11.388051986694336
4917,3,14.901753425598145
4917,4,12.996857643127441
4918,0,9.049843788146973
4918,1,13.216233253479004
4918,2,10.972077369689941
4918,3,10.510435104370117
4918,4,11.504594802856445
4919,0,14.09291934967041
4919,1,14.659624099731445
4919,2,15.314948081970215
4919,3,13.600768089294434
4919,4,14.543182373046875
4920,0,11.611737251281738
4920,1,12.931811332702637
4920,2,12.5884370803833
4920,3,11.142367362976074
4920,4,11.972393989562988
4921,0,11.16401481628418
4921,1,11.11448860168457
4921,2,10.806417465209961
4921,3,10.281956672668457
4921,4,10.583905220031738
4922,0,7.4193501472473145
4922,1,9.223840713500977
4922,2,8.464493751525879
4922,3,7.854719638824463
4922,4,7.44683313369751
4923,0,11.604351997375488
4923,1,10.580907821655273
4923,2,11.015361785888672
4923,3,10.180625915527344
4923,4,11.479804039001465
4924,0,11.619312286376953
4924,1,11.37544059753418
4924,2,12.010831832885742
4924,3,11.535569190979004
4924,4,11.307452201843262
4925,0,10.564900398254395
4925,1,13.06643295288086
4925,2,13.65499496459961
4925,3,11.555159568786621
4925,4,11.347110748291016
4926,0,11.09747314453125
4926,1,9.981988906860352
4926,2,9.499175071716309
4926,3,11.76303768157959
4926,4,11.287215232849121
4927,0,6.2391839027404785
4927,1,7.391601085662842
4927,2,9.622034072875977
4927,3,4.715368270874023
4927,4,6.543631553649902
4928,0,8.968770980834961
4928,1,10.027815818786621
4928,2,9.809267044067383
4928,3,9.19268798828125
4928,4,10.391144752502441
4929,0,11.040670394897461
4929,1,12.817809104919434
4929,2,11.933478355407715
4929,3,10.958334922790527
4929,4,11.028858184814453
4930,0,9.97434139251709
4930,1,10.19384765625
4930,2,10.480024337768555
4930,3,9.739721298217773
4930,4,10.410412788391113
4931,0,10.471026420593262
4931,1,12.21334457397461
4931,2,12.639264106750488
4931,3,11.210914611816406
4931,4,10.530301094055176
4932,0,10.954204559326172
4932,1,10.231953620910645
4932,2,10.483832359313965
4932,3,11.095537185668945
4932,4,10.978602409362793
4933,0,10.323113441467285
4933,1,9.768631935119629
4933,2,10.153985023498535
4933,3,10.521623611450195
4933,4,9.99646282196045
4934,0,9.777436256408691
4934,1,9.780191421508789
4934,2,10.681795120239258
4934,3,7.954019069671631
4934,4,9.711601257324219
4935,0,9.355103492736816
4935,1,10.77247428894043
4935,2,10.702996253967285
4935,3,9.302572250366211
4935,4,9.689913749694824
4936,0,11.391051292419434
4936,1,10.99368667602539
4936,2,11.327413558959961
4936,3,10.882396697998047
4936,4,12.36638069152832
4937,0,13.68423080444336
4937,1,11.699997901916504
4937,2,12.465753555297852
4937,3,14.934246063232422
4937,4,13.201770782470703
4938,0,13.782997131347656
4938,1,12.267715454101562
4938,2,12.573705673217773
4938,3,12.80929946899414
4938,4,13.35412883758545
4939,0,13.306560516357422
4939,1,13.902969360351562
4939,2,14.186464309692383
4939,3,12.600993156433105
4939,4,13.500785827636719
4940,0,12.470624923706055
4940,1,13.649613380432129
4940,2,13.850790023803711
4940,3,11.536107063293457
4940,4,12.573058128356934
4941,0,13.452849388122559
4941,1,12.58729076385498
4941,2,10.898869514465332
4941,3,12.10416316986084
4941,4,13.443803787231445
4942,0,13.224627494812012
4942,1,13.671258926391602
4942,2,14.122537612915039
4942,3,13.259971618652344
4942,4,13.218029975891113
4943,0,11.004085540771484
4943,1,11.170402526855469
4943,2,11.37147045135498
4943,3,9.668569564819336
4943,4,10.500907897949219
4944,0,9.314193725585938
4944,1,9.439308166503906
4944,2,10.331978797912598
4944,3,8.989389419555664
4944,4,9.051106452941895
4945,0,12.91637134552002
4945,1,11.97131633758545
4945,2,14.103894233703613
4945,3,12.472297668457031
4945,4,12.591039657592773
4946,0,10.879361152648926
4946,1,11.082243919372559
4946,2,11.410713195800781
4946,3,9.577102661132812
4946,4,9.17703914642334
4947,0,10.525003433227539
4947,1,11.388596534729004
4947,2,12.448058128356934
4947,3,10.518239974975586
4947,4,10.466721534729004
4948,0,11.752817153930664
4948,1,12.326098442077637
4948,2,12.38636589050293
4948,3,12.144972801208496
4948,4,11.906641960144043
4949,0,8.00113582611084
4949,1,9.693746566772461
4949,2,9.692139625549316
4949,3,8.108475685119629
4949,4,9.656444549560547
4950,0,11.714774131774902
4950,1,13.01821231842041
4950,2,13.839963912963867
4950,3,11.787138938903809
4950,4,11.364730834960938
4951,0,10.71507453918457
4951,1,9.554579734802246
4951,2,10.19693660736084
4951,3,9.570324897766113
4951,4,10.689414024353027
4952,0,7.4970269203186035
4952,1,8.469205856323242
4952,2,7.748344898223877
4952,3,8.218897819519043
4952,4,7.644030570983887
4953,0,9.031391143798828
4953,1,8.78571891784668
4953,2,9.395259857177734
4953,3,9.231043815612793
4953,4,9.395343780517578
4954,0,13.710684776306152
4954,1,14.306824684143066
4954,2,14.616748809814453
4954,3,13.005525588989258
4954,4,14.097574234008789
4955,0,9.814497947692871
4955,1,10.823049545288086
4955,2,10.046778678894043
4955,3,10.231632232666016
4955,4,10.388924598693848
4956,0,13.896327018737793
4956,1,13.57158374786377
4956,2,15.038055419921875
4956,3,12.982240676879883
4956,4,14.329479217529297
4957,0,10.447285652160645
4957,1,9.995076179504395
4957,2,9.790480613708496
4957,3,9.837349891662598
4957,4,10.186511993408203
4958,0,11.340031623840332
4958,1,12.12536334991455
4958,2,13.237156867980957
4958,3,11.251872062683105
4958,4,11.679747581481934
4959,0,13.781991004943848
4959,1,14.154512405395508
4959,2,14.443503379821777
4959,3,13.855744361877441
4959,4,13.884039878845215
4960,0,4.1162261962890625
4960,1,6.807528018951416
4960,2,4.297979831695557
4960,3,3.3535072803497314
4960,4,3.64595627784729
4961,0,7.12620735168457
4961,1,8.588349342346191
4961,2,8.974166870117188
4961,3,7.19530725479126
4961,4,6.81500768661499
4962,0,13.050554275512695
4962,1,15.435518264770508
4962,2,15.478792190551758
4962,3,13.120917320251465
4962,4,13.813222885131836
4963,0,14.059732437133789
4963,1,14.032960891723633
4963,2,12.80833911895752
4963,3,13.826327323913574
4963,4,13.998711585998535
4964,0,9.287049293518066
4964,1,12.400884628295898
4964,2,11.930352210998535
4964,3,9.820569038391113
4964,4,9.869985580444336
4965,0,9.07478141784668
4965,1,9.19897174835205
4965,2,10.035280227661133
4965,3,8.34653377532959
4965,4,9.475443840026855
4966,0,10.209229469299316
4966,1,10.56322193145752
4966,2,10.657995223999023
4966,3,10.704216957092285
4966,4,11.529032707214355
4967,0,10.64592456817627
4967,1,11.041598320007324
4967,2,11.850313186645508
4967,3,10.02225399017334
4967,4,10.698065757751465
4968,0,15.399551391601562
4968,1,15.956917762756348
4968,2,15.636170387268066
4968,3,15.522104263305664
4968,4,15.609501838684082
4969,0,13.839561462402344
4969,1,13.380571365356445
4969,2,13.535530090332031
4969,3,13.869649887084961
4969,4,13.835275650024414
4970,0,7.909126281738281
4970,1,7.687878131866455
4970,2,6.385010719299316
4970,3,5.809664249420166
4970,4,6.968958854675293
4971,0,7.88043737411499
4971,1,6.94164514541626
4971,2,8.398777961730957
4971,3,7.247507572174072
4971,4,8.239411354064941
4972,0,9.195480346679688
4972,1,8.602544784545898
4972,2,9.07847785949707
4972,3,8.211874961853027
4972,4,9.643448829650879
4973,0,7.079630374908447
4973,1,6.235391139984131
4973,2,5.593884468078613
4973,3,8.752971649169922
4973,4,7.774596214294434
4974,0,11.912025451660156
4974,1,11.680330276489258
4974,2,11.94090747833252
4974,3,12.959123611450195
4974,4,11.940510749816895
4975,0,14.234357833862305
4975,1,14.830240249633789
4975,2,15.090499877929688
4975,3,13.543010711669922
4975,4,14.024592399597168
4976,0,13.141020774841309
4976,1,14.778099060058594
4976,2,14.865653038024902
4976,3,13.699543952941895
4976,4,13.575738906860352
4977,0,8.315646171569824
4977,1,9.77396297454834
4977,2,8.305325508117676
4977,3,7.8035101890563965
4977,4,8.157072067260742
4978,0,9.961711883544922
4978,1,10.139819145202637
4978,2,10.572466850280762
4978,3,10.133611679077148
4978,4,10.825200080871582
4979,0,14.545132637023926
4979,1,10.539312362670898
4979,2,13.648510932922363
4979,3,14.255993843078613
4979,4,15.52063274383545
4980,0,8.049793243408203
4980,1,8.99602222442627
4980,2,9.326746940612793
4980,3,6.902889728546143
4980,4,8.52892017364502
4981,0,10.979266166687012
4981,1,12.16135311126709
4981,2,11.071574211120605
4981,3,9.565472602844238
4981,4,11.541015625
4982,0,11.04594612121582
4982,1,11.71384048461914
4982,2,12.10826587677002
4982,3,9.829917907714844
4982,4,11.540691375732422
4983,0,9.309894561767578
4983,1,12.741841316223145
4983,2,12.333366394042969
4983,3,9.572773933410645
4983,4,11.614211082458496
4984,0,5.647364139556885
4984,1,8.619255065917969
4984,2,8.406993865966797
4984,3,4.712955951690674
4984,4,4.9786272048950195
4985,0,12.640584945678711
4985,1,11.99587631225586
4985,2,12.381570816040039
4985,3,11.081034660339355
4985,4,12.52652645111084
4986,0,10.758734703063965
4986,1,10.403414726257324
4986,2,11.583495140075684
4986,3,9.901082992553711
4986,4,10.776865005493164
4987,0,11.606423377990723
4987,1,11.088264465332031
4987,2,12.380402565002441
4987,3,10.560407638549805
4987,4,11.958460807800293
4988,0,8.726037979125977
4988,1,7.2151970863342285
4988,2,9.160901069641113
4988,3,8.302471160888672
4988,4,7.9422736167907715
4989,0,10.306194305419922
4989,1,10.35048770904541
4989,2,10.023847579956055
4989,3,10.394482612609863
4989,4,11.273006439208984
4990,0,8.15969181060791
4990,1,8.698628425598145
4990,2,9.239508628845215
4990,3,8.606575965881348
4990,4,8.321399688720703
4991,0,12.475138664245605
4991,1,13.453299522399902
4991,2,12.240926742553711
4991,3,11.701799392700195
4991,4,12.95786190032959
4992,0,10.927262306213379
4992,1,12.641510963439941
4992,2,13.841537475585938
4992,3,7.966166973114014
4992,4,11.467182159423828
4993,0,11.808671951293945
4993,1,11.35944938659668
4993,2,11.110979080200195
4993,3,10.102028846740723
4993,4,11.48936939239502
4994,0,9.960268020629883
4994,1,11.06904411315918
4994,2,11.789022445678711
4994,3,10.49927043914795
4994,4,10.435013771057129
4995,0,10.435648918151855
4995,1,10.22436809539795
4995,2,9.389020919799805
4995,3,11.380854606628418
4995,4,10.39842700958252
4996,0,11.151082038879395
4996,1,11.714195251464844
4996,2,12.539573669433594
4996,3,10.978082656860352
4996,4,11.41232967376709
4997,0,8.985841751098633
4997,1,8.224626541137695
4997,2,8.568721771240234
4997,3,8.904629707336426
4997,4,9.180987358093262
4998,0,8.342941284179688
4998,1,10.706305503845215
4998,2,10.52498722076416
4998,3,8.498908042907715
4998,4,9.482223510742188
4999,0,12.154060363769531
4999,1,13.144820213317871
4999,2,13.563985824584961
4999,3,12.11915111541748
4999,4,10.729194641113281
