0|A woman stands flying a kite with both hands.
1|Many people on their bikes are near a pink vehicle.
2|A man holds a huge remote control in a store.
3|Little boys are playing t ball on a field.
4|The reflection of a man in barbers chair getting a trim
5|A group of girls on a field playing soccer
6|A person watching a security screen while removing something from a desk.
7|Two adult black bears are standing on their hind legs.
8|A display of artisian pizza on a warming plate.
9|The Thames river near Westminster on a cloudy evening.
10|Two elephants standing next to each other in a field.
11|A large jumbo jet plane taking off on the runway.
12|A large group of people and a man on a motor bike.
13|A man blow drying a dog in front of a curtain.
14|A fun cake with half gone and covered in blue frosting.
15|A zoo elephant enclosure on a sunny day with visitors watching the elephants.
16|A small outdoor enclosure is holding a group of cows.
17|Bathroom with sink, shower, towels, curtain, and more with window
18|A group of young men standing around an open box of pizza.
19|the bus is stopped at the bus stop
20|A man in a restaurant is holding a camera.
21|A woman is shown holding a hairbrush outside.
22|A hot dog on a bun topped with onions.
23|A smiling teenager posing in the road with his skateboard.
24|A toilet with a dresser stand with a sink and a mirror.
25|A man in grey shirt sitting in chair on cellphone.
26|a couch and a television are in a room
27|A person sitting in front of a laptop computer.
28|A Disney bus driving across the concrete and making a turn.
29|A man in racing gear and number under a banner.
30|A airplane that is sitting in front of a terminal.
31|A ewe and two lambs graze on grass on a hill.
32|A white plate holding a cheese pizza on a table.
33|Some trains are next to a snow mobile.
34|A large structure sitting in the middle of a walkway.
35|A silver car with a black cat sleeping on top of it.
36|A zebra standing on a lush green hillside next to rocks.
37|a couple of people in uniforms are sitting together
38|two young boys walking around with a surfboard.
39|Bread in a paper bag on top of french fries in paper container with a drink on the side.
40|a couple of people are standing outside with umbrellas
41|A polar bear in the water at a zoo with two balls
42|A man on a skateboard doing a trick.
43|Two elephants fighting or playing in the water.
44|a desk with a laptop with a mouse and phone
45|A street of a Chinese town in the afternoon
46|A man is badly hurt all bandaged up with tubes.
47|The boys are outside doing skate boarding tricks.
48|A woman running while holding a baseball bat.
49|A red fire hydrant with two red poles on each side of it.
50|The boat is in a body of water that is not clear.
51|A yellow wall living room with a large and bright white window.
52|A man is walking a herd of sheep down a street.
53|two elephants standing in front of a tall tree
54|A man on a cell phone by a bright blue wall.
55|A TOWER CLOCK IS ON THE STREET
56|A man on skis doing a track while being photographed.
57|A wooden towel rack stands conveniently next to the tub.
58|An old clock tower captured on a partly cloudy day
59|Three stuffed animals hanging on the structure of a train track.
60|The little asian baby is eating a small carrot.
61|A kitchen counter covered in metal bowls and dishes filled with food.
62|Three horses covered in blankets are walking through a field.
63|a large air plane in the air
64|a man is parasailing out at the beach
65|an old woman carrying two bags and an umbrella
66|A bathroom that has a mirror in it.
67|A young boy prepares to receive a serve during a tennis match.
68|Three pictures of entrees with tomatoes, black beans, and broccoli.
69|The kitchen sits empty and unused during the day.
70|A woman is preparing a blender on a counter.
71|The baby plays with her dog and Dad plays with his Nintendo W''.
72|Advertisement for a chance to win a Wii console at Best Buy
73|There is two men riding on a skateboard on the street.
74|A train is full of of passengers as it pulls off from the station.
75|A man is concentrating while chewing on a pen.
76|A guy on a snow board in a snowy hill.
77|A girl in a red dress working on a laptop.
78|Two people holding remotes in their hands standing near a couch.
79|A couple of hot dogs on a paper plate.
80|A bathroom with two sinks mounted on a wall.
81|a woman in a white top some lights and a cake
82|A purple and white bus driving down a street.
83|A living room with wooden floors and a large television.
84|This kitchen has wooden cabinets and silver and black appliances
85|Glasses of liquor are sitting on a bar.
86|A bathroom with a toilet mop bucket and squeegee in it.
87|Multiple electronic items in a pile with their cords tangled up.
88|A one way sign and street signs on a pole.
89|A bedroom with a bed, desk, and window.
90|Two people in a room with assorted luggage
91|A toilet inside a room that needs renovation.
92|A pizza topped with flowers on a pizza pan sitting on a wooden table.
93|a group of people stand on the beach talking
94|a pair of scissors is laying on a pouch
95|An elevated train passing over a blossoming tree.
96|Man at street market with table full of bananas.
97|A woman in a black and white photo with teddy bears.
98|a big truck parked on the side of the road
99|A man holding a plate of food while standing next to other people.
100|A woman standing holding a red suit case
101|A woman sitting at a table with a plate with two hotdogs and onion rings on it.
102|A giraffe  is indoors behind a tall gate
103|a close up of a keyboard and a mouse on a table
104|Black cat laying down wearing an orange cap with a black pompom.
105|A boy is sitting in bed eating some food
106|An open macbook laptop resting on a book.
107|a blue bus parked on the side of a road
108|Three house cats look outside from a window.
109|A shiny vintage refrigerator inside of a camper.
110|A row of suitcases of various colors on a tile floor.
111|The zebra are huddled close together in the dust.
112|A World War II plane doing flips in the sky.
113|A snowboarder is jumping while going downhill in the mountains.
114|a large building with big clock on top of it
115|A pizza pie sitting on a wooden table with tongs.
116|A train travelling in the snow on a track with smoke coming from it.
117|A man has a red water bottle up to his mouth.
118|A woman looking at an elephant in its enclosure.
119|Giraffe and African cattle in wild park enclosure.
120|Man posing in front of a pair of giraffes in background.
121|A polar bear is walking around the water
122|A vase with a painted of a man and a horse on the side of it.
123|A train that is parked at some kind of station.
124|A person by the water with a small boat.
125|He was almost sitting in the snow as he came down the run on his snowboard.
126|A family happily eats together with smile son their faces
127|Four people trying to get a black horse into the back of a blue and white truck.
128|Baskets are displaying carrots, leafy greens, and other vegetables.
129|A scene at a  very busy airport late at night.
130|An umbrella on a beach with a backpack and bag under it.
131|Three horses grazing lazily in a pasture, a barrel rests in the foreground.
132|White and brown bowl in the middle of two odd cups.
133|A room filled with furniture and very large rugs.
134|Woman standing next to large lego giraffe statue
135|A vase with flowers sits on a window sill.
136|A boy in a blue tries to catch a baseball while a boy with a red helmet slides to touch the base.
137|a drawing of many clocks on a wall
138|Flat pizza like object sitting on table with a person taking a slice
139|A zebra blocking the way of a vehicle on a road.
140|A small white dog standing next to a red fire hydrant.
141|a street light on a street next to a tree lined median.
142|An Apple desktop computer system is turned on with a monitor, keyboard, mouse, two speakers, and other peripherals.
143|A baseball player from the turn of the century poses for a baseball card.
144|A very cute curly haired dog with a toy.
145|A person lying down with skis on in the snow with ski track impressions, and people around the fallen person.
146|There is no picture here to describe with a caption.
147|A zebra statue made out of legos in a flower garden.
148|a cat that is sitting outside a door
149|The man is blowing out the birthday candles.
150|A youngster rides his skateboard on a lazy day
151|a man on skis holds onto the hands of a small girl on skis
152|a train on a track pulling into a station
153|A guy jumping and flipping a skateboard in the air.
154|A child looks at a giant birthday cake
155|A man eating food at a baseball game.
156|A lady in a black and orange Halloween costume.
157|The man in a large coat is holding a slice of pizza.
158|A multi-colored cat sitting on top of a chair by a door.
159|A lime green bus parked in front of parking meters.
160|A man with a tie and purple hair.
161|A man in a wetsuit si on the beach with a surfboard.
162|A couple of giraffes standing around a feeding trough.
163|Two men upon horseback on a cloudy day.
164|Three snowboarders are standing on a snowy hillside.
165|A busy subway train filled to capacity with people standing near the door
166|A train is traveling down the tracks in the forest area.
167|A kitten is trying to interact with a kitten that is on television.
168|A coffee mug with a fake cat hanging out of it .
169|A person holding a hot pizza on a pan.
170|Plastic container filled with oranges sitting on a green shelf.
171|Small elephant leans towards a larger elephant on a field of grass.
172|a top sign sitting in a parking lot full of cars
173|Lots of umbrellas stand tall in some sand.
174|A bento box of food with a powered lemonade mix stick.
175|A bathroom filled with a toilet next to a tub and a sink.
176|Outside photo of parked cars with a blackbird sitting on a parking meter.
177|a person in a kitchen area preparing food
178|The train engine is followed by a line of open cars.
179|Urinals at differet levels in a bathroom with a brick floor
180|The cabinets in the kitchen match the green refrigerator.
181|An entourage decorated van is parked on the side of the road.
182|A girl in a group of others has made herself a frisbee hat.
183|A large black horse has a long mane of hair.
184|a pack of dogs walking down a snow covered yard.
185|Well organized and useful desk set up with electronics.
186|A large group of birds walking together on the grass.
187|Young man skateboarding, jumping up with skateboard also in the air.
188|A colorful passenger bus at a city intersection.
189|A living room filled with furniture and a book shelf filled with books.
190|A skateboard and it's wheels being parked in one area.
191|A giraffe that is walking alone outside in a field.
192|Two sandwiches have been halved and placed on a plate with a knife.
193|A person is holding a blow dryer next to a kid.
194|Airplanes flying in formation with smoke coming from their tails.
195|Wine glasses and plates and bowls on a table.
196|A person holding a donut that has been dunked
197|A small dog eats food from a big bowl.
198|a bear sitting on the cement ground next to some rocks
199|a man and woman sitting on a stone bench under umbrellas
200|a little girl trying to ride a skateboard with other standing around
201|Large bunch of bananas hanging from tree in a jungle.
202|Men in sombreros are behind a man with a phone.
203|There is a table with food on the table
204|A kitchen counter with ceiling lights and a sink.
205|A woman is sitting on the toilet in the restroom.
206|A person with whiteface makeup and glasses sitting crosslegged and eating take-out food.
207|A table and some chairs in a room.
208|A dark scene has some contrasting bright umbrellas.
209|you can see a mans e.g. and he is holding a knife
210|A group of people flying kites at a crowded park
211|Old brocken down truck sitting near large open field.
212|A swan floating along the water nibbling at itself.
213|A small girl holding a Wii Remote playing the Wii.
214|A man is playing with a frisbee in the park.
215|A young boy standing over a bed next to a dog.
216|A girl is kneeling down and packing things in a suitcase
217|A land paid telephone with the outside marked in red .
218|The bathroom is clean for the guests to use.
219|A man and dog are walking on the beach.
220|A young boy is looking at the fruits and vegetables at a market.
221|A group of giraffes stand on the side of a road
222|Two elephants in the water have their trunks intertwined.
223|A large group of people on some motor bikes.
224|Two people wearing ski equipment standing on top of a ski slope.
225|a small cat sits in front of a window
226|Cake topped with fruit and whipped cream sits on a plate.
227|A person holding an umbrella stands in a snowy field.
228|A sheep is standing in the grass on a nice day.
229|A batter prepares to step up to bat.
230|A mother duck with its ducklings in water
231|a man plays tennis in front of a large audience
232|A giraffe is standing in an enclosure in the zoo.
233|Two airplanes on a landing strip at an airport.
234|a group of people with bikes posing for a photo
235|a group og young people playing soccer on a field
236|A woman in a store examines one of many suitcases.
237|This shows an innovative Apple device and a keyboard.
238|Two giraffes standing next to trees in a forest.
239|A large jar filled with white flowers behind chairs.
240|A man that is sitting on a motorcycle.
241|A collective of elephants convening at a watering hole.
242|a piece of cake on a plate and cup full of liquid sitting on the table
243|This youngster tries to get his kite off the ground
244|The Asian man is deciding what to eat on the plate.
245|The lady is holding a Frisbee in her hands.
246|Large colorful kayaks have been stacked atop each other.
247|An old clock that appears to be covered in gold.
248|A woman wearing an orange dress holding a black lace umbrella.
249|A large ornamental clock tower is positioned alongside a building.
250|a little figure holding onto two cell phones
251|An attractive lady riding a cow while leaping over a set of poles.
252|A reflection in the glass partially obscures a woman sitting on a bench by a bus.
253|A box holding a bicycle crank with a pair of shoes and a Jersey.
254|A city bus is riding down the empty street.
255|a woman on a train holds up her camera to take a picture of something outside the window
256|A dog on a leash and people and bicycles in the background.
257|a couple of sandwiches on some white plates
258|A large painting of zebras and hogs standing next to deer.
259|Pair of giraffes feeding on leaves from trees in open field.
260|A lady with pink hair feeding a giraffe.
261|A long table set for a Christmas seafood feast
262|There are three pictures of a clock and one picture of a woman.
263|A crowd of people gather outside with their umbrellas open.
264|A white building with a clock on the front and side of it
265|A bus that is sitting in front of a building.
266|An olden styled Good Humor ice cream truck.
267|A room filled with furniture and lots of windows.
268|A group of people riding waves on top of surfboards.
269|a large hill covered with umbrella stands and dead grass
270|A meak if a sandwich, some pasta and another side item.
271|A motorcycle painted with green and yellow checkers
272|A woman holding a pizza box with a large pizza in it.
273|skiers being pulled up mountain in a line
274|A BLACK BEAR IS SITTING AMONG THE TREES
275|A large sitting room with several couches and chairs.
276|A double decker bus drives down a street lined with buildings.
277|a living room with a couch chairs a table and a tv
278|Man smiling with food and hands squeezing ketchup
279|Two bundled up men sit in lawn chairs next to a row of tents and a protest sign.
280|A group of people walking in a park between two red apartment buildings.
281|A series of photographs depicting plates covered in different types of food.
282|This is a picture of a bathroom containing a toilet and a sink.
283|A photographer setting up his equipment for a photo shoot.
284|A skateboarder prepares to grind a concrete barrier.
285|Three people on the beach catching a frisbee
286|A time lapse image of a guy throwing a baseball.
287|A room with a desk and computer in it.
288|A person sitting in a chair on a cell phone.
289|Man plays tennis with tennis court fence and palm trees in the background.
290|Several pieces of a pie with broccoli on it among other things.
291|A small outbuilding next to an orange fire hydrant
292|A bottle on wine next to a glass of wine.
293|A young lady is showing off her winter skills while folks observe.
294|A girl in is riding a white horse on a sunny day.
295|A cat is sleeping on desk beside a computer.
296|The same woman is shown doing different things
297|A table with a jar of cookies, cake, and fruit on it.
298|A couple of boats sitting on top of a lake.
299|the sheep are grazing in the green grass
300|A plane with its wheels down while rising into the sky.
301|A pub sign for a small home bar has a crooked letter.
302|A pile of discarded stoves laying on the ground.
303|A per-school age girl with frosting on her mouth holding a plastic fork
304|A young woman lying in the grass next to a Frisbee.
305|A small child with a helmet on holding a tennis racket.
306|Guy slides down indoor snow track on snowboard
307|A  man and a woman sitting on a sofa both with laptops on their laps
308|A row of plants growing in the ground by a building.
309|Some big commercial planes parked by the terminal.
310|a person posing for a photo with a double deckered bus in the background
311|there is a man wearing glasses and a tie in this picture
312|A motorcycle sitting on top of a fence as decor
313|A black and white photo of two people with umbrellas.
314|A tabby cat stands on a wooden floor next to a chair.
315|A large crowd watches a dog herd sheep.
316|A highway in a busy city is filled with cars and buses.
317|A close up of a little girl cutting paper with scissors.
318|A large bird hanging outside of a window with an open curtain.
319|A powder blue car parked in parking lot
320|A flock of ducks walking across a parking lot.
321|A skiier is leaning over to the side, holding into a set of tensioned cables
322|A person riding a motorcycle on a gravel road on a hill.
323|A bathroom sink sitting underneath a mirror in a bathroom.
324|A man holding a tennis racquet on a tennis court.
325|this is a group of birds sitting on a bench
326|A group of people snowboarding in the mountains.
327|A man in the woods throwing a frisbee
328|A bus parked in front of a private jet plain at an airport hanger.
329|a close up of a banana an apple an orange and a bowl
330|A brown and black horse are grazing in the grass.
331|The two urinals are on the wall with color tiles.
332|a pizza with several topping cut in half
333|a man in a room watching television and a wooden table
334|A flower with four fruits put inside it.
335|A woman standing barefoot in front of a kitchen stove.
336|some people standing at a table holding onto bowls with desserts in them
337|A picture of an elephant standing on top of a boat.
338|A couple embraces under an umbrella in the rain
339|a person standing next to a parked motorcycle on a field
340|A plate of food featuring radishes with a green glass of water.
341|A pile of carrots and other vegetables on  a tray.
342|A man is grinding a ramp on a skateboard
343|A bottle of wine sitting on a desk calendar
344|Person standing at a crosswalk holding a bright yellow and white umbrella.
345|A woman in a white dress holding a racquet.
346|a kitchen with a sink near a window
347|Street signs featuring a type of Asian script.
348|Resort hotel room with king bed, balcony and sitting area.
349|Walnut icing on a baked cake - maybe carrot cake
350|Large brown teddy bear sitting on the back of a red sports car.
351|A bunch of fruit includes tangerines and apples.
352|A giraffe leaning down and bending its knees to drink from a puddle
353|A gray cat standing on top of a dirt road.
354|some trees and a white clock in the center of a street
355|A passenger train is sitting at a station.
356|A boardwalk near a waterway at a boat dock.
357|A group of sheep standing in a snowy yard outside a barn.
358|A dinner bowl filled with vegetables next to a glass of wine.
359|Two rectangular boxes with chop sticks have food in them.
360|A red pickup truck entering traffic onto a busy highway.
361|two gray jets are flying next to each other
362|Many skiers make their way down a gentle slope.
363|An office cubicle with multiple computers in it
364|THERE IS A RAINBOW IN THE SKY OVER THE WATER
365|A dog lying in a bed with a cover over him
366|A couple cutting their wedding cake together with one knife.
367|three photos of a male doll slowly getting undressed
368|a street view of a traffice light, houses and vehicles
369|The two images show a person petting a dog wearing a hat.
370|a dad showing his boy what is in this food
371|A small black dog sits beside a pair of shoes.
372|Two zebras stand next to each other on a cement slab.
373|A man wearing a black suit and pink bow tie.
374|a wood florida in a office with a apple desk top
375|A woman that is standing on a snowboard in the snow.
376|A couple of people on skis examining a park description sign.
377|A stove top with three pans of food cooking on it.
378|Two surfers are walking up the stairs with a surfboard.
379|A toilet setting in a bathroom with tile flooring.
380|Several people are seen walking through the airport while waiting for their bags.
381|a man that is standing on a surfboard
382|there is a man riding a skateboard over a ramp
383|a small kitten is looking in the mirror where you can see its reflection
384|People waiting for their luggage moving down a  conveyor belt.
385|A man riding on the back of a brown horse.
386|a big plane flying through the blue sky
387|A man and a woman eating pizza off paper plates.
388|Giraffes and elephants gather next to the water to drink.
389|a close up of many stuffed animals on a bed
390|A man swinging a tennis racket in a t-shirt
391|a swirly green rug in a kids room
392|The people are surfing the ways on the water.
393|a little cat sitting in a bathroom sink and looking at the camera
394|A kite flown by a person with their kite in the sky.
395|A bottle of soap is sitting on a bathroom sink.
396|a fork and a piece of cheese cake on a gray platter
397|A boy putting something in his mouth and smiling for a picture.
398|A group of people are at a wine tasting.
399|LARGE GATHERING OF PEOPLE AT THE DINNER TABLE
400|A bunch of Apple computer items set on the floor.
401|A man is talking in front of a television
402|a small horse and a larger horse standing behind a fence
403|A herb of cows stand together in a grassy field.
404|A laptop sits on a desk along with 2 monitors.
405|The passenger train is coming down the tracks.
406|A young skater is boarding inside of an empty pool.
407|A wooden shelf filled with stuffed teddy bears and treats.
408|There are many boats lined up in the harbor.
409|The sheep follow each other over the short block wall.
410|A horse and a dog positions for a picture outside.
411|A broken clock and a note from a maid to a hotel guest regarding the damage.
412|a man takes a bite of a doughnut
413|A woman that is holding two red bags standing in the street.
414|A jetliner pulled up to the airport terminal.
415|A herd of zebra walking across a dirt field.
416|There is an animal walking along the hill.
417|A young woman with the flag of England painted on her face is eating a hotdog.
418|A bunch of yellow bananas sitting on top of a counter.
419|She has an intense look as she awaits the tennis ball.
420|A close up photo of a parking meter.
421|A dog jumping up into the air with a Frisbee.
422|A cat standing next to a red chair in a living room.
423|A sparse bedroom used by someone who is a Christian.
424|A boy is grinding his skateboard along the edge of a halfpipe.
425|A couple of dog patterns, loose cotton, and a pair of scissors.
426|THERE IS A NA IAG EOF A MIRCWoe with a cd in ise of it
427|A long black train sitting on top of railroad tracks.
428|A group of young men play a game of ball.
429|The back of a truck that is filled with various items.
430|A cat is curled up inside a bowl.
431|A table holding a white gown with peas and broccoli in it.
432|A man works on the front window of a bus.
433|The food is in a plate with a burnt spoon on top of it.
434|A group of young people holding hands standing in front of a tall building.
435|Woman skier taking a break and enjoying a snack
436|A person standing over a table cutting with scissors.
437|a dinner tray set up with a sandwich grapes and cheese
438|The room has been damaged or tore into.
439|A tray of food on a dining table.
440|A man sitting at a table with a plate and cup in front of him and two other guys in the background.
441|A group of motorcycle cops riding down a street.
442|An old looking toilet sitting out on the side walk.
443|Two young boys kick a soccer ball on a soccer field
444|some broccoli and meat in a white bowl and sauce
445|Two large giraffes standing next to each other.
446|A baseball player in pin stripes is swinging his bat.
447|Baseball batter misses getting hit by the ball
448|That hamster is gnawing at the broccoli on their leg.
449|The cowgirl is waiting for her turn at the event.
450|A tall brick building with a bike parked in front of it.
451|A group of buses parked in a line in a dirt parking lot.
452|A tusked elephant is walking among the greenery.
453|A man looking at the tennis ball his is hitting.
454|A man with a green shirt boarding a blue and orange bus across the street from apartment buildings.
455|A dessert plate with cobbler and a cup of coffee to the side
456|A bath tub sitting next to a white sink.
457|Two men are riding horses along the beach.
458|There is a child that is standing next to the table
459|A bus filled with people and luggage is crossing a small stream.
460|A woman is in a barn with a brown horse.
461|A pizza sitting on top of a wooden cutting board.
462|A hot dog maker has four hot dogs on it.
463|Baseball player swings his bat at a baseball.
464|A locomotive coming to a train crossing at night.
465|A young female is dancing in her bathroom.
466|A woman holding a cell phone up to her ear
467|A lot of tennis rackets that are on the ground.
468|A man is hammering at the base of a statue.
469|The oranges, grapefruit and other produce are displayed at the market.
470|A giraffe and its kid in a grassy pin
471|A cat sits on a chair next to a set table.
472|A guy makes a weird face as he eats what looks like a hot dog.
473|Corner of a room with a bed with three stacked pillows, with another pillow and a brochure leaned against stack, and a bedside table lamp illuminated.
474|A man on a tennis court holding a tennis racket in a active pose.
475|Giraffes love the tender, young leaves on trees.
476|Three children are playing soccer, one kicks the ball while others are running towards it.
477|a mule reaches its head over a fence
478|Two giraffes are walking near a rock wall
479|The computer is sitting on a desk with another device plugged in it.
480|A kitchen with a table, dishwasher, sink and microwave.
481|A room that houses several pieces of campaign memorabilia.
482|A cat laying on a bed in front of a book shelf.
483|A cow is standing at the edge of the ocean.
484|a plate with an open sandwich next to a little bowl of soup and a wine glass
485|A image of a black and white clock on the wall
486|two boys in their beds with a bookcase between them
487|A white toilet sitting next to a white bath tub.
488|A man is smiling while holding a picture of a library card.
489|An Apple laptop sitting on a wooden desk in an office.
490|Blurry photograph of a child tumbling on furniture in the living room
491|The large brown animal stands behind the fence in the wilderness.
492|A bunch of seats that are inside of a church.
493|A red speeding train in the middle of a rail track.
494|A man and women in sunglasses and fedoras outdoors.
495|A group of people stand on skis on a snowy day.
496|A full view of the kitchen with the black stove and counters.
497|A person is on a surf board in the ocean doing a jump.
498|A woman holding a Nintendo Wii game controller in her hand.
499|A woman holding up and umbrella and using a cell phone.
500|Pizza with cheese and greens with drinks on table
501|A guy stands ready to hit a tennis ball.
502|A woman standing near a cake with candles.
503|A group of men in suits talking with men in military uniforms.
504|Four playing a doubles games of tennis on a tennis court.
505|Animal with hoofs made to wear colorful pair of shoes.
506|A train approaching the rail road track crossing
507|a green painted parking meter called a donation station
508|a man skating on a drying ground with his hands up
509|A person skiing fast down a snowy hill.
510|A living room with white walls and modern furniture.
511|A small square table with a flower vase stands against a wall with two chairs, and a kitchen with a refrigerator in the background.
512|A silver and red fire hydrant sitting next to a street.
513|Guy playing tennis on a court getting ready to hit the ball.
514|A giraffe standing in a lush green field next to trees.
515|A girl is standing on a tennis court with her raquet.
516|a man standing by a wall while holding a tennis racket
517|THERE IS A MAN THAT IS ON A SKATE BOARD ON THE RAMP
518|a man is swinging a tennis racket on a court
519|A mirror near a traffic light shows a mini van and a car.
520|A toilet sitting on a cement pad outside.
521|A man holding his hands to his head wearing a suit and tie.
522|A hand poised to push a button on a liquid filled blender.
523|A cat sitting on a kitchen counter near a window.
524|there are four zebras walking in a field
525|Some type of bread that is cut in half
526|a bear is stuck inside of some bars
527|Some people with a bunch of hot dogs on some big forks.
528|A yellow and blue bus parked at the end of a street.
529|A man with a hat on walking near a park and a bench.
530|A man and little girl are on skis in the snow.
531|A small brown bear rolling in the grass
532|A woman sitting next to a man near a river.
533|A Texas Longhorn bull grazing on grass.
534|A baseball player is holding a baseball bat, preparing to swing.
535|Two cats laying on pillows on top of a bed.
536|A dinner plate with ribs, potatoes, cheese bread and greens
537|a fire truck with it's lights on making it's way down the road
538|A cat perched on top of  a white toilet seat.
539|Two men standing outside holding umbrellas, people walking by in the background.
540|The back tire of an old style motorcycle is resting in a metal stand.
541|A large box filled with assorted fruits and vegetables.
542|a person wearing a suit riding a scooter
543|A crow sits on the back of a bench.
544|A dog standing next to a cat in a  dirt field.
545|some signs showing different types of beer on the wall
546|A man is walking down a busy street talking on his cell phone.
547|A toilet lid is closed next to a bathtub with a white curtain and pink tile wall.
548|A bus and other cars are traveling on a street.
549|A street sign is front of a row of buildings.
550|A woman dragging a suitcase on wheels down a cobble stone sidewalk.
551|a little boy is playing in snow with skiis
552|A man is surfing in a waterway while another watches and a man is down.
553|A single bed with a white comforter turned down.
554|An old grey pickup truck is parked in front of a white house with pillars holding the porch up.
555|A table filled with electronics including cell phones, remotes camera parts and a laptop.
556|The large statue of a dog is near a clock on a pole.
557|A young woman sitting on a park bench with people walking behind her at twilight.
558|A woman decorating a double layer cake on a table.
559|A zebra staring blankly near a watering hole.
560|A person standing on top of a tennis court while wearing a white hat.
561|A giraffe bending over near a big pole.
562|The toilet has different types of coverings on them.
563|Up close view of a model train set and its surrounding area
564|Two chair and umbrella on a crowded sandy beach.
565|A photo of three giraffes standing together in a zoo exhibit.
566|A small brown horse standing  on a hilltop
567|A sub sandwich and cup of ice coffee.
568|A man holding a camera standing in a crowd.
569|A plate with hotdog sandwiches and macaroni and cheese.
570|The man is sitting outside with food on the table.
571|A group with drinks posing for a picture.
572|A red plane flying high in a clear blue sky.
573|A woman brushing her teeth while taking a picture of herself
574|a motorcycle on a black showcase floor
575|the two horses are standing along the fence looking out.
576|A very large section of small trees near a black dog.
577|A star hangs upon a canopied bed in a bedroom.
578|Middle aged man talking on his phone in a crowd
579|A young man with long red hair drinking from a glass.
580|A man holding a Nintendo Wii controller in a living room with a blue leather couch.
581|A group of people are flying kites on a crowded field.
582|a train bridge going through the middle of a city.
583|Colorful kites flying above a beach scene of sand and umbrellas.
584|White plane with red and blue detailing sits on tarmac.
585|Three people ride on a ski-lift while wearing skis.
586|a baseball pitcher throwing a baseball to first base
587|A young boy in a birthday hat holds a tennis racquet
588|a man performing a trick off of a curb
589|A horse standing in a grassy field, looking at the camera.
590|A green train drives by people on the platform.
591|The people are sitting and standing at the event in the street.
592|A teenaged boy on a school campus holding a soda and jumping on his skateboard.
593|Two persons in formal dress posing for a photograph.
594|A woman sitting on a bench next to a bicycle,
595|A stove that has a spice rack next to it.
596|A collage displays colorful deserts and fresh vegetables.
597|Several people dining outdoors, near a pool, beneath multicolored parasols.
598|A cat sitting in front of a monitor that is displaying a picture of another cat.
599|A person sits on a picnic table watching ducks near the lake.
600|A sign ordering viewers to smile at a certain time.
601|A person holds an oddly shaped cookie in front of the camera.
602|a plate of food with a book next to it, and an eyeglass case in front
603|A man rides a skateboard while wearing a skirt.
604|A cat standing on a top of a umbrella.
605|a screen shot of a televised new weather report
606|A couple of people on phones standing together.
607|A lone giraffe is standing in a wooded area.
608|A person wearing red, skiing down a snow slope.
609|A man with a cellphone standing in front of dancers.
610|A yellow taxi cab that is parked illegaly parked in front of a fire hydrant.
611|A black and white photo of a bicyclist.
612|A double decker bus that has a load of people on top and an advertisement on the side.
613|Bananas in a bushel are displayed over some kind of tail.
614|A man and a woman in helmets standing at a motorcycle.
615|a stove with a tea kettle and cooking pot on top
616|A green sign hangs from a pole near a traffic light.
617|A white and grey cat laying below table next to a glass.
618|A cat sitting next to a stuffed elephant on a window sill.
619|A stuffed bear laying outside on the ground.
620|A man standing next to a parked motorcycle on a dirt road.
621|A vase with flowers in it that is wilting away.
622|an image of a plate of food on a table
623|A train inside a station moving at a regular speed.
624|A  man swinging a baseball bat over home plate.
625|A bear that is sitting on a small log.
626|A group of baseball players on a field.
627|A woman swinging a tennis racket at a tennis match.
628|People are feeding a giraffe in an enclosure.
629|A man flying a kite on top of a grass covered field.
630|Ducks in a pond swimming during the day.
631|A wooden swing hangs above plush, green, grass.
632|The meters are sitting side by side on the street.
633|With a full crowd in the stands, a batter is up to bat and an umpire stands behind him on a baseball field.
634|Seven military planes flying together while high in the sky.
635|a truck stopped on a road in front of some trees
636|A cat taking a nap on a mouse next to a laptop
637|A large crowd of people flying kites in the air.
638|Some people are flying a kite on a brown hill.
639|A traffic light hanging in front of blossoming trees.
640|a plane is flying high in the sky
641|A woman in a short black dress is holding a champagne flute and standing in front of a refrigerator.
642|A man with crutches standing and talking on a cell phone.
643|Two zebras eating hay from a feeder together
644|A stainless steel toilet with the sat up
645|Three people standing at a baggage claim at an airport.
646|A person posing for a picture in the middle of the water.
647|A kid hold a stick in his hands in the air.
648|A door to an eatery says "time to eat" and features a brick facade with blue trim.
649|A cameraman getting a closeup of two men holding a kite.
650|The woman is riding her bike with her dog on the back.
651|A plate filled with a melted cheese covered sandwich and fries.
652|Street sign with multiple directions on it on a busy city street.
653|A open suitcase with a book on a table.
654|A group of baseball player standing on top of a field.
655|The bathroom wall needs to be resurfaced and painted.
656|A man and woman are riding down the street in a parade wearing patriotic hats.
657|A young child sitting in a chair with a teddy bear.
658|The large vase is white, beige, and brown.
659|A lone woman skies down the slope in her red snow jacket.
660|Two men, one holding a baby, enjoy some wine at a wine bar.
661|a cat that is laying down on a couch
662|An old oven and stove sits on a shelf in a kitchen.
663|A man holding up a cardboard sign next to a woman.
664|a bathroom with a wooden floor and hot tub
665|A surprised cat is relaxing in a sink.
666|A group of children on skis lined up
667|What looks like a group of birds flying into the night.
668|A wooden table with a bowl of fruits and vegetables.
669|A sky filled with airplanes flying underneath the clouds.
670|A white cow stares straight ahead while standing in high grass
671|There are motorcyclists doing tricks on a ramp.
672|A pizza that has been cut into slices.
673|a man in a tie is wearing a pink bracelet
674|there are two people on a motorbike holding an umbrella.
675|A picture of a factory making doughnuts full of joy.
676|A man looking into a mirror shaving in a white tiled bathroom.
677|A traffic light sitting on the side of a road.
678|A fighter jet sitting on top of an airport tarmac.
679|A couple on their laptops sitting in bed.
680|A girl in a dress preparing to catch a Frisbee
681|A man riding a scooter in the kitchen of a home.
682|A crowded street in India with bikes, buses and taxis.
683|a male in a gray shirt a chair and a laptop
684|A cargo train pulling a shipping compartment
685|a pick up truck in the woods with an electrical cord
686|A bicyclist stopping on the road to take a picture
687|Old and young men sit around a table with laptops.
688|A cat sitting on top of a window sill.
689|Two men who are holding surfboards next to some water.
690|People are sitting around a table and sharing a meal.
691|a man jumping a curb in front of a building.
692|close up of a person holding a cupcake with sprinkles
693|Two parking meters, but one has a torn glove on top.
694|Men and women are gathered together outdoors on a sunny day
695|a building with some trees surrounding it
696|A person's hand is wrapped around the head of a puppy.
697|2 different motor bikes parked next to each other
698|Train with lights on, multiple track area, near over/under pass.
699|blue plate on a table with meat sandwich and sidedish
700|Two kittens look through a fence at a dog.
701|Two women riding a motor scooter as the driver stays focused.
702|A man holds a tennis racket in his hand and looks up.
703|A man tossing a frisbee under handed in a park.
704|A refrigerator is packed with food and drink.
705|Several people standing in the sand under kites.
706|A table with a plate of noodles with broccoli.
707|A bicycle leaned up against a bench overlooking a river and city lights
708|A table sitting inside of a room next to a window.
709|A man wearing a helmet while holding a banana next to a woman wearing a helmet.
710|A boy eating a doughnut. The doughnut looks to be chocolate.
711|A white living room that is very large.
712|A row of colorful kitchen appliances and sinks.
713|A group of people are sitting at a table enjoying a meal together.
714|A sheep standing near a table and chair decorated with flowers.
715|A woman standing behind a fence looking at an elephant.
716|there are many people walking across this street
717|A pair of skis in the open water.
718|a girl with a captain america shirt holding onto a teddy bear.
719|A man sitting on the floor against the wall with a laptop.
720|a mini van with a surfboard on top driving along a road
721|A surfer is surfing in front of a large wave.
722|Two zebras stand in the wild, as one looks at the camera and one at the ground.
723|An adorable seal laying next to a yellow and pink frisbee.
724|two people in a building one is talking on a cell phone.
725|A huge dump truck is fenced in in front of a neighborhood.
726|A short train speeds past the empty station
727|a man kneels on a skateboard on the street
728|A bunch of surf boards laid out on the ground near a surfing promotional stand.
729|A young man is playing frisbee in the park.
730|Two giraffes stand next to a rock wall and trees.
731|Cat lackadaisical on rug, near wooden floor with piercing eyes
732|a white plate with broccoli florets and cheese
733|It's a bathroom with a glass walked shower and folded towels on the sink.
734|an image of a man in the store holding banana
735|a dog is sitting near a pole by the sidewalk
736|The contents of a purse laid out on a bed.
737|A girl in a white jacket is snowboarding down a slope.
738|A vegetable pizza on a plate on a table.
739|there are many giraffes that are standing by a fence
740|Group of giraffes standing in a field eating and lounging.
741|A vase that has a flower inside of it.
742|Two skiers heading up the side of a mountain
743|A  pizza with cheese and meat being cut by a knife and fork.
744|A laptop computer opened on a desk with a screensaver
745|A parking meter is standing by itself on the side
746|Bananas are on sale for 47 cents per pound in the produce section.
747|A birthday cake with a Thomas the Train on it.
748|A man looking at a computer screen while holding a cup.
749|The cupcake is frosted with a tasty icing.
750|A beach filled with people flying colorful kites
751|A pink towel stands out greatly in the white bathroom
752|A group of asian women are gathered around the cake
753|A teddy bear is held up beside a busy street with a monument in the background.
754|a couple of cows stand on a grassy hill
755|Some people sitting on a long bench wearing funny hats.
756|A woman carries her baby in a hands-free fabric sling.
757|A bowl full of Chinese vegetable and chicken with chopsticks.
758|A boy holding a tennis racket in mid-swing.
759|A black and white photo of a woman sitting on a fire hydrant near a flower shop.
760|A person carrying a large stack of luggage.
761|A man swinging a bat while playing baseball.
762|A buffet display case filled with lots of pizzas on pans.
763|The sign for Broadway Street stands in front of an advertisement board in the city.
764|A bench that is sitting in the dirt.
765|The baby zebra is in the grass with its parent.
766|Paddle boarder in middle of placid water while on board
767|Two people sitting in a room with luggage
768|a man that is holding some kind of radio
769|A man leaps up playing Wii in his living room
770|A person taking food out of a brown paper bag.
771|A man in a black and red jacket on a bike
772|Two men are walking in the snow with a dog.
773|Thin crust pizza with meat and vegetable on wooden palate.
774|A metro bus parked along the street near a stair way.
775|A man and a cute small girl playing a video game.
776|A bunch of sheep are huddled together on snow-dusted grass in the evening.
777|Young school boys smiling and posing on a stone wall.
778|a man sits on top of a horse
779|A wall containing many different types of clocks.
780|Several items including two surf boards on the beach
781|young woman gets ready to hit a tennis ball
782|Two giraffes indoors and one of them has their head over the fence.
783|A table topped with plates and bowls filled with food.
784|A man carrying a load of bananas through the marketplace on his bike.
785|A boarded up white house sitting on a grass lot.
786|a man jumping in the air catching a frisbee in a park
787|A child getting ready to throw a frisbee to an adult.
788|A cow is standing next to a directional sign while people walk along the sidewalk.
789|A man in a business suit standing on a basketball court
790|A couple of people are standing and talking
791|A car coming to a stop sign as seen from inside the car.
792|A woman pets a horse while it eats grass.
793|A family in a kitchen preparing food to eat.
794|a small group of boys playing soccer outside
795|People are relaxing on sofas in front of their laptops.
796|A man wearing a tie and a sweater.
797|A cow stands in a pile of hay  in front of a brick wall.
798|A man falls down while skating on a slope
799|A man and woman's bike parked in a bike rack.
800|A computer on a desk is in a dimly lit room.
801|An airplane flies up into the sky with the wheel out.
802|People are standing outside near a clock and a building.
803|A tennis player is on a tennis court and is getting ready to hit the ball with her racquet.
804|A room that has a bed and a bathtub.
805|The neck and head of a giraffe in front of trees.
806|Woman standing next to a line of elephants.
807|a dog jumps into a body of water
808|An orange placed on the edge of a shore.
809|A grey military jet traveling down the runway.
810|Boxes, a rug, containers, and luggage sitting on cart.
811|This bathroom picture shows a white toilet and a purple shower curtain.
812|A group of people playing frisbee in a field
813|A man and woman playing a Wii game together at Christmastime.
814|A man hitting a tennis ball from the back of the court in the daytime.
815|A row of motorcycles sits next to a street where cars drive.
816|A man sits in a chair with a hand on a dog.
817|A man in a red shirt in a bathroom with two mirror and a photo
818|a person holding a remote control on a desk
819|A group of green vegetables with some radishes and cauliflower.
820|A bottle of beer on top of a table next to a glass full of it.
821|A cat peering out of the window on the between the blinds and the window
822|A room with large, colorful stained glass walls.
823|A tables filled with several bouquets of flowers.
824|A boy doing a trick on a skateboard off a ramp.
825|People cross a crosswalk while a taxi and bus wait.
826|A bathroom with a decorated shower curtain.
827|The man in the red neck tie has a beard.
828|Two women on beach with surfboards under arms.
829|a desert on a plate with white cream and a fork with it
830|The living room has a long grey couch and a rug under the coffee table.
831|A kitty cat walks along the edge of a ledge.
832|A counter top with meta and veggies cut up.
833|Stove with decorated with light bulbs and holiday lights
834|A man riding down the sidewalk on a skateboard.
835|A man is taking a photo of himself in the bathroom.
836|A table with a beer and a pizza on it.
837|A pile of fruit sitting on a sidewalk outside of a market.
838|A stuffed animal is placed next to a doll holding a smaller toy.
839|a group of girls are standing around in front of oranges
840|Did these three guys buy their ties at the same place?
841|a beef sandwich with cheese and bacon and some French fries
842|A beautiful home which is left with the door open to beautiful scenery.
843|A park bench on a grassy green hillside
844|Old public rest room with pink wash basin
845|Grown cat sitting in front of a closed door leading outside.
846|An Asian man playing soccer in a field.
847|Several men sitting in front of a large wall.
848|Many motorboats are ready and waiting for passengers.
849|Mother, young daughter, and baby doll together under an umbrella.
850|A bowl of oranges sits on a wooden table.
851|a woman standing in the kitchen between a fridge and oven
852|half of an orange in a small bowl.
853|A women on a beach is throwing a toy in the air.
854|A clock that is sitting on top of a pole.
855|As a bus and motorcycles carry passengers an elephant is also seated to carry a man.
856|A pile of different types of food sitting next to each other.
857|A man going of a jump while skiing
858|A woman standing in a room with a remote.
859|A person on a surfboard in the water.
860|A bathroom with a large tub next to a sink.
861|An elephant covered in mud in front of other elephants.
862|A bird perched on a plate of someones leftover food
863|A group of motorcycles are parked on the street.
864|The group of players is enjoying the video game.
865|A group of women are doing crafts at the table.
866|A brown horse galloping down the green pasture.
867|A man is at the stove cooking eggs.
868|A black and white shaggy horse grazing on hay.
869|An artsy rock-paper-scissors sculpture is cool and funky-looking.
870|An inside view of a driver driving towards a bright light.
871|a blanket with a bunch of clothing sitting on top of it
872|The toilet has decorations on the seat in the bathroom.
873|The man is in the park playing with a frisbie.
874|A man wearing a purple tie holding a cell phone.
875|The plane is flying high in the blue sky.
876|On the plate is eggs,tomatoes sausage, and some bacon.
877|A group of black and white spotted cows in green grass.
878|Two school buses are parked behind each other on the street.
879|A man standing next to a parked bus and various people riding bicycles down a street together and one person holding a sign.
880|A BlackBerry like phone is shown, which is black in color.
881|A white dog sits in the back of a pickup truck.
882|A transport truck with a tarp covered trailer drive down the road.
883|The dog is being handed a sandwich on a plate
884|The street signs gives directions on using a bicycle signal.
885|there is a man walking in the street holding a umbrella
886|A stop sign with the words "Don't" and "Believing" added.
887|A kitchen scene complete with an oven, range and a refrigerator.
888|a big river flowing past some dry grass and reeds
889|there are three trucks parked in a garage
890|A man taking a swing at a tennis ball
891|The man is talking to the crowd of people
892|A woman with a helmet on riding on a horse.
893|A tennis player strikes an action pose on the court at night.
894|a person is flying a kite in a field
895|a person using an electronic device in a dark background
896|A batter takes a swing at an oncoming baseball.
897|A man holding a peeled banana in his hand.
898|A kitchen with wood cabinets and tile floor.
899|A small blue car on a city road.
900|Two persons flying a kite on the sea beach.
901|Baseball on its way to a batter while a runner is on his way.
902|a hydrant  well tired up placed at the middle of the town
903|A bunch of traffic on a very busy street.
904|A man with his hands in his lap sitting beside a television
905|A group of people are gathered in front of an inn.
906|Two giraffes and an ostrich at the zoo
907|A giraffe has fallen to sleep while standing up.
908|An assortment of fruits are viewed up close.
909|a virgin atlantic train pulling up at station.
910|A motor scooter sits parked in front of a brick wall.
911|A man is sitting on the swing with his dog drinking.
912|A wooden doll stands in front of a computer keyboard.
913|Teenagers are at a skateboard park with skateboards.
914|Children are sitting on the side of the boat in the water.
915|a stop sign on a wooden pole in front of an empty field.
916|People at a dining table with bowls of food and drinks.
917|Three cows eating with a small island in the far off distance.
918|A couple of stuffed toys under a pink blanket on a blue cushion.
919|Several cats sitting near a tree and a bird on a fence post.
920|a lady tennis player standing close to the net
921|A giraffe standing next to grass and palm trees.
922|a person riding on a bicycle on the street in front of some cars
923|a cat with some items laid on top of him.
924|A bathroom with the color scheme of orange and white.
925|A young boy riding a skateboard down a parking lot.
926|a kid swinging a bat during a baseball game
927|A woman walking down a street next to a yellow fire hydrant.
928|A large pair of baby blue scissors sitting next to a  coin.
929|A woman is picking up her suitcase at baggage claim.
930|Corner of intersection of building with foreign language sign.
931|A group of people that are sitting at a table.
932|A giant pair of scissors in a courtyard in front of a large building.
933|A large bus and some people on a road.
934|A man on skiing into the water after sloping off a snow mountain
935|A row of picnic benches and coca cola umbrellas outside a restaurant.
936|a number of people holding a number of open umbrellas
937|a close up of a giraffe and a zebra in a field near trees
938|Several people and parked mopeds in line in front of a business.
939|A baseball player pushing another player on to the field
940|Very long train running down a rail way over a half mile long.
941|An older photo of a woman on a tennis court posing with her raquet.
942|A group of people in a living room playing video games
943|A marsh area with egrets and shrimp boats
944|many people sitting on a field with two people sanding
945|A man riding a wave on a surfboard near a para sail chute.
946|Four people enjoying a meal are posing for their picture.
947|A toy hot dog and ketchup bottle on a table.
948|There is one cow in the field by itself.
949|A tall cake is decorated with flowers and white icing.
950|A multi-colored airplane makes its way through the blue sky.
951|A red stoplight that is on a pole.
952|A group of decorative objects are sitting on a windowsill.
953|There is a young girl smiling at the camera.
954|A red detour sign that is on a pole.
955|A couple of white sinks and bath in a room.
956|The bottles of Pellegrino are all lined up.
957|A large clock is standing in front of two large buildings.
958|A living room with several chairs and trees painted on the wall.
959|The grey and white cat stares up near a laptop.
960|A outside view of a store with many clocks
961|Two people play a video game on a projection TV.
962|A lagoon with crystal blue water filled with boats.
963|A woman carrying a bag down the street in a black and white photo.
964|A stop sign is at a corner near a donut sign.
965|A group of young people standing around each other.
966|A picture of a man eating birthday cake.
967|A child on a beach flying a kite.
968|a kitchen with an oven cabinets and a stove
969|The guys are  playing ball  in the field.
970|A woman's face next to an oven cooking food.
971|A large train boarding passengers at a train station.
972|A couple of men standing on top of a field together.
973|The man is standing in the trees holding an umbrella.
974|This man is walking through a living room.
975|Two zebras graze in a field of short grass.
976|A person on an orange compute while another is on her cell phone and the third one is staring out in space.
977|A large group of people standing near some rocks.
978|A train that is sitting on the train tracks.
979|A stop sign sitting on the side of a road.
980|A piece of chocolate cake with chocolate frosting
981|A plate with eggs, sausage and bacon sitting on a table.
982|A couple of bikes parked next to each other near a ramp.
983|Three men wearing suits standing next to each other on a field.
984|A teddy bear ad a pillow sitting side by side.
985|A gray and white cat sitting in window next to a tiger cat.
986|A little boy asleep under a sunflower print blanket
987|People seated in a restaurant all turned in one direction with some taking pictures.
988|Yellow fire hydrant surrounded by grass with graffiti on it
989|An adult and baby zebra standing near several logs.
990|A man standing in the snow on top of the mounting about to go skiing.
991|A man stands holding a rope tied to a bull.
992|An all white kitchen with an electric stovetop.
993|A woman with a water hose washing down a passenger rail car.
994|A group of girls on a yellow rowboat.
995|A little boy that is standing on a tennis court with a racquet.
996|A plate that has a dessert on it sitting on a table.
997|Multiple images of different areas of a public bathroom.
998|A bunch of food that is sitting on a plate.
999|Half of the pizza on the tray is gone.
1000|A man stands next to a prized farm animal.
1001|A giraffe bending it's head over a horizontal bar.
1002|A man sitting on a couch with a laptop on his lap and a laptop on the floor by his feet.
1003|A man is holding a bunch of bananas.
1004|A cat that is laying down on a table.
1005|A picture of a guy on a skateboard
1006|Man sitting in a chair drinking a shake
1007|A view of a large well decorated living room.
1008|A man feeding pizza to a reluctant toddler.
1009|A cat that is on top of a car.
1010|a woman is standing next to a goat
1011|a person holding a surf board standing on a beach
1012|A horse in a pasture by a barn.
1013|A Wrong Way sign in the foreground of a church steeple.
1014|A baby elephant having fun playing in a river.
1015|A person sitting at a table with a plate of food.
1016|A young boy holding a bat on a city street.
1017|A dining table and some chairs in a kitchen.
1018|A desk with a monitor, keyboard, and various other objects on it.
1019|A large pole clock in front of a large Victorian home.
1020|The computer desk in the corner is by a window.
1021|A bedroom that has a bed frame but no mattress.
1022|A kitchen filled with lots of counter top space.
1023|a group of men riding bikes down a road and wearing helmets
1024|Black car sitting at a red light intersection.
1025|A guy does a skate board trick while people watch.
1026|Close-up picture of a pigeon on a ledge with people in background.
1027|A girl hugs the head of a giraffe while someone else photographs it.
1028|there is a large bus that is coming up the street
1029|A train traveling under a pedestrian bridge at a station.
1030|The image is of a skateboarder jumping over a fire hydrant on a city street.
1031|Many zebra are walking near each other through tall grass.
1032|This is an old picture of an old base someone recovered while looking for artifacts
1033|Seven men and women all mounted on horseback outside.
1034|A bay with some boats docked in it
1035|A zebra and other animals stand on a grassy area.
1036|a woman sitting in a car while holding onto a cake in a plastic container
1037|a man riding among a large herd of horses
1038|A group of people standing in front of an airplane.
1039|A bus knocked over on it's side on a snow covered mountain.
1040|a dirt bike parked next to a motor home and vehicle
1041|An old abandoned train at the bottom of a mountain.
1042|Many people with skateboards sit on the edge of a set of stairs.
1043|Dog trying to pick up an object with its mouth underneath a bench.
1044|Feet hanging of the side of a white and black boat.
1045|A tellow, red, white and blue airplane against a blue sky.
1046|a dog is lying on his back on a well made bed
1047|a cat sitting on a floor in front of a laptop
1048|a street light that is covered in dirt and rust
1049|Three zebras standing in the sand in a zoo.
1050|A paper plate with two slices of pizza one half eaten.
1051|A pudding cake with chocolate pieces on top.
1052|Two men are playing video games together in a living room.
1053|A small blue and white gazebo sitting underneath a lush green tree.
1054|A skier with beard posing on top of a slope
1055|A black and white boat anchored at a boat dock.
1056|a person is sitting near a pizza on a pan
1057|Two girls soccer teams are playing a game of soccer.
1058|A stop sign with a blue sky and a few clouds.
1059|An old pink teddy bear sitting on a tree branch.
1060|a person jumping a snow board in the air
1061|a group of luggage sitting on the ground next to some tables
1062|An old abandoned train car with graffiti on it
1063|A group of airplanes in the sky in formation.
1064|a person sitting on a bench near a child playing
1065|A food truck sits near a large group of people in a courtyard.
1066|On a beach, there is a clock in the middle of the sand.
1067|Two cups of coffee are on a table by an italian coffee maker.
1068|The woman is cooking in the big kitchen.
1069|A woman with a racquet standing on a tennis court.
1070|A clock tower by street next to cars at night.
1071|A woman in a business kitchen preparing salads on a steel table.
1072|Computer parts and components with monitor and keyboard on wooden floor.
1073|A woman standing in front of a giraffe.
1074|A teddy bear leaning against a tree next to the road.
1075|A bus stop with a slightly damaged bench.
1076|A large number of green and yellow bananas in wooden containers.
1077|A skateboarder at night is making a jump.
1078|A blue bathroom has an updated sink and toilet.
1079|a man water skiing at in the water at the beach
1080|A big white box truck parked on a city street on a nice day.
1081|A person on a motorcycle wearing a helmet.
1082|Old man in green rides horse with another horse in tow
1083|A table filled with food and surrounded by people.
1084|A zebra grazing on a lush green field.
1085|people looking through a house this room has a canopy bed
1086|A latino man riding a red motorcycle down a street.
1087|A clock is at the center of a tower.
1088|A glass cube window behind a glass shower door.
1089|Some cows grazing on grass by the beach.
1090|A blue plate topped with food next to a  fork and knife.
1091|A pit bull dog on a messy bed.
1092|a horse with reins tied up to a tree
1093|A person is riding down a ramp on a skateboard.
1094|a man that is opening up some kind of bag
1095|A cat curled up in a white bathroom sink.
1096|Large public transportation train in different coloration sectionals.
1097|frosted donuts in a display case to feast upon
1098|A man kneeling in the sand with a colorful kite.
1099|A sign in front of a brick wall that says accident prone zone
1100|This photo shows someone grasping the handle of a green piece of luggage.
1101|Two people sit at the table and eat cereal.
1102|A black colored park bench next to fallen leaves and large trees that are bare.
1103|Two people at a table of a restaurant with a deep dish pizza.
1104|a number of people in a field with many kites flying above
1105|A woman with brown hair surfing on a small wave
1106|a boy sitting on a skateboard holding on to a stick with wheels
1107|A man sitting in a passenger seat of a vehicle, wearing a dress shirt and tie.
1108|Fork and knife rest on napkin next to a round plate with broccoli and mushrooms
1109|A shower base is installed as a bathroom undergoes renovations.
1110|A small airplane is parked on the runway.
1111|A man wearing sun glasses, a tie and a suit.
1112|A train traveling over a bridge suspended over a dirt road.
1113|A group of mature people celebrate with wine.
1114|Commuter train running parallel to a street with apartments and office buildings near by.
1115|A young man plays tennis at the Western and Southern Open.
1116|A sign post with a wrong way sign, a cross walk sign and a traffic light mounted to it.
1117|A long line a men on bicycles in a race.
1118|a jet engine on the wing of a plane
1119|a shirtless skateboarder is doing a trick and trees
1120|A bridge with many people walking down it .
1121|a large black and white cat sitting on a computer keyboard looking at the screen
1122|Two dogs looking to their left as their food sits on the floor.
1123|little league baseball player throwing a baseball from the mound
1124|A dish of pancakes covered in bananas and strawberries.
1125|a very tall clock tower sticking out of a building.
1126|The woman with an umbrella watches many people in the ocean.
1127|A bed made out of large slabs of wood, with end tables on both sides.
1128|a person laying on a bed with a short ceiling above
1129|Cute dog sticking it's head out of the window.
1130|Two people skiing down a snow covered hillside.
1131|an image of a man that is wearing a tie
1132|A plate of chicken and broccoli next to bowls of rice.
1133|An man with a red and black wet suit surfing on the ocean.
1134|A man is stirring something in a small bowl.
1135|A variety of donuts inside a glass display case.
1136|a person operating a blender hooked up to a small motor
1137|The living room is all decorated for Christmas.
1138|A cluttered desk with a black chair next to it.
1139|A microwave with a glass dish full of rice and mushroom food.
1140|A woman lays on a bed with a cat and a dog with a restraining collar.
1141|Adult teacher keeping watch on students in classroom.
1142|A yellow train engine pulling train cars over road.
1143|A man posing for a picture with a snowboard atop a snowy mountain.
1144|Three animals are standing near a body of water.
1145|A bus parked in front of a library building.
1146|A snow boarder is preceded by his long shadow as he skis.
1147|Four cops on the back of horses stand in the street.
1148|A double decked bus is stopped in traffic.
1149|A trolley drives down Main Street in Memphis, Tennessee.
1150|A hand holding a hotdog over a paper tray.
1151|Two zebras in an animal park behind a wire fence.
1152|a table with different fruit, including apples, oranges and bananas
1153|Small boat tipped sideways with a likely chance of flooding.
1154|Small white and orange commuter plane preparing to land.
1155|theres a number 41 bus with a green stripe on it
1156|a red motorcycle is sitting outside near the sand
1157|A customer service representative helps a client make a choice.
1158|A group of benches with Coca Cola umbrellas over them.
1159|The small toilet sits in the corner of the bathroom.
1160|Fruit are arranged in white net cups and in plastic containers at a market.
1161|A large brick bulding with a massive clock on the face of the building.
1162|The back of a Volvo bus approaching a hotel
1163|a commercial jet airplane flies through a blue sky
1164|Man on surfboard riding frothy wave near beach.
1165|A person riding a skate board above a big pipe.
1166|a large brick building with a clock on it
1167|A field covered with snow has several sheep in it.
1168|A window with blinds that are pulled up halfway
1169|Three women sit smiling at a table covered with wine glasses.
1170|A giraffe's profile against a blue sky beside a large hill.
1171|An adult standing behind a little girl while holding an umbrella.
1172|A full view of an individual touching his dog at the back of the trunk.
1173|some chairs sand umbrella flag water and people
1174|Two apple products with two people lounging behind them.
1175|Baseball game close up of batter, catcher and baseball fans.
1176|A large ocean liner docked outside of a city.
1177|Adults enjoying game of badminton on grassy field.
1178|A fresh pizza with broccoli on it is shown.
1179|a black and white dog a bicycle and a person and buildings
1180|A woman in a dress and Mary Janes bends down towards a Frisbee in a fenced in yard.
1181|A table with a lamp on top of it next to a couch.
1182|A fire truck and 2 ambulances have responded to the vehicle accident.
1183|A pair of pizza's sitting on plates with spinach, cheese and tomatoes.
1184|A man that is sitting on a couch.
1185|A cat is sleeping on the arm of a couch.
1186|there are three boys sitting down with their luggage
1187|an entrance a clock and some colonial arch type architecture
1188|A yellow bird head down in a small plastic cup.
1189|A boat floating down a river next to a blue bench covered shore line.
1190|A kitten on a bad with its arm stretched out toward the camera
1191|A table with several pocket watches on it.
1192|A group of steer with large horns lay in a field.
1193|A Delta plane is just about to take off from the station.
1194|a stuffed animal lying on the open page of a magazine.
1195|The traffic light and street signs sit by a red fire hydrant.
1196|A bird that is sitting on a ledge.
1197|Looking down the length of a remote control at a television screen
1198|A tennis player is competing on a court.
1199|Many ducks are congregating on the  island in the sea.
1200|A train locomotive pulls many empty rail cars behind it.
1201|A small black bear waling up to a trash can.
1202|a street with traffic and wet roads from the rain
1203|A garden with  a bench sits outside a red building.
1204|Pots and covered dishes setting a stove in a kitchen.
1205|Rice, broccoli, onions, and tomatoes sitting on a plate.
1206|The dog with a cartoon collar is looking out of a car window.
1207|a train on a train track with trees in the background
1208|Two trains that are on the rails near a station.
1209|A cat that is eating some food on the ground.
1210|A zebra eating green grassy items for his lunch.
1211|A lamb standing on a hillside with a blue house in the background.
1212|a man runs on the court during a tennis match to hit a ball
1213|A man wearing a short skirt and tighty whities.
1214|A polar bear swimming in water near a rock wall.
1215|A bench in front of a track and field.
1216|A woman sits on a bed and enjoys reading a book.
1217|A very tall building with lots of windows.
1218|A street sign with graffiti on it next to a building.
1219|A Kuwait Airlanes jumbo jet docked at an airport terminal with other planes behind it on the runway.
1220|a man in a red jacket and a woman mannequin in a red top
1221|A group of skiers on a sunny mountain slope.
1222|A large white clock and some vehicles on a road.
1223|a couple of people are standing on a tennis court
1224|A person jumping a skateboard over the stairs of a statue.
1225|A sauce plan holding a stew of vegetables on a stovetop.
1226|A train locomotive sits on tracks with houses in the background.
1227|An orange on the tree surrounded by leaves.
1228|an odd looking red and yellow train sitting on the track
1229|A woman walking two dogs while pulling a suitcase next to a man walking with a suitcase and a baby
1230|A little girl sitting at a dining room table in a house.
1231|A row of bathroom toilets by a green wall.
1232|A bear standing on the ground nest to a fence.
1233|A horse that is laying down in a grassy field.
1234|A hotel room bed is freshly made up.
1235|A boy with an earring and a hat wearing a tie.
1236|Two people flying a multicolored Mickey Mouse kite.
1237|A man is inside the refrigerator with a carrot in his mouth.
1238|A building with wide open windows and red ivy
1239|A bowl of food sitting on the edge of a sink.
1240|A kitchen with counters, a sink, a refrigerator and a microwave in it.
1241|A person skis down a snowy hill dotted with trees.
1242|A horse with spots on it looking out of a stable.
1243|A plate of food and a mug of tea.
1244|A gray and red bird sitting on top of a table.
1245|A fan sitting next to a white sink.
1246|Two large white commercial airliners on an airport runway.
1247|A small adorable dog sitting under an umbrella.
1248|A bathroom sink with a large mirror above it next to a doorway.
1249|There are plenty of sheep walking together outside the ranch.
1250|A man walking a dog on a beach near the ocean.
1251|a guy long boarding in the parking lot near a road
1252|A rusted out ship sitting on top of a body of water.
1253|A little girl standing in front of the elephant exhibit looking back at the camera
1254|A group of elephant statues standing on top of blue bases.
1255|A small grandfather clock, a sideboard and a dining room table.
1256|A man riding a motorcycle down a road near a forest.
1257|a motorcycle parked on the road in a desert
1258|a red fire hydrant outside in a yard.
1259|An airplane that is sitting on pavement and boarding passengers.
1260|A view of an airplane flying in the air.
1261|Closeup of a person whose legs show a lot of veins.
1262|A seagull sitting on a cement ledge across from a lighthouse port.
1263|A small sculpture of a person riding on a skateboard
1264|A woman walking down a street pulling a piece of luggage behind her.
1265|A large number of persons flying kites on a beach.
1266|A living area with a fan and furniture covered in white blankets.
1267|Fish sitting on a boat with a gutting knife and lure sitting next to it.
1268|A man with some kind of electronic device needs to rebutton his suit.
1269|BLACK AND WHITE PHOTO OF A WOMAN, TWO CHILDREN,HORSE,COW AND A DOG
1270|A man in a baseball uniform warming up preparing to bat at a baseball stadium.
1271|Two blocks with pictures of cats and a woman are holding a piece of wood.
1272|A man holding a camera in between his hands.
1273|A LOT OF SEAGULLS FLYING AROUND AT THE BEACH
1274|some elephants in some tall brown grass and trees
1275|Cars are parked on the street near an old building.
1276|Two men sitting on separate city benches at a park.
1277|a truck that is driving down the road
1278|A truck of some sort moving along a road.
1279|Red stop sign sitting on a pole in the middle of city street.
1280|A bird on the ground next to a person at a table.
1281|A long bridge with a train going down it overlooking the water.
1282|A person wearing glasses and a hat standing on a platform as a train enters.
1283|A man is blocking a soccer ball from the goal.
1284|A couple of brown bears standing on a log.
1285|a man is playing tennis on a court
1286|Baked pizza with cheese and vegetables on display.
1287|a man on a cell phone holding a microphone up to his ear
1288|there is a airplane that is being boarded
1289|A basket of fruit is sitting on a table.
1290|Panda bear sitting on top of a tree eating a branch.
1291|A slice of chocolate cream filled chocolate Swiss roll is on a plate with a fork.
1292|A weather vane atop a cathedral clock tower.
1293|people walking down the street at an atm machine.
1294|A variety of people skiing on a mountain course.
1295|A motorcycle, moped and a bus parked by the street.
1296|A large prepared piece, sliced and ready to eat on a serving platter.
1297|a train sitting on a train track at a stop.
1298|A whole cheese pizza sitting on a wood pan on a table.
1299|Two cardboard boxes stack on top of each other next to a metal box.
1300|A beach area that has people on the sand and one person flying a kite overhead.
1301|A green street sign mounted to a traffic light.
1302|a living room arrangement in a furniture store
1303|Camera equipment is set up in a room with vending machines in the background.
1304|A woman wearing a floral dress is holding a umbrella
1305|A large group of people sitting a big table.
1306|some buildings some trees people and cars and signs
1307|A heavy set man sitting on a bench alone with a light colored shirt on
1308|A woman standing in a kitchen preparing food.
1309|A man with a surfboard walk along the beach in front of a couple.
1310|A man is jumping on a ski board across some snow.
1311|A big dog next to a person's leg.
1312|a bunch of people playing soccer in a field
1313|Fully loaded pizza being eaten by a man.
1314|there are many white sinks and toilets here
1315|A young man holding an umbrella next to a herd of cattle.
1316|A man in a suit tossing a frisbee
1317|A person para-surfing on a mostly sunny day at the beach.
1318|A person is riding a ramp on a skateboard.
1319|there is a woman and a man standing in the kitchen together
1320|Pink tulips sit in a vase in the window.
1321|A deep freezer and refrigerator are displayed together.
1322|A clean white toilet with the lid down in a bathroom.
1323|A small asian girl holding a red umbrella.
1324|a male in a black shirt a cellphone and a bridge
1325|A small sheep is standing under a wooden fence post.
1326|Two giraffes and several other large animals roam a tropical zoo paddock.
1327|A vase filled with red and white flowers.
1328|A cat is standing on a board game
1329|Two seagulls sit on the top of a street light.
1330|A subway station with a parked subway train.
1331|a picture of a big passenger airplane taken from indoors
1332|A bus with two floors stands stopped near some cars.
1333|This is a group of ducks walking across a Sam's Club parking lot.
1334|Several elephants standing on stools during a circus act.
1335|A kitchen filled with a metal stove top oven.
1336|A puffy pizza is on a metal plate on a table.
1337|A large giraffe standing in a dry brush field.
1338|There are people skiing at the ski lodge on the mountain
1339|A piece of luggage painted with the Eiffel tower on the side of it.
1340|a pole that has a couple of signs on it
1341|A tennis player holding a racket and playing tennis.
1342|a green taxi cab in front of a bus on a city street
1343|A lot of very big kites in the air.
1344|The silhouette of a man checks his cellphone.
1345|Three Asian women are dancing around with umbrellas.
1346|A cell phone fits snugly in a crocheted phone case.
1347|an old truck sitting in the desert all painted
1348|A man on a skateboard on top of concrete.
1349|There is a cat standing in a toilet.
1350|Two men smiling and taking a picture together.
1351|The train is traveling down the railroad tracks.
1352|A cat with its paws on a laptop.
1353|A warehouse filled with toilets, sinks and tubs.
1354|A blue and red airplane is about to take off.
1355|A brown dog standing over two stuffed animals.
1356|This hotel room is divided into a living area with a couch, and a sleeping area.
1357|A man in black coat standing under umbrella next to a building.
1358|A child on skis standing in the snow.
1359|a close up of a person holding a plate wit ha sandwich
1360|A large train is traveling down the tracks.
1361|The sandwich features a large portion of meat.
1362|Man riding on edge of an oval ramp with a skate board.
1363|A black car, a toilet, and a van sitting on the side of the road.
1364|White work truck with graffiti parked beside newspaper bins and fire hydrant.
1365|A bend traffic metal sign on the sidewalk.
1366|A man sitting in a chair, in a black and white photo.
1367|A woman sitting with a little girl holding a doll.
1368|a number of doughnuts behind a display glass
1369|A bathroom with a large walk in shower and sink.
1370|a couple of birds are standing in a field
1371|a woman riding a horse over some tires
1372|Black-and-white dog barking at a Blackcow in a few.
1373|A crowd of people flying kits on a beach next to the ocean.
1374|Children playing baseball with fans in the bleachers
1375|A teddy bear sticking out of a postal shipping box.
1376|A man is riding an elephant in the jungle.
1377|there are many street signs on a large street pole
1378|A puppy pulls a line of toilet paper.
1379|Elephants are standing in and near a water source.
1380|A street with traffic stopped by a person directing traffic.
1381|A person is going to eat a toasted sandwich with meat.
1382|a clock with two gunman from the old west
1383|A metal statue of two women sitting on a bench.
1384|A worker stands near umbrellas depicting animal faces.
1385|A black and white photo of mountains and the sky  .
1386|a motorcycle with a luggage holder in the back parked next to a waterfall
1387|A motorcycle is parked with several bicycle tires attached to its rear.
1388|A person performing a trick on a snowboard.
1389|a computer desk with a computer and laptop on top
1390|a kitty playing with a wii remote on the couch
1391|A large white boat in the open water.
1392|A little kid getting a piece of food out of the fridge.
1393|Two traffic attached to a pole on a tree lined street.
1394|Teen baseball player ready to bat while other teammates take practice swings in background.
1395|A bathroom with mirrored doors and a large mirror.
1396|A cat is sleeping on a wooden chair
1397|The skiers are coming down the ski slope.
1398|A gray cat resting on a carpet on the floor
1399|Doorway view of a bathroom that includes a toilet and tub.
1400|A young child is sitting at a bar and eating.
1401|Bunch of people crowding the street all on skateboards
1402|A man holding a freshly baked pizza with bacon and chicken on it
1403|A dog finds something to chew on underneath a bench.
1404|a man standing on one hand holding onto a skateboard
1405|Birds walking at waters edge in the rain.
1406|A Philly steak sandwich with sliced beef, onions, and cheese on a bun.
1407|A rack with some doughnuts in a glass case.
1408|A counter with many items on it located in a cafe.
1409|A plane flys over a range of mountains
1410|a person skiing on a ski board on a snow covered slope
1411|an odd looking red business vehicle with a surf board
1412|An airport with an airplane in the air.
1413|a person getting ready to fly a kite on the beach
1414|A pile of luggage rests outside of a train.
1415|A row of wooden benches sitting under a covering.
1416|People holding umbrellas walk down a city street in the snow.
1417|Children standing in the bathroom brushing their teeth.
1418|A black cat is wearing an aluminum foil hat.
1419|A train riding on a track near a platform.
1420|a clock mounted on a pole on a sidewalk next to a street.
1421|A man riding a wind sail over a large body of water.
1422|A man riding a wave on a surfboard.
1423|Multiple electronics on a desk with a computer.
1424|A kitchen that includes a stove, ovens and refrigerator.
1425|A little girl in red is touching a fire hydrant.
1426|A group of military officers cutting a cake
1427|A stop sign and street sign encased in a wall of snow.
1428|A large decorative living room or sitting area .
1429|Some chopped up food sits on a cutting board.
1430|This woman is holding what appears to be a carrot.
1431|Two large animals walking in the tall grass.
1432|There are a herd of cows laying on the beach.
1433|A cat sitting on top of a window sill next to a window.
1434|An old building has asian writing on it.
1435|a bath room with a toilet a stool and handle bars
1436|A zebra walking through the grass next to a bush.
1437|A group of boats that are sitting in the water.
1438|A catchers mitt with a baseball sits on top of a blanket.
1439|A bald man has a white substance on his head while others look on.
1440|Some taxi cabs parked along the side of a road.
1441|a person is preparing to hang glide in the sky
1442|The upper half of a man posing for a photograph wearing a suit with a blue tie and matching pocket corner.
1443|A fake zebra is standing under a sign.
1444|A motor boat leaves a wake as it pulls two waterskiers behind it.
1445|Two people playing a game of tennis.
1446|A bunch of candles that are on a cake.
1447|An Egyptian airlines plane landing at an airport.
1448|A white passenger airplane flying in the air.
1449|A surfboarder falling off his board as a wave hits
1450|this is a man in the middle of a tennis match
1451|The computer is set up on a night stand next to a bed.
1452|A young woman taking a bite of food
1453|a white oven and a black stove and some pans
1454|A man wearing a white shirt, plaid tie, a grey hat and glasses smiling with his eyes closed.
1455|A picture of a bus that is turned over.
1456|A woman chopping vegetables in the kitchen looking at a recipe
1457|A man has his umbrella folded up while the rest of the people have theirs open.
1458|A group of assorted pastries with various toppings.
1459|A man walks across the street at a city intersection.
1460|A team of ultimate frisbee players jump for the frisbee.
1461|A nerd holding a tennis racquet on a tennis court.
1462|A dog eating a Frisbee on the ground.
1463|An intersection with a wooden light pole on a sunny day.
1464|The man with the laptop is wearing headphones.
1465|A person airborne with skis going down a ski slope.
1466|a person holds a cigarette and a baseball bat
1467|a silver parking meter a street and a building
1468|a person riding a skateboard on a wall
1469|A man standing in the middle of a room while a person lays on the floor.
1470|A half eaten doughnut sitting in the middle of a street.
1471|A skier passing two people on a snowmobile.
1472|Officers are standing and on horses to form a line across a town center.
1473|Folded red cloth with a plate on top containing a bran muffin, small tin of cream cheese, and a butter knife, behind which are a red apple and a glass of ice water.
1474|A small red and white plane flying in the sky.
1475|Gummy bear constructed out of gummy bears. sitting on a display.
1476|a wet black dog running on the beach
1477|THERE IS A BLACK AND WHITE CAT IN THE BACK GROUND
1478|A woman holding a cat over a cake and cupcakes.
1479|One elephant standing away from the rest of the herd, drinking water.
1480|I hope that he doesn't get hit by a car while talking on his phone and walking across the street.
1481|A dog sits on the sidewalk while a girl looks at her cellphone.
1482|A man holding a brown teddy bear while wearing a hipster shirt.
1483|Red bus, in a black and white photo, driving down a street.
1484|Living room with coffee table and a brown couch and chair.
1485|a person surfing down a river on a surf board
1486|A bed is sitting on a wooden frame.
1487|A large display of assorted fresh vegetables in a pile.
1488|Two toddlers are on a bed and one has red and white pajamas on.
1489|A storm moves past a lighthouse overlooking the sea.
1490|The men and women was sitting in the back of the truck
1491|Two bear cubs are chained to each other outside.
1492|a kid and a brown dog in a room with a small bed
1493|A charred pizza rests on a pedestal at a restaurant.
1494|A airplane fliyng near a mountain with its wheels out to land
1495|A woman, girl and doll sitting under an umbrella.
1496|A large long hallway with many doors to the sides and a large window at the end with a clock.
1497|a person that is standing up outside looking at a map
1498|A dog is riding the waves on a surfboard.
1499|A man outside playing frisbee in front of a building.
1500|Chickens play next to the pretty yellow flowers
1501|A fried egg is nestled inside a piece of crusty bread.
1502|A Woman sitting on top of a bed while using a laptop computer.
1503|A birds is soaring across the blue sky
1504|A mirror image of a red haired doll clock.
1505|a black cat is sitting on the back of a bike
1506|A man cutting a cast off another person with scissors.
1507|A bunch of apples are laying on a stone-like surface.
1508|there is a person standing on a ski hill smiling
1509|A baseball player in a black and white uniform is next to a player in blue and white.
1510|A plate topped with two hot dogs covered in coleslaw.
1511|a kid holding a wii remote as she sits on a couch
1512|The bathroom has white modern fixtures and a brown floor.
1513|A yellow skateboard wheel touching the pavement on a sunny day
1514|A baseball player has just swung his bat.
1515|A no parking zone sign, on a street corner.
1516|a double decked bus sits parked next to a side walk
1517|A very dark bedroom with unmade beds and a television.
1518|a close up of a street sign with a sky background
1519|a small blue bird is standing on a rock
1520|A skier going down the side on a mountain.
1521|The back side of an airplane sitting on a runway.
1522|A white car driving past a building with it's reflection in a microwave door.
1523|A red stop sign sitting on the side of a road.
1524|A snow-filled uncleared road in a suburban setting.
1525|a number of people rising horses on a city street
1526|A small girl smiles, holding a tray with a hot dog and nachos.
1527|A man shearing a sheep, wool scattered around.
1528|A boy hitting a tennis ball with a tennis racket on a tennis court.
1529|one man looks at a laptop and two others look at a toy truck on a beach
1530|A soccer player in uniform runs toward the ball.
1531|A black dog sleeps on a blanket and mattress.
1532|A group of people flying giant kites next to the ocean.
1533|A person doing a trick on a skate board.
1534|A very nice honda motorcycle in front of a car.
1535|A white cat is sitting on top of a laptop computer.
1536|Two men are seated at the table with their laptops.
1537|A toy navy air plane being flown  over a yard.
1538|An old train going down the train tracks.
1539|A desk with speakers, a monitor, a mouse and a keyboard on it.
1540|A baseball player swinging his bat at the plate.
1541|Cows sitting in an enclosure on grass covered ground.
1542|A rope tied to an elephant statue by a vase.
1543|Traffic is stopped at a red light at the intersection.
1544|Two kids on bikes with one having a backpack.
1545|A man is standing in a kitchen with brick ovens.
1546|The double-decker tour bus proceeds down the road.
1547|A colorfully painted motorcycle on display with other motorcycles.
1548|A man catches a Frisbee while jumping in the sand.
1549|A man playing an interactive video game in his office.
1550|A simple bathroom with a toilet and bidet.
1551|A canoe boat with 2 people sailing with mountainous background.
1552|A person in tennis shoes has one foot on a skateboard.
1553|A red stop sign sitting on the side of a road.
1554|A dish of rotini and shell pasta tossed with broccoli and parmesan cheese in a lite white sauce.
1555|A computer mouse with other desk items nearby.
1556|An angel food cake has been decorated with multi-colored sprinkles.
1557|a child in bed with a pacifier looks at a picture book while an adult looks on
1558|A sandwich and side-dish with fork sitting on table with containers of sauces for dressing.
1559|Hot dogs are on a grill full of charcoal.
1560|A persons hand holding a cell phone up.
1561|A man and woman holding controllers in their hands while talking
1562|A macaroni and broccoli dish on a white plate.
1563|A guy in a small room rubbing an ironing board.
1564|A dinner plate with broccoli, cauliflower, and stew.
1565|A man and woman standing in front of a large cake.
1566|A red and white painted fire plug on the sidewalk.
1567|A skier stops at the edge of the woods.
1568|A cell phone lying on a picture of a young man holding a similar cell phone.
1569|A pile of various types of scissors on the table.
1570|A birthday cake surrounded by chips, dips, vegetables and fruits.
1571|An orange cat with green eyes is laying over a paper.
1572|An interesting traffic light with a round mirror.
1573|Car with bikes and crowd with umbrellas on wet road
1574|A piece of chocolate cake is decorated with strawberry.
1575|A display of donuts six for five dollars
1576|two cruise ships docked near a beach resort
1577|a large staircase in a commercial building with a large cube clock hanging above it
1578|A joke stop sign saying go placed before the real stop sign.
1579|A full grown adult zebra and a baby zebra.
1580|Car mirror with dog's head reflected on sunny day.
1581|A vase with flowers inside and some strange growth at the base.
1582|A bike parked next to a street in a city at night.
1583|A bird holds out its large wings while standing on a fence.
1584|There is a crowd of people standing by an airplane.
1585|A couple of people that are standing near a train.
1586|A close shot of a clock that reads between 11:20 and 11:23.
1587|Porcelain bowls inside of a museum with placards describing them.
1588|A very nicely dressed lady by a big display of food.
1589|A cute brown dog laying on a blanket.
1590|a boy that a tooth brush in his mouth
1591|a zebra in some brown grass and some green plants
1592|A tennis player prepares to hit the ball with his racket.
1593|a variety of vegetables resting next to each other on the table
1594|An elephant standing next to an electric fence
1595|A short, parked truck has a surfboard leaned on it.
1596|A boat moving along a river with tall mountains in the back.
1597|A railroad train that has just gone under an overpass.
1598|A customized motorcycle with a large rear and skinny front tire
1599|An elephant stands in an area next to a fence.
1600|A small bathroom has antique faucet knobs on the sink below a mirror.
1601|a close up of a street sign with a mountain in the background
1602|A baby giraffe is shown in the grass at the zoo.
1603|A black and white photo of a desk with a keyboard and monitor.
1604|A pulled pork sandwich with lettuce as a side.
1605|A cat is wearing a suit tie with a mad expression.
1606|An old ice cream truck parked and open for business on a sunny day
1607|A man coaching small children playing soccer on a field
1608|a man in red and black siding a wave on his surf board
1609|a couple of antelopes stare at a zebra
1610|A comics page from the paper lies on the floor of a bathroom stall.
1611|A suitcase is kept open on bed for packing.
1612|A patch of grass with lots of bikes parked on it.
1613|A group of people siting around a pizza
1614|A room with large windows, a couch and a table.
1615|This is a picture of a bird on a limb of a tree.
1616|a little boy with a unopened toothbrush in his mouth
1617|Two people wearing skis on a snowy hill
1618|A man, a woman in a wheelchair, and a dog are at the beach.
1619|an ad for General Electric with clocks and appliances on it
1620|A giraffe drinking water and some elephants near a watering hole.
1621|a birthday cake with candy on top of it
1622|an image of a statue of men in a carriage being driven by horses
1623|an older person standing holding a tennis rackett
1624|A white horse and a white llama in a grassy field.
1625|A display in a grocery store filled with broccoli and peppers.
1626|A close up view of a pizza sitting on a table with a soda in the back.
1627|a woman with red hair is sitting on a brown bench
1628|A man points at the wall in his kitchen.
1629|Back side of stop sign with cross street signage.
1630|A vase full of pink flowers with a black background.
1631|A woman looking up at the kite that she is flying.
1632|A lot of food that is on top of a table.
1633|The kitchen stove with mixer on the counter next to bottle of water.
1634|A close up of a black and white bird on a grassy area.
1635|two zebras are standing neck to neck
1636|Some very pretty zebras in a big grassy field.
1637|A little boy riding on a pile of luggage on wheels.
1638|A flock of sheep walk on a busy road.
1639|A bull is laying in the hay with another cow.
1640|A man holding a tennis racquet in the yard
1641|A woman sitting on top of a bed with curtains hanging over it.
1642|A shot of an empty bathroom with a walkin shower.
1643|A motorcycle is parked on a dirt road in a forest.
1644|A women who is diving forward with a tennis racket.
1645|Luggage nestled in the open trunk of a car
1646|White bird sitting in front of a lighthouse with a red roof.
1647|A bathroom with a white toilet and tub and dim lighting
1648|A hot dog is in a styrofoam box.
1649|A footlong sandwich on a piece of paper next to a serrated knife.
1650|A woman holding a suitcase standing on the stairs of a train car.
1651|A laptop is plugged in with papers next to it.
1652|A woman smiles from behind the book she has been reading.
1653|A bench fashioned from chopped tree trunks in the woods
1654|an image of a broken toilet thrown in the bushes
1655|a cat laying on a computer keyboard and a monitor near by
1656|Group of people in horse stall petting the horse
1657|Someone flying a kite on a clear day.
1658|Young woman taking a picture off in distance.
1659|Several zebras standing around in the grass.
1660|A statue of a man riding a horse sits atop the sculpture in the square.
1661|2 dogs sit on a wooden floor near the toy they destroyed.
1662|Several different kites flying over a parking lot.
1663|a mini refrigerator has its door sitting open
1664|A person is snow skiing with poles and goggles.
1665|A stop sign next to a street sign missing a letter.
1666|two zebras some brown and green plants and trees
1667|A young man kicking around a blue soccer ball.
1668|A bull standing a field near a couple of trailers.
1669|A view of a single bathtub in an otherwise empty bathroom
1670|A window view of a garden at a workstation.
1671|a herd of zebra standing around in front of some shrubs
1672|A group of people are riding boats and jet skis.
1673|A group of people that are sitting around a table.
1674|An apple, the fruit, sits in front of an apple computer.
1675|A woman in a large empty air plane next to a bed.
1676|A man checking the pulse on a young woman
1677|A group of giraffe standing on top of a dirt field.
1678|A laptop on a round table in a garden behind a home.
1679|A left handed batter, a catcher, and an umpire looking toward the pitcher's mound.
1680|A large commercial airplane is parked for luggage.
1681|A person surfing on the surfboard in the sea.
1682|Old building with lots of paper in windows.
1683|A picture of buildings with a clock tower in front.
1684|A young blonde kid playing with a Wii remote.
1685|Two open laptops on a desk pointing in different directions.
1686|A man sitting at a computer desk in front of a monitor.
1687|a black bird is eating an apple in a pot of dirt
1688|a red laptop with a red phone and mouse
1689|A woman playing a game with some remote controllers.
1690|A pitcher throws the ball towards the batter while other players watch.
1691|The small dog sitting in the center of the walkway.
1692|some people standing in a room in formal wear
1693|Several boats are docked at a large pier.
1694|Two guys in military fatigues looking in hot box at muffins with woman.
1695|An orange pedestrian crossing sign next to a tall building.
1696|A fire hydrant on a city street sidewalk.
1697|This is a darkened picture of a dog chasing a Frisbee.
1698|City roadway intersection near construction area between two buildings.
1699|A train stopping at the train station at night.
1700|a child holding an umbrella next to an adult
1701|Player walking away from home plate carrying bat during game.
1702|And animal stands on a table while a bear rides a bicycle.
1703|A cat laying in front of a bathroom mirror.
1704|A skateboarder comes off his board on a ramp.
1705|A surf teacher and two students practice on the beach.
1706|A white bathroom with a trash can under the sink.
1707|A picture of a plane taking off from miles away from the airport.
1708|a young female wearing shorts on a skateboard
1709|A red trolley passing by a group of people under umbrellas.
1710|A bicycle sits propped up on an air mattress.
1711|There is more than one roll of toilet paper for this toilet.
1712|a mail box standing in the street outside apartment buildings
1713|A man at bat and a catcher on a baseball field
1714|A man on a skateboard jumping up in the air.
1715|A passenger train moving along train tracks in a forested area.
1716|a motorcycle parked on the road next to a grassy field
1717|A couple of bikes in the back of the inside a train.
1718|a man is in the air on a skateboard outside
1719|A glass full of juice with an orange slice sticking out of it.
1720|a bathroom with a large white sink in it
1721|An empty blue park bench on a slight hill.
1722|a group of suitcases sitting by a fence with an umbrella
1723|The school bus features a safety mirror on the side.
1724|a large white bowl sits next to the kitchen sink
1725|Two cows are head butting each other in the pasture.
1726|a group of bikers that are on a road
1727|a woman standing by the road as a double decker bus drives by
1728|A toilet and sink by a window in a bathroom.
1729|A red bike is leaning against a blue wall
1730|AN APPLE COMPUTER IS ON A WOODEN DESK
1731|A plate of food and a cup on a counter.
1732|A Sanyo microwave with the light on sitting on the kitchen counter.
1733|Man in white outfit swinging a racket at a tennis ball.
1734|A street with cars driving down and a traffic signal ahead.
1735|two people sitting on a couch and one is playing a video game
1736|a hotel bathroom with a blue sink and white towels
1737|A man standing on top of a pile or rocks near a plane in a lake.
1738|a dog that is wearing a christmas hat on its head
1739|a white plate with some broccoli and some noodles
1740|A cat lays in the window on a sunny day.
1741|A man on some skis in the snow.
1742|A man on top of a car standing next to a group of mountain goats.
1743|Cat laying on the floor wearing a tie around his neck
1744|A giraffe is poking its head up to some people
1745|A young girl standing under a window next to a toilet.
1746|A round red disc lying in rippled water
1747|A rear view mirror with a large red semi truck.
1748|a close up of a child riding a horse
1749|A view down a street of a couple of buildings and a couple of cars.
1750|A young man riding a skateboard in a dark room in front of a light
1751|A woman that is standing near a bunch of fruits.
1752|A fish tank is inside a underwater themed bed room.
1753|Street sign of Honorary Newton N. Minow Way
1754|A laptop that is sitting on a desk.
1755|A man skateboards on the rim of a skate pipe in front of a crowd.
1756|A television playing in the corner of a living room beside a fireplace arranged with family photos and paintings.
1757|A cat has learned to use a toilet made for people.
1758|A group of men standing next to brown horses.
1759|A man riding a motorcycle that has a side car near a fence.
1760|A couple of people that are playing a video game.
1761|A lady sitting on a bench on the side of a street holding an umbrella
1762|Two people on horseback herding cattle through the woods
1763|A woman playing a video game with the Nintendo Wii.
1764|A newly married couple standing next to a four layer wedding cake.
1765|A TRAIN IS COMING THROUGH TOWN ON THE RAILS
1766|A large elephant with a small elephant standing under it
1767|a large air plane on a snowy surface with a sky background
1768|A very wide road filled with people and some vehicles.
1769|a black and white tub in a home bathroom
1770|Three wind surfers coast freely on the ocean
1771|Two large trucks parked next to each other on the cement.
1772|A large airplane kite with streamers on the tail
1773|A group of adult soccer players waling in a grassy area.
1774|A man in a baseball game running to base and others trying to tag him out.
1775|A woman in lingerie is laying on a soft bed.
1776|A man sliding into home plate as another catches a baseball.
1777|Two children playing in a small living room.
1778|A tray with a hot dog next to fries and a drink.
1779|A blurry photo of two laptops and a computer monitor.
1780|A group of men dressed in medieval clothing
1781|A man is holding an open cell phone.
1782|Two people waiting on a train platform as a train passes by.
1783|a box of doughnuts sit next to a cup of coffee
1784|A small group of zebras that are eating grass.
1785|Bathroom with a sink, toilet, and a shower with towels on it.
1786|Traffic is traveling both ways on the busy streeet.
1787|a man is doing a trick on a skateboard in a ramp
1788|cars parked on the side of the road while people eat at tables outside
1789|A large black bear walking across a field.
1790|A view of a oven with the food flipped over in it.
1791|A white plate topped with a sandwich and other food.
1792|There are some warning signs on a public toilet
1793|a couple sitting on the side of a canal as a boat goes by
1794|A vintage image of a bunch of folks with some luggage.
1795|two bananas some coins a shoe and a cookie
1796|a sculpture of a zebra standing in a garden area
1797|A woman slouching over after paying a game of Wii.
1798|It's impossible to remain upright once the wave gets to the shoreline.
1799|three orange slices with the peel still on
1800|A couple of cows grazing next to an old shed in a valley.
1801|An old-fashioned train going down the tracks with lots of wires overhead.
1802|A street with a few cars and buses driving down it.
1803|A sandwich, fork and bowl of macaroni sitting on a wrapper.
1804|People walking on a city sidewalk where there are shops.
1805|A man who is swinging at a tennis ball.
1806|A mother and her four children dressed up.
1807|A pile of tomatoes, carrots, squash, lettuce and spinach.
1808|A fire hydrant in a grassy field next to a bush
1809|A flatbed tow truck with a vehicle on its bed.
1810|A couple is having a conversation at a gathering
1811|a person standing on a beach flying a kite
1812|a close up of a horse behind a fence
1813|a vase with a flower and a jar full of juice
1814|A woman stands on a beach holding a kite.
1815|Two men standing by a corner of a train car.
1816|A small cluster of bananas growing near a fence
1817|A couple of women standing on a tennis court holding racquets.
1818|a young person riding a surf board in a body of water
1819|A statue of two people flying a kite.
1820|Several plates on food sitting on a table near a phone.
1821|A stop light and a home built chair on a brick floor
1822|People ski together down a snow covered mountain.
1823|A surfer at the beach with their board rigged to the side of a bicycle.
1824|A computer desk with two monitors and a laptop.
1825|The oriental signs are pointing in all directions.
1826|A geisha girl entering a hotel bus at the airport
1827|A woman cutting a man's shoulder length blonde hair.
1828|A baseball game in progress with the next player up warming up with his bat.
1829|A large elephant in mid stride in the desert
1830|A close up of a black and white cat in the grass.
1831|crowds of people on an overcast day, looking up at kites
1832|Several people standing around a watering hole taking photos of elephants.
1833|A man wearing a green sweatshirt with a tie around his neck.
1834|A man holding a girl while she rides a skateboard.
1835|A wooden spoon in a soup pot on the stove.
1836|A truck with a lot of flowers rides down a street.
1837|An abandoned refrigerator sits on littered brick pavement beside a wall covered with graffiti.
1838|There are several bikes parked outside of a building
1839|A large jumbo jet with huge wings is on the runway.
1840|A tennis player in action on the court.
1841|A couple of giraffes eating tree branches in a grassy field with mountains in the background.
1842|The man is riding a bike led by several dogs.
1843|A close up of a white dog with a blue leash.
1844|some men standing at a table with one eating some food
1845|A boat next to a log cabin in a backyard.
1846|A man and two small children with a luggage cart filled with luggage.
1847|Two giraffes going in different directions on a rocky terrain.
1848|A passenger plane driving along an airport runway.
1849|A red-and-white double decker bus on the street
1850|A red and blue chopper is hovering in the blue sky.
1851|A man and women pose at a wedding.
1852|Rows of red umbrellas and chairs lining a beach
1853|Elephants swimming in a water hole in the sun
1854|a woman with a white coat gives a speech to a group of people.
1855|A white plate of pizza on a table.
1856|A tall brown horse is walking in a field.
1857|people standing near a table with open pizza boxes
1858|A family watching a girl run with a pink kite.
1859|Man pointing to woman who is smiling as she takes a picture with her phone.
1860|A couple of men playing a game with remote controllers.
1861|Some people are standing with umbrellas in the rain.
1862|He points at the pizza in the pizza box using his middle fingers.
1863|A city with people walking and buildings in the background.
1864|A tennis player in a pink outfit about to play a match.
1865|Boxes of donuts on a table with a message in a box lid.
1866|Kitchen scene with new wooden cabinets and counters.
1867|A cat sits and stares while on a window sill.
1868|A brightly lit bathroom with busy tile has a large sink.
1869|A train station with a gold and white clock next to glass wall.
1870|A refrigerator door is open and full of condiments, food and drink.
1871|An older man holding on to a train.
1872|Two women wash an elephant in shallow water.
1873|A giraffe standing in front of a grassy plain and blue sky.
1874|A mixer is displayed with food inside it.
1875|A large plane flies in the sky while a reflection shines from the wings.
1876|A platter of appetizers being shared at a table.
1877|Three men playing frisbee with a blue sky in background.
1878|A living room with a lot of chairs and couches.
1879|A woman is sitting in the grass eating while another drinks coffee.
1880|a black bird is sitting on a parking meter and some cars
1881|A man in white shirt and black shorts playing tennis.
1882|A living room with hard wood flooring and black furniture.
1883|A torn black book laying on a table.
1884|A crowd of individuals are gathering up and doing something.
1885|The dining room is incorporated into the kitchen.
1886|a white laptop and mouse on a table
1887|An open book, a plate of food, a canned drink and a laptop on a wooden surface.
1888|Police officers parked in the street on motorcycles.
1889|Two dogs in the back seat looking out the windows.
1890|A table with computer mouse a box and a thermos.
1891|A variety of birds fly over the water.
1892|A blurry and out of focus image of a person on a bike riding in a field  towards cows in the distance.
1893|A curvy road with blue signs at the side of the road and a view of mountains in the background.
1894|The small baby birds are walking in the shallow water.
1895|a horse looking out of a wooden barns window
1896|The baseball player is throwing the ball hard.
1897|A half empty wine bottle beside a wine glass
1898|A brown bear sitting on top of a grass covered field.
1899|Fans observing a baseball game in process.
1900|A young man on a skate board in a pedestrian overpass.
1901|a cat seated under a chair with bow tie
1902|A black refrigerator freezer sitting inside of a kitchen.
1903|Man in gray shirt and sandals walking is street in front of red and black motorcycle.
1904|A man rides a skateboard while being followed by a dog.
1905|man with a tennis racket waits for the ball
1906|Two people carry surf boards under a pier.
1907|A little dog tries to catch an orange Frisbee.
1908|A car is seen in the reflection of the microwave.
1909|a dog that  is sitting in a red car
1910|A man is playing tennis on a gray court.
1911|A large stone building with a clock on it
1912|A dog sleeping and lying down near the door.
1913|A multiple colored plane flying in the air
1914|a close up of two parking meters on a street
1915|Playing Wii with the nunchuk never looked so good.
1916|a number of vehicles driving down a road
1917|A rusty and old looking fire hydrant sits on the concrete in front of a mural.
1918|a blue boat in the water and a factory and a dock
1919|A plate that has a cardboard car holding a hot dog and fries in it.
1920|A vase filled with flowers on a counter top.
1921|some white refrigerators some chairs and a table
1922|A cat laying on top of a couch.
1923|A close-up of a bird on the edge of a roof.
1924|a man on a motorcycle making a turn around a track corner
1925|A man holding a tennis racquet on top of a tennis court.
1926|Two tusked elephants fighting on grass in the wild.
1927|A yellow taxi cab sitting below tall buildings.
1928|A person sitting in front of a desktop computer.
1929|A small room with a bed and window letting in light.
1930|Three people stand near some water watching a bus drive by.
1931|A giraffe lays on the grass while behind it is a fallen tree.
1932|A large metallic refrigerator in a small kitchen.
1933|A very long, yellow train coming around a corner.
1934|Fresh fruit muffin on a plate with a fork in a cafe
1935|Three blue and white vases are shown on a shelf.
1936|A man returning a tennis ball to his opponent on the court
1937|A bench on a concrete slab overlooking a lake.
1938|A white Arabian horse with a decorative bridle and collar.
1939|A pizza sitting on a plate in front of a glass of wine.
1940|This lamp is standing near a wall that is painted red.
1941|Street markers pointing to different locations in front of a few stores.
1942|A guy with a gray sweater and a guy with a blue shirt play video games together.
1943|A group of adults are watching television standing up.
1944|a small field of white flowers with a bench in the background
1945|A house renovation showing an unfinished room next to a kitchen.
1946|A man is trying to feed a donkey a carrot.
1947|A jar of homemade sangria sitting on a table.
1948|A cake made to look like a water fall with rocks and tress around it
1949|A man playign sports in the middle of a stadium
1950|a man sitting in a room with a food on a table
1951|A table that has a large number of small cups of food on it.
1952|A woman is sitting with a suitcase on some train tracks.
1953|Several giraffes are standing near some trees, one is eating.
1954|A man sitting at a table with two kids.
1955|a parking area for motorcycles and bicycles along a street
1956|A living room and dining room combination with kitchen visible in the rear
1957|Antique black and white photograph of a couple on their wedding day
1958|This shirtless young man is wearing a tie.
1959|a person on a beach stretching to catch a frisbee
1960|A man cuts into a pizza on a table
1961|A stuffed bear is on a branch of a tree.
1962|A woman holding a basket with sandwich in it.
1963|A baby that is pressing on a small, black suitcase.
1964|A piece of luggage is sitting on the concrete
1965|a guy skateboarding down a road with something in his mouth
1966|A man and woman sitting on a motorcycle.
1967|A young male tennis player in action on the court.
1968|A small dog laying on the ground in a room.
1969|Two plates with a sandwich lettuce and tomato and French fries with ketchup.
1970|A catcher is ready to catch the ball after it crosses the plate.
1971|A woman laying in bed while reading a book.
1972|a close up of a plate of food with a sandwich
1973|a vintage photo of a tower with a clock inside of it
1974|Two utility trucks on pavement with sky in background.
1975|A dog watching a rabbit eat a carrot.
1976|A man is surfing a large wave towards the shore.
1977|A wired dog sitting on a leather couch.
1978|One cat inside a car and other on top of it,
1979|a little scale model of a building made of legos
1980|A group of dirt bike racers in a  row
1981|A small child holding an umbrella in front of a person with a handbag.
1982|A couple of people riding a motorcycle and waving
1983|Various signs written in either Chinese or Japanese and also a sign of a man walking across a street.
1984|The jail cell is arranged neatly with striped wall, made-up beg and checkerboard.
1985|The boat is full of many rowers as one person stands steering.
1986|Some people standing in the snow by a white house.
1987|Small Yorkie dog laying on a large bed next to a computer with headphones.
1988|A train going across the tracks in an area.
1989|A person on snow skis and with ski poles skiing down the side of a snow covered slope with trees in the background.
1990|A notebook computer is set on a table.
1991|An empty kitchen with a wooden stool next to a island bar.
1992|A cat that is sleeping inside of some luggage.
1993|a lady on an empty air plane posing.
1994|Signs displaying foot and seating area hanging inside restaurant
1995|A few motorcyclists exiting the road in neon vests
1996|A man in a chef outfit is near some hay.
1997|A horse with a feedbag on his nose takes a rest from pulling his sleigh.
1998|A large group of people stand together holding umbrellas.
1999|A bathroom with mirror, lights, sink and bath tub.
2000|A tall giraffe standing next to a tall tree.
2001|Cows grazing on the grass in front of a building.
2002|Two girls sitting under an umbrella blocking the sun
2003|A man with a tennis racquet on a court.
2004|A group of young children sitting in the grass.
2005|A pizza sitting on top of a pizza pan.
2006|The stove and the refrigerator are in the kitchen.
2007|a group of kids playing soccer with two going at the ball
2008|A kitchen illuminated by a track lighting unit.
2009|A pizza cut into wedges on a wooden cutting board.
2010|a woman riding a horse while holding a flag
2011|a green train engine sitting at the end of the train and next to the buidling
2012|A motorcycle outside a very open area with tree.
2013|Player preparing to hit ball with catcher and umpire looking on.
2014|A herd of zebra standing on top of a dry grass field.
2015|The people are standing outside beside the bus.
2016|An overturned bus with a person wearing protective gear sorting through debris.
2017|Two people on a snowy path with ski gear.
2018|A woman in a doubles match swings her tennis racket while her male partner stands ready.
2019|a skate boarding kid does tricks out side
2020|A lone zebra stands with some trees in the background.
2021|An assortment of small, multicolored ceramic pots in a room.
2022|A man posing for a picture while holding a skateboard.
2023|A male skateboarder skateboards in an area with others
2024|A paper that has pianos and keys on it.
2025|This bathroom has shiny marble floors on it.
2026|A mouse sitting on book, with a Microsoft logo on it.
2027|A dinner plate with grilled fish, potatoes and broccoli.
2028|The two elephants walk next to each other in the wilderness.
2029|Baseball players seen playing the game through the fence.
2030|some one in the bath room laying in the bath
2031|Three bicyclists are riding on the road with the cars.
2032|Two women in a living room playing the Wii together.
2033|A tabby cat and a black and white cat looking for trouble.
2034|A man sitting on top of a yellow fire hydrant.
2035|a truck parked in a field of grass
2036|Two young ladies sitting on a couch texting on their cell phones.
2037|Noodles and mixed vegetables fill up a white plate.
2038|A person flying a red kits on a beach.
2039|a woman holding an umbrella next to a wall
2040|The person and their dog are surfing in the waves.
2041|A boy eating out of a bowl with bags of donuts
2042|A woman is smiling as she brushes her teeth with a toothbrush that has a yellow grip.
2043|A person is flying a kite on the beach.
2044|A little girl using a laptop on a table
2045|The door leading to a bathroom is open.
2046|A woman in an apron is under an umbrella with a table of melons and bananas.
2047|A boy eating a doughnut, with chocolate on it.
2048|A red carpet in a bathroom with white fixtures
2049|An office with a brown desk has clutter on it.
2050|a woman stands in front of a door next to a surf board
2051|A man surfs outside in the rushing rapids.
2052|A picture of someones living room with two sofas and a coffee table with a blue flower vase on it.
2053|A brown dog laying in an open suitcase on floor.
2054|Green dump truck with a yellow bed sitting on a road.
2055|A picture of a man sitting in a train.
2056|A baseball player getting ready to be up at bat
2057|A man plays tennis on a tennis court.
2058|A single vase with white and purple lilacs.
2059|A traffic signal on a pole with birds perched on it.
2060|A streetlight is on a pole next to a wall.
2061|A cat is playing with a stuffed animal toy.
2062|A group of people riding horses down a beach.
2063|The mirror reflection of a cat lying on a bed.
2064|The blue and gold clock has sculptures around it.
2065|A long living room with a ceiling fan is seen here.
2066|A very tall building with lots of windows and three flag poles
2067|a store with a big display of vegetables for sale
2068|Four dogs in a yard are playing with a Frisbee.
2069|A piece of bread that is on a plate.
2070|a boat riding in the water by a light tower
2071|A street sign next to an empty rain covered street in front of a mountain.
2072|A fisheye lens photograph of a residential bathroom
2073|Street view of a group of bikers and their motorcycles.
2074|An airplane flying through a blue sky with propellers.
2075|A group of people gathering at a house.
2076|A woman wearing a jockey outfit riding a horse that is jumping over a fence
2077|A man in a full body wetsuit carrying a surfboard under his arm and walking carefoot on the beach.
2078|There are some people standing around a truck on a street
2079|A car parked in a parking lot with a surfboard on top of it.
2080|The people watch the man with the spoon over the candle.
2081|A giraffe standing next to a tree with no leaves.
2082|A bunch of people at the water swimming, canoeing, and boating.
2083|A laptop computer sitting on top of a computer desk.
2084|Two men ride animals on the way to a desert town.
2085|A dog is walking while a bunch of pigeons are flying overhead.
2086|A row of parked jets sitting on top of a runway.
2087|A bed sits in a room with a whole wall as a mirror.
2088|A pizza topped with tomatoes sits atop a stove.
2089|A photography light sitting in a room with a cabinet.
2090|A man holding out two hands as if pulling on something
2091|A pair of scissors are sitting in a garden.
2092|A black and white cat is sitting on a blanket.
2093|A traffic signal suspended over a street at night.
2094|A dining room area with table, liquor cabinet and kitchen doorway.
2095|A windmill sits on an island with several cows drinking from the water.
2096|A man wearing glasses is wearing a suit and tie.
2097|A restroom view of a toilet, sink, and shower curtain.
2098|A house party with a dozen pizzas to share.
2099|A man eats a hotdog in a stadium.
2100|A blue plate topped with powdered sugar covered donuts.
2101|a close up of a person with a large sandwich
2102|a baseball player sliding in to home base
2103|very many elephants moving on the field near a forest
2104|A plate with a banana and slices of cheese.
2105|Three bags of luggage sitting in a room.
2106|Decorated living area with desk and cabinets with television.
2107|A man in a truck looking behind him.
2108|Three cats hanging out on a bed in a bedroom.
2109|A restroom with a toilet basin on a well tiled floor
2110|A brown dog laying next to a bottle of wine
2111|Two men riding hay bails being pulled by a horse.
2112|A crowd of people enjoying a day at the park.
2113|A pile of stuffed and plush toy laying on a dirty field.
2114|Pottery is displayed on tables in the room where a man is.
2115|A street scene with focus on a street sign with a long street name.
2116|A large commercial airplane sitting on a runway
2117|A breakfast bowl consisting of blueberry sconce and strawberry with side of coffee
2118|A sculpture of a green hot rod on a city sidewalk
2119|A sparsely furnished living room in an old house
2120|An apple IPhone in a woman's back pocket.
2121|A stylized photo of a fire hydrant on a sidewalk.
2122|Two giraffes on a grassy field during the day.
2123|a boy excited about his breakfast in bed
2124|A baby holding a i phone sleeping in it's mother's arms.
2125|Two motorcycles side by side in a building.
2126|A hipster sits at a desk near a laptop while using his cell phone.
2127|Two men sitting on a couch, one holding a Wii controller.
2128|Two young men watching another skateboard on a ramp.
2129|The man is walking on the field to play a game of baseball.
2130|A man looks at a camera to have his picture taken.
2131|A surfer wind surfing on the ocean with clear skies.
2132|Dog looking out the window of a car in rearview mirror.
2133|A motorcycle parked out in the middle of nowhere
2134|Someone is holding up a colorful kite in an open public area.
2135|a person standing on a white platform holding a game controller.
2136|a truck is parked at a campground with snow on it
2137|A red motorcycle parked next to other motorcycles
2138|a close up of a person measuring and cutting a green substance
2139|A giraffe in a gated zoo type environment
2140|A young girl playing a video game while others talk.
2141|A city traffic light and street signs are pictured.
2142|A fire hydrant is shown on the sidewalk.
2143|A black man is standing ready to play tennis.
2144|the cover of "alternative route" has an elephant
2145|A group of people around a metal table with umbrellas.
2146|A lady smiles as someone takes her picture.
2147|A person is working at a computer with a remote control and camera next to the camera.
2148|The bathroom has a sink, toilet and shower in it.
2149|People are standing in the sand on a beach flying kites.
2150|A steak and parsley are sitting on a white plate.
2151|Two food trucks in the parking area of a park.
2152|A pile of junk sitting next to a curb on green grass.
2153|a man riding on a surfboard next to a bunch of people
2154|A corn beef sandwich sitting on a plate.
2155|An omelet is in a cast iron skillet.
2156|A person that smoking and on the phone.
2157|A black motorcycle parked on a sidewalk in the sun.
2158|there is a man with a mustache eating a hot dog
2159|a person standing on top of skis holding ski poles.
2160|A black dog is catching a frisbee in mid-air
2161|an elephant with its mouth open and some bushes and trees
2162|A single elephant standing on the green grass on the plains.
2163|a bunch of people that are skiing on some snow
2164|A woman sitting at a table with plate and pan of pizza.
2165|some cups are sitting near a microwave on a table
2166|Two NYPD motorcycles parked along a city street.
2167|a kitchen with brown cabinets and a black and silver oven stove and microwave
2168|Two people that are outside in the snow skiing.
2169|A man sitting on a bet with wall paper with poka dots in the background.
2170|two people standing near luggage bags near a train
2171|A large double decked bus parked in a lot.
2172|A sheep's wool is being shaved off with shears.
2173|A couple of people in a room with a remote.
2174|An open laptop computer sitting on top of a bed.
2175|An older man stands in front of store shelves while looking off in the distance and holding a small glass with a stem.
2176|There is a clock in the top of the fancy structure.
2177|The arm of a bed rests on top of a glass drawer.
2178|A girl holds her arms out to a Frisbee while a boy kicks his leg.
2179|A bathroom has a toilet and a urinal in it.
2180|A dog being blown dry by a man.
2181|A young boy in  a grassy field getting a frisbee.
2182|A white toilet sitting up against a wall.
2183|A woman holding a tennis racquet on a tennis court.
2184|A man wearing a yellow shirt playing tennis on a court.
2185|A group of people pose for a picture while a man holds two surfboards.
2186|a woman swinging her tennis racket while playing tennis
2187|a vast field full of weeds and dead grass
2188|A blue and yellow parrot grabs a tree branch with its beak.
2189|A man in front of a Christmas tree with his dog.
2190|A clock face on a tower of a building.
2191|A person on the beach flying a kite.
2192|A woman wearing white pants, a black jacket and boots sits on a horse that is jumping over a white fence.
2193|a red and yellow trains engine is pulling its cars
2194|Someone is sitting on a elephant and messing with the seat.
2195|there are two young boys with no shirts sitting on the floor
2196|A bunch of different signs that are on a pole.
2197|A young lady standing on a  tennis court with a racquet.
2198|A black table is decorated with a figure of a sheep and a vase with flowers in it.
2199|A large display of a variety of fruits and vegetables.
2200|A lady and child at a table with some very big stuffed bears.
2201|A surfer in a green wetsuit cresting a wave
2202|A television and a dog on a couch in a room.
2203|Sidewalk area of city with parked motorcycles and truck nearby.
2204|Portion of pepperoni pizza displayed on wooden table.
2205|a large clock tower is on top of a building
2206|Two people riding motorcycles down a winding road.
2207|A pizza on tray cut into six slices.
2208|a small vase with flowers inside of it
2209|The stoves inside of a pizza place's kitchen with pizza boxed on a shelf.
2210|Four paper plates with six hot dogs on each.
2211|An empty public bathroom with a row sinks and yellow walls.
2212|A boat is traveling away form the light house on the lake.
2213|Man and child flying a colorful kite on the beach.
2214|Smiling girl wearing glasses, with a cellphone up to her ear.
2215|A table with three each of three different kinds of pizza.
2216|A white bowl of oranges in front of a stack of plates.
2217|A bunch of people on a wet road by some umbrellas.
2218|A woman in black jacket holding a white cellphone.
2219|A horseback rider competing in an obstacle course event.
2220|People sitting around a table eating food outside.
2221|The girl has a sandwich and other condiments out with it.
2222|A person standing on a snowboard with knees bent and arms out on the snow with trees and snowy hills behind.
2223|A stove top oven sitting next to a mixer.
2224|A wooden table holding a cake fashioned to resemble a litter box.
2225|a number of dogs in a bed with a person
2226|A woman kneeling down in front  of a parking meter.
2227|The motorcyclist in a helmet is looking over the side of a bridge.
2228|a tennis player with a racket on a court
2229|Family and friends are together at the beach.
2230|A young girl is playing with an object while standing up.
2231|five men riding their motor cycles on the street
2232|A living area congaing a couch, table, piano and fireplace.
2233|Parked buses have a tower reflected in the window.
2234|There is a vase on the window sill with flowers in it.
2235|A decorated elephant is ridden through the streets by a man in an orange shirt.
2236|Pug wearing tie as bearded man stares at camera
2237|Contrails can be seen from a descending jet.
2238|A white sink sitting on a bathroom tile wall under a broken mirror.
2239|Men preparing an old prop plane for a  trip.
2240|A stove is in a kitchen next to an empty room.
2241|a bunch of skiers move along the top of a snowy mountain
2242|An assortment of meats and cheeses with bread.
2243|An open door showing a shower with the curtain closed.
2244|The green and yellow street signs are next to a telephone pole.
2245|A plaid comforter with a laptop sitting on it.
2246|A pizza is topped with black olives and onion.
2247|Meat, potatoes, and broccoli are on a white plate.
2248|A sandwich with meat and vegetables in a wrap.
2249|The wooden table is covered with small bags, pouches, and keys.
2250|Cows in field with melting snow in the background.
2251|A clock tower sits atop a brick building.
2252|A guy is performing a trick on a skateboard.
2253|A red fire hydrant sitting on a sidewalk.
2254|A empty living room with hard wood flooring.
2255|The street signs and traffic signal are below wires attached to the pole.
2256|two children and two men at an outdoor vendor booth
2257|a baby elephant walk next to some adult elephants
2258|A group of people sit on a beach with a cooler and towels.
2259|An ornate multi-level indoor shopping mall showing the main clock.
2260|An older woman sitting on a big queen sizes bed.
2261|a close up of a cat laying on a bench
2262|Birds eye view of a small, compact bathroom.
2263|A baseball player is swinging his bat on home base.
2264|Two people are talking in a mall area.
2265|A bedroom door is open and a pink, yellow, and blue bed is nicely made.
2266|A woman stands near a brick wall with a cellphone up to her ear.
2267|A herd of elephants standing next to each other on a field.
2268|A person sitting at a desk looking at a laptop while something is being projected on the wall next to him.
2269|A metal bowl is filled with oranges and a green leaf.
2270|A house has a small staircase and a disconnected refrigerator.
2271|A man is selling bananas outside in a lot.
2272|Two giraffes on the grass in a fenced area.
2273|A wooden table with a purple laptop and orange pen.
2274|A giraffe strolls through a grassy area between trees.
2275|Big balloons and kites being flown on a beach.
2276|a sign that is hanging up in window
2277|Polar bear is looking at something in the sky.
2278|A baseball player currently in mid swing during a game.
2279|A young giraffe standing in an open field.
2280|An oxen is carrying a load near trucks on a dirt area.
2281|a group of people crowded into a room
2282|A retail bakery store with a number of display cases.
2283|A pot that has food inside of it.
2284|Altered black and white photograph of a boy swinging a racquet
2285|The black cat is sitting on the fence railing above a car.
2286|A woman wearing a wedding gown holding flowers is in a car with a man in a suit and tie.
2287|Oranges on wooden table with end sliced off.
2288|A person sitting net to a TV on a sidewalk.
2289|A member of the American military cutting a large cake.
2290|an image of a plate of desert topped with ice cream
2291|Sign over city street above traffic lights by a building.
2292|A yellow dump truck driving past a forest.
2293|A tennis player in an orange shirt and black shorts holds black tennis racket on a tennis court surrounded by onlookers.
2294|A group of women and children walking across a street.
2295|A man with a beard smiling at the camera
2296|Bathroom scene of white toilet, walls, and bidet against a brown floor with empty box for garbage.
2297|A man sitting on the ground on a cell phone.
2298|A skier making a jump on a snowy hill.
2299|A cat laying on top of a blue chair.
2300|A commercial airplane flying low over a long bridge.
2301|A church steeple is shown amidst telephone wires and lights.
2302|A man with a helmet riding a horse.
2303|The young girl is standing in front of the opened refrigerator with her pants down.
2304|A man in a suit and tie getting his picture taken.
2305|A woman adds an ingredient to a dish cooking on a stove.
2306|a surfer in a wet suit is surfing on a white board
2307|two stuffed bears one big and one small sitting in front of each other on a table
2308|A person is leaning low on their motorcycle on the tracks.
2309|A woman rides the nose of a dolphin in a show
2310|A small, white chamber contains various devices and doors.
2311|A cop on a motorcycle speeds down the street.
2312|A tomato, onion and basil pizza in it's raw state.
2313|A soda, banana and muffin are set near a laptop.
2314|A large and small elephant bathing in the river.
2315|a couple of people on surf boards ride in the water
2316|Two giraffe's fighting over a piece of food.
2317|a suitcase filled with shoes, a shirt and a bike part
2318|A view of birds gliding through the air.
2319|A young boy stands in the middle of a pack of motorbikes.
2320|A small child playing in the water at the beach
2321|An elephant in a water hole under a waterfall.
2322|A man and a young boy playing on a tennis court.
2323|Two people on a lawn near chairs while flying a kite.
2324|People stand on boats that are docked at a harbor.
2325|A lot of zebras are walking around on a grass field.
2326|A kitchen with a stove and a kettle on it, a drawer with a towel hanging from it and a toaster over sitting on the counter.
2327|this kitchen has blue cabinet doors and a silver dishwasher
2328|Ornate dessert item on display surrounded by pans of pizza.
2329|THERE IS A HOT DOG AND A BOTTLE NEXT TO IT
2330|Many large boats are docked near each other.
2331|an image of a group of giraffes at the zoo
2332|A red bowl in the center of a plate with olives and lemons on the outer plate.
2333|Two young boys read in bed using a lamp light.
2334|A big shiny metal pan filled with some veggies.
2335|It's Christmas and the cat is not happy about being dressed in a Santa hat.
2336|A person walking down a walkway next to a tree.
2337|Large sandwich sitting on white plate with other food on table.
2338|A rug covered in lots of items and personal belongings.
2339|a woman who is skiing has stopped to pose for the camera
2340|There is no image to provide a caption for.
2341|A small bird sitting on a tree branch.
2342|The inside of a coffee shop with a big sofa, chairs and various lights and signs through the shop.
2343|A pink bus is driving down the street
2344|The two planes are different in design, but flying in a similar flight pattern.
2345|A brown and white cat laying on a bed.
2346|A pedicab on a street next to a bus.
2347|A view of two streets during the night time.
2348|A man sitting under a sun umbrella by an industrial port
2349|On June 29, 2013, a train, its last car number 142053, takes a curve to the right.
2350|A microwave has a dish of food covered inside it.
2351|A tennis player hits the ball on the court.
2352|Young men in a classroom each with his own laptop open.
2353|A man with a painted face and dressed like a woman plays tennis.
2354|A motor bike parked inside of a building.
2355|A sandwich, soup, and salad all sit on a plate.
2356|There is a double-decker bus parade driving down the street.
2357|Man surfing a small wave using a short surfboard.
2358|a cat standing around on some bricks outside.
2359|A tennis player swings his tennis racquet while another person watches.
2360|The people in the photo are all reaching your hands up high.
2361|A frisbee barely hits the surface at a lake
2362|A stylish red bullet shaped train at a station.
2363|A person is cross country skiing on a trail.
2364|an old photo of a person sitting outside of a trailer
2365|A juicy plate stir fry food with brocoli
2366|a blue train is coming down some tracks
2367|The Halloween display includes a spiderweb and lots of pumpkins.
2368|A large green bird feeder with a bird on it.
2369|A bird is walking toward the camera beside a fence post.
2370|A group of men running in  a field to catch a frisbee
2371|Two men posing for pictures with their skis on a mountain.
2372|a man and his baby are looking at some donuts
2373|A picture of people is on the floor near a urinal.
2374|A bear is shown coming out of water onto grass.
2375|A truck is smoking while going down a dirt road.
2376|Two people playing with a Nintendo Wii in a white room.
2377|An old fashion refrigerator in a room
2378|A man sitting on a large elephant that is standing in water.
2379|A vase full of flowers and knitted rabbits.
2380|A stick figure of a person standing between fruit.
2381|A doll that is holding hands with two stuffed dogs.
2382|A large group of sheep are grazing in a field.
2383|A buildig with windows near trees and rocks.
2384|a single snowbird perched on a limb during the morning.
2385|a close up of a zebra with another one in the background
2386|A huge stack of suitcases piled on top of each other to the ceiling.
2387|A woman in a white coat in the snow wearing skis.
2388|A large jet liner flying under the moon.
2389|Two bears wearing space suits floating in outer space above the Earth.
2390|An old classic church is in front a big blue sky.
2391|A group of people relaxing on the sand at a beach.
2392|A group of people gathered around a table.
2393|A collection of benches that are sitting around a fountain.
2394|man in front of orange cart loaded with lots of oranges
2395|The teddy bear and two boxed necklaces are on the table next to the cell phone.
2396|there is a cow standing in the water by a boat
2397|A blue street sign sitting next to a road.
2398|A small kid sleeping in a bed with a clock on the drawer
2399|A boat at a dock in a harbor.
2400|The living room in a modern house with two story windows
2401|A GIRL IS IN A GROCERY CART
2402|This appears to be a rather large oven or holding area for food
2403|The tail end of an airplane and some baggage carts on an airstrip.
2404|A bed that has a cover and pillow on it.
2405|A man herds the cattle on  the land.
2406|Smiling lady standing by two bunches of bananas on a table.
2407|A pizza is being eaten with a knife and fork.
2408|A bathroom with a toilet and other bathroom accessories
2409|A child and an older woman sit on a couch and play a game.
2410|a tram car door as seen from the inside
2411|A man and an elephant walking together on the street.
2412|Very nicely appointed well lit formal living room
2413|It shows two restaurant booths; a smiling woman in the one behind, in the closer one, a man holding a drink and looking down and a smiling woman looking at  a table with plates, some empty, others holding food, including a slice of cake.
2414|A herd of sheep with two sherds moving down a road in the mountains.
2415|A giraffe walking across a dirt and grass field.
2416|A stainless steel microwave on a kitchen counter top
2417|A woman holds up her toothbrush in the bathroom.
2418|Man skating performing trick on cement with buildings in background
2419|a white mouse a keyboard some books and cords
2420|A ship is on land near water, next to a playground.
2421|A young man flipping a skateboard through the air.
2422|A group of people who are hiking up a snowy mountain.
2423|A desk is shown with a modern desk chair.
2424|Group of people sitting down at a table and eating together.
2425|a tennis player with a racket on the court
2426|a man is taking a picture of himself
2427|A tennis player reacts to a play while falling.
2428|A couple of black horses pulling a wagon along a road.
2429|Dog snoozing by a bike on the edge of a cobblestone street
2430|Well dressed man and woman pose for picture.
2431|A man in white shirt preparing a pizza on counter.
2432|Sitting room decorated in shades of yellow and orange.
2433|The antique clock is sitting on the side of the wooden board.
2434|A green arrow sign pointing up next to a stop sign.
2435|A large bed sitting in a bedroom with a giant head board.
2436|A small pizza with quite a few toppings waits to be baked
2437|Two men and two women standing on a snowy hillside with their snowboards.
2438|A boy looking at a birthday cake with a little girl watching him.
2439|A large clock mounted to the side of a tall building.
2440|a white bowl filled with many different vegetables
2441|Two elephants hold people and stand near a tree.
2442|A group of young men kicking a soccer ball around a field.
2443|Black dog sitting on wooden floor watching television in living area.
2444|Bunches of bananas are neatly arranged on a display.
2445|A couple of women holding video game console controllers
2446|A small bathroom with only a toliet and sink.
2447|there is a young boy that is standing between some trees
2448|A person reaches out to pet a pony.
2449|Black cows following one another across the street. Brown cow of horse watching on from the other side.
2450|a baseball player hits a baseball with a bat
2451|A giraffe's head looking at the camera and making a face.
2452|A photo of a building with a clock tower.
2453|A man standing in front of an open refrigerator.
2454|Woman holding tennis racket on red clay court.
2455|Two young baseball players stand holding their bats.
2456|People riding on top of elephants that are walking in a line across a road.
2457|There are two zebras eating some hay by rocks.
2458|A long hot dog and french fries are on a plate.
2459|A silver oven that has been placed outside.
2460|A lot of buses picking up people at a stop.
2461|A photo of an apartment building with a clock on it
2462|A golden retriever dog runs outside with a ball in it's mouth.
2463|A group of business having a discussion at an event
2464|A meatball sub served with french fries on the side.
2465|A kitchen with two pots on the stove with lids.
2466|A man downhill skiing at a very quick pace.
2467|A person with a fur hat going down a snowy hill on a snowboard.
2468|Woman talking on the phone with a starbucks coffee in her hand.
2469|The meal is prepared and ready to be eaten.
2470|a baby wearing a pink top is sleeping in bed with some pillows
2471|Metallic looking container sitting in front of a brick wall.
2472|A man is in the air as he performs a stunt on a skateboard.
2473|A swan swimming next to a snow-covered rocky shore.
2474|A young fellow rides his skateboard on a dreary day.
2475|A lime green room with older style furnishings and curtains.
2476|A rusted out train engine sitting next to a green forest.
2477|A tennis player on a tennis court doing something with a racket.
2478|A woman with a racket stands at a net.
2479|The red-haired woman wearing glasses is walking down the street holding a cell phone.
2480|A little boy and his father playing Wii.
2481|this is a lapto sitting on a white bed
2482|a desk with a laptop and three other monitors
2483|Fisheye photograph of a room with a bicycle and desk.
2484|a train that is on a rail road track
2485|Two parking meters that you can pay for by phone
2486|A boy sitting next to a ball on the grass.
2487|A woman playing tennis follows through on her swing.
2488|A man on a motorcycle talking to a woman in an SUV on residential street.
2489|the bathroom is not constructed and garbage is in the tub.
2490|a very tagged up truck in the middle of the road
2491|A wind surfer and a kiteboarder are on the ocean.
2492|A bathroom toilet that has the seat down.
2493|A church clock tower in the city shadowed by a skyscraper.
2494|A man is preparing to hit a tennis ball.
2495|The ocean shoreline that has the tide pushing up towards the sand and seagulls flying low over the water.
2496|Pots and pans that are on the side of a sink.
2497|A spinach and cheese pizza with tomato sauce on a plate.
2498|an image of a black cat that is wearing a hat
2499|A wooden table with various vegetables and white bowl.
2500|You can see a long way in the plane.
2501|a yellow and black clock a mirror and a cabinet
2502|A photo of a high end white bathroom.
2503|A man standing on top of a tennis court holding a racquet.
2504|Thin black and white vase with black flowers.
2505|a crystal vase with red flowers and greenery
2506|Three motorcycles sitting next to an RV in a parking lot.
2507|A man standing next to a traffic light in Australia
2508|Two kayaks, one pink the other yellow, on bank of water.
2509|Two tennis players are walking by the tennis net.
2510|A cat has made itself comfortable on the chair.
2511|a kitchen stove with a fry pan and a tea kettle
2512|A man riding a skateboard up the side of a ramp.
2513|Several desserts sitting behind a glass window with display cards in front of them.
2514|A bagel sandwich on a square plate next to a fork.
2515|a black and brown dog sitting in a window sill
2516|THERE IS A RED TRUCK THAT IS ON THE STREET
2517|A man bending over a pile of umbrellas sitting on a sidewalk.
2518|A little girl is wearing a Frisbee on her head.
2519|A young woman standing next to a statue representing rock, paper, scissors.
2520|a kitchen with a refrigerator a sink and counter tops
2521|Lady giving thumbs up with a sliced sandwich on a napkin in front of her.
2522|Sheep scattered in an open grassy field with a lone hill behind them.
2523|Articulated bus and taxi in light traffic crossing an intersection.
2524|People walking along a cobblestone street at sunset.
2525|A bus that is sitting in the street.
2526|Three women wearing long dresses standing behind a dog.
2527|a room with a fire place and a group of chairs
2528|A woman with a snowboard with a man standing next to her on a ski slope.
2529|The item in the photograph appears to be fascinating.
2530|a clock made out of flowers on a hill.
2531|A herd of sheep grazing in a lush meadow.
2532|Three zebras and other wild animals out in a semi-green field.
2533|People are sitting on benches that line a street.
2534|The elephant is using its trunk with many insects about its head.
2535|A large umbrella and some chairs by a building.
2536|A toilet is shown sitting on black and white tile.
2537|A park bench sits conveniently for any passerby to sit on.
2538|A dog looking out an open window at something outside
2539|a very long table with a bunch of fruit on top
2540|a couple of sandwiches are on a white plate
2541|a woman holding an umbrella on the side of the road
2542|The large glass is next to a bottle of beer.
2543|People at a marketplace talking to a vendor.
2544|Two breakfast sandwiches on a table with tooth picks in them.
2545|A person skiing down a snowy mountain side.
2546|A herd of cattle are grazing in a large field in front of a pond.
2547|The dessert has been split into two halves on the plate.
2548|Tennis player wipes his hands down on the bench
2549|A herd of elephants walking on top of grass.
2550|A man on a ski board is bent over.
2551|The black dog in the middle of a group of dogs carries a disk in his mouth.
2552|A green double deck bus parked next to a railing.
2553|A dog jumping for a frisbee a man has thrown.
2554|Two zebras at the zoo standing next to each other
2555|a number of benches  near one another
2556|A woman standing under a red stop sign on a green yard.
2557|A number of suitcases ride on a luggage conveyor belt.
2558|An image looking down in to a toilet.
2559|A man who is on a surfboard in a river.
2560|A red bike with white handles is locked to a black pole on a sidewalk.
2561|A man holding a small white dog while wearing a black hat.
2562|A group of people sitting under a clock on top of a sign.
2563|A small boy holding a plate of tasty looking food.
2564|There is a blue truck in front of people under blue umbrellas
2565|thre zebras walking near one another on a dirt ground
2566|A plate of pizza with vegetables on it and another pizza next to it.
2567|Body part kites are flying through the air beside a fish kite.
2568|Ripe bananas sitting next to a laptop computer and plastic wrap.
2569|A series of photos of several plates of food.
2570|long line of motorcycles near the edge of a building
2571|A bowl on a table with apples and bananas
2572|A jar of mustard next to a small plate of a sandwich
2573|PERSON ON SKATEBOARD MAKING A JUMP UP ONTO RAMP
2574|A hotel room with two beds and coffee cups.
2575|A plate of noodles, broccoli, and some meat.
2576|a man in the ocean surfing holding on to a kite.
2577|a man lifting his hand up while skating
2578|A car is near a store with apples and oranges in it.
2579|a brick building windows and a bicycle and a black post
2580|Two trains side by side on a rail road track .
2581|Two young boys make a stunt while skating
2582|A sunset lit sky with traffic with street light.
2583|An Apple laptop on a desk in an office
2584|A group of people sitting on park benching together eating.
2585|A green back is divided into slots with frisbees in them.
2586|a big plate of food with a fork on it
2587|A knife being used to cut a dessert on a plate
2588|The box of various vegetables are next to a couple of baskets of strawberries.
2589|A man in a red shirt in midair catching a flying disc.
2590|some food with some sliced vegetables and a fork
2591|A person is standing inside a purple tent.
2592|a stop sign and street signs under some palm trees
2593|a person on a snow board laying on a snowy surface
2594|A person wears a helmet as they ride a skate board.
2595|a girl wearing a cowboy hat while holding a dog
2596|A group of elephants standing behind a wire fence.
2597|A couple of people standing on the side of the street.
2598|One of the two large, dark birds is spreading it's wings.
2599|A pair of well dressed men kick a soccer ball on the sidewalk.
2600|A yellow airplane wing pointed toward the ground?
2601|A group of people ski on a snowy mountain.
2602|a truck with a lift on it passing two cars
2603|A long sandwich is on a table with chips.
2604|A car waiting at a stop light at sunset
2605|A man that is on a surfboard in the water.
2606|The dining room is painted yellow and has a table with chairs.
2607|A large glass bowl sitting over an orange.
2608|A city bus parked on a very steep hill
2609|A bench out by a hedge by the woods
2610|A pizza sits in a pan on a counter.
2611|A street filled with lots of cars next to a boat.
2612|A bed next to a closed window near a laptop computer and a sink.
2613|A statue of brightly dressed clowns riding a bicycle with multiple seats.
2614|Men standing and one pointing to an object on a street.
2615|A pole that has a clock on the top of it.
2616|A food dish contains cheese, broccoli, and sauce on a crust.
2617|Examples of kites being flown in the sky.
2618|The room has three beds and it is a mess.
2619|A person is eating pizza with a knife and fork.
2620|Group of young adults sitting in chairs while some hold wii remotes
2621|A large group of people riding motorcycles on a road
2622|A person picking up a slice of small pizza.
2623|A person talks on the phone and sits on a fence.
2624|A cat resting on top of a laptop computer.
2625|Black horse on a hill gazing off to the right.
2626|A woman intently watches a child in a busy park.
2627|A man fixing a traffic light while on a cherry picker.
2628|A small bathroom with a toilet by the window and a pedestal sink with a mirrored medicine cabinet over it
2629|a desk with a monitor and a laptop on it.
2630|Young woman in green shirt sitting down looking at her phone.
2631|A woman sitting in front of a birthday cake, posing for a picture.
2632|People are parked along side the road by Pay Here signs.
2633|A meal is lying on a plate on a table.
2634|A pole with lots of street signs hanging from it.
2635|A man with a remote control looking at a television.
2636|There is a bowl of fruit with apples, pears, and oranges in it.
2637|a bedroom that has a bed with a plaid quilt and the room has two windows..
2638|A personr is standing in shallow water holding a surfboard.
2639|a man with a tennis racket is running on a court
2640|Three dogs  playing with a frisbee in a large green field
2641|The kitchen with the spacious blue counters is clean.
2642|A yellow fire hydrant sitting next to red post.
2643|Two people sitting on a dock eating sandwiches
2644|The back of a car open, filled with surfing clothes and gear.
2645|The men are playing a game of baseball on the field.
2646|A lady bending down to put her head on a baseball bat.
2647|Giraffes on dry rocky hillside near palm trees.
2648|a blue bus is coming down a road
2649|a close up of a person eating a doughnut
2650|a group of people are eating pizza at a long table
2651|Thse delicious donuts are making everyone hungry and aggressive
2652|A kitchen has gold counters and a microwave.
2653|A brown and white cow standing next to a stream.
2654|Some chopped vegetables layed out on a pan
2655|A dog lays on a large turtle pillow panting.
2656|The uncooked pizza is sitting on the oven rack.
2657|A very plain and dull bathroom that's in someone's house.
2658|A cow and three baby calf's are laying in a grassy field.
2659|A bathroom with two sinks and a mirror.
2660|a white living room with a red couch a book case a rug and table
2661|a woman in a white shirt is near a table
2662|A train traveling through the lush green countryside.
2663|A black and white cat laying next to a  black cat on a computer keyboard.
2664|A serious-looking man points a remote at the camera.
2665|Two young people playing a game on a video game console.
2666|a yellow traffic light a one way sign and some clouds
2667|A close up of a teddy bear laying under a blanket.
2668|A woman and two children paddling through the ocean
2669|a stove with several items of food on it.
2670|Many stuffed animals are placed together sitting.
2671|A tub and and sink in a bathroom.
2672|A dog hides underneath a bed with its face peeking out of the bed skirt.
2673|Fully decorated basement has no people in it.
2674|A wooden bench sitting below two port holes.
2675|An adult giraffe standing in a field of tall grass.
2676|Picture of some people talking in a room.
2677|Curved building at a busy intersection lit up at night.
2678|Boy performs a skateboard move on skateboarding equipment.
2679|a close up of a phone on a dock on a desk
2680|a cat goes through a bag as it lays on a bed
2681|A woman in a robe has a big umbrella.
2682|Slice of chocolate cake with frosting and sliced strawberry.
2683|A table topped with plates of food and wine glasses..
2684|two kids taking a photo on ski's on a hill
2685|A man sitting down with a brown teddy bear on his shoulders.
2686|Two men are pictured wearing suits in this historical photo.
2687|A row of refrigerators filled with a variety of beers.
2688|A toilet in a restroom next to a busted toilet paper dispenser.
2689|A Qantas jet taking off from a runway
2690|A large white plate of food on a table.
2691|a guy spinning a frisbee on his fingers outside
2692|an orange and white cat and a pair of brown shoes
2693|A lot of food that are in some baskets.
2694|An urn full of fresh ripe oranges today
2695|A stuffed rabbit with a headset on his ears.
2696|A couple of kittens standing around metal bowls on a tray.
2697|Three vases of plants are lined up outside of a building.
2698|Two boats pulled ashore in the sand on a river bank.
2699|a subway train on the track as people stand on the platform
2700|A woman holding a red object and smiling.
2701|A young girl who is sitting on a bed.
2702|A motocross person performing tricks on a dirt path.
2703|Two men in a vehicle with a big yellow dog.
2704|Three zebras walking along a dirt road in the savannah
2705|Birds perch on a bunch of twigs in the winter.
2706|A bunch of unappetizing looking food is seen here.
2707|Man in a mid tennis swing holding a racket.
2708|A very nicely decorated living room in someone's house.
2709|A small airplane getting ready to take off in field
2710|A group of stuffed bears are dressed like soldiers aboard a landing craft.
2711|a giraffe standing on a dirt road near a field..
2712|Bottles and glasses of wine beside a salad.
2713|Eggs, Biscuits and gravy with coffee and a cherry danish.
2714|A kitchen has a silver microwave in the corner.
2715|A herd of brown and white cows drinking from a lake.
2716|There is a watch next to the wall.
2717|A group of friends playing a motion controlled video game
2718|A group of people boarding a passenger jet up stairs.
2719|a person riding skis on a snowy slope
2720|a table that has some computers on it
2721|A giraffe leans over, while other giraffes are behind it.
2722|Someone is taking notes on their laptop in an auditorium.
2723|A boy and a girl sitting around a table with plates on it.
2724|A sign explaining the components of a 10 speed bike.
2725|A red motorcycle parked in front of a store.
2726|A big bin filled with some ripe yellow bananas.
2727|Small bathroom with a white towel sitting on it.
2728|A large airplane sits on a wet airstrip on the other side of barred windows.
2729|A very cute looking dish with some ripe bananas.
2730|A woman holding a Nintendo Wii game controller next to a man.
2731|Many kites are flying above the beach near an ocean.
2732|A surfer uses a cat pose to glide through a wave.
2733|The birds are flying high up in the sky.
2734|a man standing at a table with wine in a supermarket
2735|A microwave oven sitting on a table with pots on top.
2736|A GROUP OF PEOPLE ARE BRUSHING THRE TEETH
2737|Zebra and wildebeest roam on a flat green plain.
2738|A small kitten playing inside a women's purse
2739|A red bowl filled with broccoli and corn
2740|A prepared formal dining table set and ready for guests.
2741|An open laptop computer sitting on top of a desk.
2742|a lady sitting in a half shell hut
2743|a man skiing by himself through the snow
2744|A stop sign with road signs sitting on top of it is displayed.
2745|An umpire behind a baseball player at a baseball game.
2746|A group of children show their toothbrushes and toothpaste.
2747|A person with a pair of scissors cutting someone's hair.
2748|A group of people sit and look at a slideshow.
2749|The people overlook the conveyer at the airport as they await return of their luggage.
2750|Man, sitting in car, eating pink frosted doughnut.
2751|A dog is jumping in the air to catch a frisbee.
2752|A green netted bed in a light filled bedroom.
2753|A little dog is staring at a herd of sheep grazing in he field.
2754|A red classic body truck with hood opened with engine showing.
2755|A piece of pizza or flat-bread with basil on top of it.
2756|a single person walking the beach with a dog
2757|A room full of a group of people and their laptops.
2758|A truck traveling down a road with a pile of logs in the back of it.
2759|A group of brown teddy bear sitting at a brown wooden bench.
2760|A woman with shades talking on the telephone
2761|a small bird is perched up in a tree
2762|Two people are posing for a photograph together
2763|A cluttered countertop with a celebratory pink and white cake and opened containers
2764|A BBQ steak on a plate next to mashed potatoes and mixed vegetables.
2765|Three people are loading a horse into a horse trailer.
2766|A mirror that is reflecting a red bus.
2767|A woman sitting on a kitchen counter drinking a glass of wine
2768|a doughnut like pastry sitting on parchment paper
2769|Cars are parked on the street next to an old fire hydrant.
2770|A yellow street sign sitting on the side of a road.
2771|A group of people paddle a long canoe in a clear lake bordered by pine woods.
2772|a man surfing a small wave on part of a river
2773|a parking meter is covered in paint and designs
2774|A red and gray cell phone with a charm.
2775|A group of different road signs, one of which is a one way only sign.
2776|Gray cat looking at electronic monitor next to phone.
2777|A brown bear swimming in water next to tree trunk.
2778|A large flat screen television is surrounded by many DVDs, magazines, and electronic equipment in a wood paneled room.
2779|AN OLD SCHOOL BIKE SITTING IN FRONT OF A CAFE
2780|a bath room with a sink a toilet and a mirror
2781|An aerial view of mountains and lakes from an airplane window.
2782|A brown basket with three old bananas.
2783|A bucket full of stuffed animals and beanie babies.
2784|Looking down at a fruit crumble topped with bananas
2785|A plate holds a meat pie, carrots and broccoli.
2786|A hot dog and fries served in a cardboard vintage car replica.
2787|A microwave oven with a tray on the bottom
2788|A sign with the word York posted on a green stand with a crescent moon in the background.
2789|a young lady on horseback stops to let her horse eat a while
2790|A bunch of images of a man on a skateboard.
2791|an elephant standing in a field checking out its trunk
2792|Someone riding a skateboard down a bunch of stairs
2793|Breakfast foods on a plastic tray at an outdoor cafe
2794|A view of a bunch of motorcycles outside a house.
2795|A group of stuffed animals on a red fabric.
2796|A man cross-country skiing on a snowy city street
2797|A view of a a pizza sitting on a table, with a person taking it off the tray.
2798|A man using a laptop at a small table
2799|A large toasted sandwich on a paper plate
2800|a person that has a umbrella in his hand
2801|A red fire hydrant embedded in a city sidewalk.
2802|A telephone poll with a Yonge St sign attached.
2803|A cat standing on a suitcase and checking out people's bags
2804|People raising a variety  giant kites into the sky.
2805|a person is skiing outside in the snow
2806|A picture of a fire hydrant that is cut in half.
2807|A table that has a bunch of platters with pizza and glasses.
2808|This is a view of a foggy day in the countryside.
2809|a room with a sink an some drawers painted blue
2810|A large bowl full of noodles and onions
2811|Two elephants are standing in the sand behind a wire.
2812|The four people are posing for the picture.
2813|A white toilet and sink in a room.
2814|A herd of white sheep standing on a green hillside.
2815|A group of politicians are standing around a podium.
2816|a man is surfing down a narrow river
2817|A clock that is on the side of a street.
2818|this is a giraffe chewing on some leaves
2819|I am unable to see the image above.
2820|A tennis player is waiting for the tennis ball
2821|A horse is surrounded by white birds in a watering hole.
2822|A team of two makes their way down the water on a primitive raft.
2823|A couple of men playing a game with remote controllers.
2824|A vase filled with red flowers with green stems.
2825|A wedding cake with some dog figurines on it
2826|A young girl jumping into the air while holding an umbrella.
2827|A brown kitchen table with four chairs next to a counter.
2828|Two dogs resting comfortably on a blanket on a couch.
2829|an image of horses that are standing on the sidewalk
2830|An old photo of a street view with many cars parked.
2831|A little girl holding a donut covered in sprinkles.
2832|Computer with two screens showing both screens and the keyboard.
2833|An elephant with a branch in its mouth
2834|A group of young men catching a frisbee.
2835|A airplane flying over a body of water.
2836|A motorcycle that is in front of a rail.
2837|A large yellow school bus on a road.
2838|a black bear walking toward a rock
2839|One side a bench held up by a post full of ads.
2840|man is about to hit a tennis ball
2841|A very small boy in preppy clothes sitting on a skateboard.
2842|A young lady is enjoying her time with her skateboard.
2843|A couple of people walking on top of a peak by others on skis.
2844|A large building that has a train passing by it.
2845|A lady and two young girls are smiling for the camera.
2846|The woman holding the video game remote looks shocked.
2847|a close up of a cat laying on a desk near a keyboard
2848|An adult zebra looking behind while standing near bushes.
2849|A large building with a clock hanging above several bells.
2850|An open white phone sits on a surface by a mirror.
2851|The three dogs are walking on the beach together.
2852|A tabby cat sleeping on a wooden island in an old looking kitchen.
2853|Several sheep with tags on their ears are standing in a field.
2854|A man fixing a wind surfboard on a rocky beach.
2855|Kiosks on the beach with kites flying in the sky.
2856|The plate contains toast and eggs with vegetables mixed in.
2857|three traffic lights hanging off a pole and some buildings
2858|The counter in this kitchen is very cluttered.
2859|A group of baseball players salutes each other
2860|Vehicle traffic on narrow roadway in urban area.
2861|An old style portable phone and the bag it sets in.
2862|A woman smiles as she prepares food with a mortar and pestle.
2863|A cat looks at the camera while sitting on the laptop.
2864|Woman poses on beach with two umbrellas in front of a floating boat
2865|a red and white stop sign and a street sign
2866|The image shows an entertainment cubby in the background, and to the foreground, a low table with wine, glassware, plates of half-eaten food, and, to one side, a person's torso, legs and arms, the latter of which is reaching over a plate of food.
2867|A road with several cars and a green traffic light.
2868|A rustic pizza being cut into eight slices
2869|A tall woman is standing in a small kitchen
2870|A man with his hand rested on a table near a laptop with stickers on it.
2871|A table sitting before a doorway with an arched top.
2872|This young man  is wearing a mask and holds a sign written in German that warns against Scientology.
2873|A black cat sitting on a wooden chair beside a stereo.
2874|This little boy is walking down a dirt road while hold his stuffed animal toy.
2875|A very cute dog standing on a skate board.
2876|A person pitchforking hey while a giraffe looks on in its enclosure.
2877|A long train traveling slowly on the railroad.
2878|A girl sitting on a kitchen counter drinking wine.
2879|Two people skiing a snowy trail lined with trees.
2880|A black and white photo of a group of people on skateboards at a skate park.
2881|An old truck parked in the woods.
2882|a plane is flying past a street light
2883|A person cooks food on three different hot plates.
2884|An attic space serves as a small cozy bedroom with sloped ceilings.
2885|A dog is looking out the door to the outside
2886|A couple of people sitting on top of a wooden bench.
2887|A banana tree in a forest of trees.
2888|There is a paper with a drawing an a nokia phone on top of it
2889|there is a woman with glasses eating a donut
2890|Two men with ties on smiling next to each other.
2891|Person sitting at a table with multiple colorful food trays on it.
2892|Living room setting with furniture, fireplace and lamp
2893|A person skating on a skateboard down a sidewalk.
2894|TWO BIRDS AND TREES OUTSIDE OF  A WINDOW AT A BUILDING
2895|a small bird on a tree branch
2896|strawberries bananas and blueberry pancakes and a teddy bear
2897|a woman is eating outside with a small picture of a truck in the corner of the photo.
2898|Two zebras standing next to each other in the dirt.
2899|Fans in the stands are watching a baseball player swing at a pitch.
2900|A bus covered in graffiti driving past a tall building.
2901|An eye level counter-view shows blue tile, a faucet, dish scrubbers, bowls, a squirt bottle and similar kitchen items.
2902|A white toilet and a sink in a room.
2903|A pepperoni pizza sitting on top of a white plate.
2904|A herd of cows relaxing in a green grassy area.
2905|Horses are eating the hay in a large field.
2906|A man in a suit stares at a chili dog with cheese.
2907|A man rides a skateboard down a thin rail.
2908|Some very bright yellow colored items by some trees.
2909|A doughnut sits on a napkin, with red frosting and one missing bite.
2910|a woman is brushing a mans teeth and a guitar
2911|A white plate containing fried food and various greens.
2912|A dog laying on the floor chewing on something.
2913|A close up shot of a horse grazing in a small field.
2914|The microwave above the stove is built near wooden cabinets.
2915|A wooden table topped with two pizzas and white plates.
2916|A green slide is in the park by a tree.
2917|People browse the shops while walking on a busy street.
2918|black and white photo of a scooter carrying numerous bikes
2919|A male snowboarder poses with his board at the bottom of the stairs of a resort.
2920|A very long train parked in front of a train station.
2921|A bathroom, showing the shower, toilet and sink.
2922|A drawer filled with different flavored donuts covered in frosting.
2923|A four door Nissan pickup parked near the water with equipment on the roof and in the bed.
2924|A white horse standing in an open field.
2925|a close up of a bear behind a fence
2926|A couple of signs mounted to the sides of a building.
2927|A fire hydrant painted black and white on a brick covered sidewalk.
2928|A wooden bench sitting on a side walk.
2929|a man throwing a Frisbee in front of a building
2930|Several buses are in a courtyard area as people mill around.
2931|A large panda bear hanging off the side of a tree.
2932|Young people standing in a field playing a game of frisbee
2933|A meal consisting of two pieces of meat on skewers and greens and cheese.
2934|there is a table that matches the floor rug
2935|A red apple sitting next to a knife with a black handle.
2936|Four men play a game of Ultimate Frisbee.
2937|Two adult pheasants walking slowly across a street
2938|a close up of a person in the kitchen holding a sandwich
2939|Tub and shower on platform in modern tiled bathroom.
2940|The young man is practicing his skateboard tricks.
2941|This is a picture of a kitchen with a chrome stove.
2942|There are oranges and apples in a fridge shelf
2943|A giraffe in an enclosure standing by a tree.
2944|A person on a bike riding on a street.
2945|a man with a tennis racket is being watched by other people
2946|Careful bicycle riders add florescents to their clothes for safety in the dark.
2947|A person flying a kite on the beach.
2948|An old pickup truck sits outside among other classic cars.
2949|A truck and a car driving on a street.
2950|The black cat is laying on the bed with its head on a pillow.
2951|A man mid swing with a tennis racket.
2952|Two women in winter types clothes sitting at a train station
2953|A girl with a racket in one hand.
2954|A toaster surrounded by spoons, some protruding from the inside
2955|A man in a kitchen smiles towards a camera
2956|A pitcher stands on his mound, about to throw his baseball.
2957|A dog standing outside next to a car.
2958|A man sits with junk food while at the beach.
2959|A breakfast has an omelette and a toasted muffin.
2960|A dog and cat sleeping together on a dog bed.
2961|A woman looking at a window while standing in the rain.
2962|A man that is sitting down near a boat.
2963|A parking meter is recycled into a donation station.
2964|A white bathroom with sink, vanity, toilet and a blue circle shower curtain enclosing the tub.
2965|A guy is out on the water riding a sail board.
2966|An Asian man riding a motor scooter on a street
2967|Man in winter clothing delivering hit with bat to ball.
2968|A woman holding a cup looking at her laptop.
2969|A metallic refrigerator freezer sitting inside of a kitchen.
2970|Poplewalk on the sidewalk near the colorfully striped building.
2971|A man surf on his surfboard in the water.
2972|Several stop signs lined up in an open field area.
2973|a close up of a street sign on a door
2974|a close up of a giraffe in an outdoor area
2975|An empty parking space behind a semi truck
2976|A split-screen, showing the same bathroom with sink and toilet, with different toilet seats.
2977|A street sign to Mahatma Gandhi Plaza and Herbert Street.
2978|A man and a boy standing next to a tall giraffe.
2979|A person jumping in the air on a skateboard.
2980|two brown dogs seated on a bench with their string
2981|A man sitting in the back of a pickup truck.
2982|Children playing soccer in a field with other children.
2983|A very small cute child by a suit case.
2984|Three giraffes grazing in a forested area.
2985|A small black dog standing next to a larger black dog on a red leash.
2986|Man with sleeping bag and backpack sitting on bench near fire hydrant.
2987|A wooden table with two hotdogs in wrapping and a bottle of soda.
2988|A baby girl sitting in a chair holding a white teddy bear.
2989|A tennis player is playing tennis while a crowd watches.
2990|a cake roll with a fork on a plate
2991|A baseball player that is holding a ball and glove.
2992|An Australian Shepherd dog catches a pink Frisbee in the park.
2993|A giraffe eating leaves out of a tall tree.
2994|A four layer cake that is sitting on a tray.
2995|A group of air force men standing over a cake.
2996|A guy on a court swinging a tennis racket.
2997|A picture of some people having fun in the sand.
2998|a close up of a motorcycle rear view miror
2999|A friend took this picture just has his friend was eating his hot dog.
3000|Three people are dressed up and posing for a photo.
3001|a giraffe standing in a road with bushes and trees
3002|People are waiting on a corner to cross a street.
3003|Side mirror of bus headlight on car in traffic with grassy median
3004|A striped cat curled up above a comforter.
3005|a bike leaning on a door of a building
3006|A man snuggling a small animal near his face
3007|A camera is shown viewing 3 cupcakes, one of which is being touched.
3008|A man in a jacket making a peace sign and taking his picture with a cell phone.
3009|A pitcher standing on the pitcher's mound and throwing a baseball.
3010|A lot of bananas that are together on a table.
3011|A white passenger bus rounds the corner at an intersection in town.
3012|A person bundled in winter clothing and scarf cooking.
3013|A boy on a snowboard on a flat surface
3014|Woman with a backpack on sits on the curb moving her skateboard
3015|Two different color cats laying beside each other
3016|Two small boats on green, possibly algae invested water way.
3017|A hawk flying in front of a large group of people.
3018|Two adult men stands with a group of little league baseball players for a group photo
3019|a group of people in a horse drawn carriage
3020|the person takes a photo of their dimmely lit living room and tv
3021|a plate holding a sandwich on a bun next to some short little french fries
3022|A bed in a redroom next to a door with windows.
3023|Three men are standing next to a motorcycle, one is wearing a helmet.
3024|A jumbo jet airplane being carried  by a machine through the airport.
3025|A man and girl that are sitting on a surfboard.
3026|a statue of an oldwoman sitting on a bench
3027|this plate has many different types of food on it
3028|A pizza on a ceramic pizza holder and underneath is another pizza and a guy has his hand in his mouth.
3029|A plane sits in a perimeter of safety cones.
3030|a man sitting on a bench next to a fire hydrant
3031|Two giraffes in a zoo crane their necks.
3032|A park bench sits on a path near runners
3033|a little boy that is eating food in bed
3034|a close up of a person holding a cell phone
3035|A woman holding an umbrella walks alone in the rain.
3036|A street corner with a clock and light pole is shown.
3037|a man taking a selfie in a little bathroom mirror
3038|a close up of a clock attached to a building
3039|A pear, orange and two bananas are clustered together.
3040|Birds flying over cows in a green pasture.
3041|a bunch of people sitting on a sandy beach
3042|a person riding a surf board on a body of water
3043|A woman in red sweater holding a black and white cat.
3044|The desk is now ready for the appropriate computer.
3045|A few stoplights that are in front of a building.
3046|A boy smiles next to a birthday cake.
3047|Two wooden park benches perpendicular from one another in a garden.
3048|A black suitcase with handles to help when rolling it around.
3049|a person holding some skis walking through the snow
3050|Pizza crusts sit in open boxes on round tables.
3051|A city street intersection with a light snow.
3052|A man riding a surfboard on a wave in the ocean.
3053|A woman just threw a flying disc in the field.
3054|different segments of the same person riding a skate board
3055|A kitchen sink with hair clips, toothpaste and nail polish.
3056|This dog is hiding under several hats while laying on the floor.
3057|A home office with two computers and a bookcase
3058|a man is grinding on a skateboard on a ramp
3059|a person coming down a snowy hill on a pair of skis
3060|A relaxing family gathering in the living room
3061|A woman sitting on a bench with a statue and holding its hand.
3062|A brown colored couch in a room with a large windown, wood flooring and a brown rug in the center of the floor.
3063|There are bananas, pineapples, oranges, sandwiches, and drinks at the stand.
3064|a computers keyboard on a table and a pen
3065|The dog is laying on the bathroom floor next to the toilet.
3066|Two street signs that are pointed in different directions.
3067|A vase that has flowers in it sitting on a table.
3068|a couple of bowls with some fruit and vegetables inside of them
3069|A city street with many cars and scooters parked
3070|The bathroom mirror is above a wooden sink counter.
3071|A baby boy sitting on top of a toilet reading a book.
3072|a skateboarder in red shorts is doing a trick
3073|A tray with a cup of coffee and some bread on it.
3074|A man playing tennis at a tennis match.
3075|A bunch of people riding kiteboards on top of an ocean.
3076|A man riding skis across snow covered ground.
3077|A woman taking a selfie inside of her house
3078|A hot dog and a pickle on a tray.
3079|a small bird on a bird feeder
3080|a woman holds a frisbee in a public park
3081|A herd of cattle standing on a pasture next to green crops.
3082|A bunch of flowers that are sitting in a glass jar.
3083|A stove top oven sitting underneath a microwave.
3084|A pine apple on top of a pile of mixed fruit.
3085|A table with hiking supplies such as lotions and equipment.
3086|A man wearing a white lab coat holding a bone saw.
3087|An umbrella is placed inside an old microwave.
3088|A person riding skis into a pool of water down a ski slope.
3089|A grey cat sniffing a bicycle in a living room.
3090|Two zebras standing around, one is eating grass
3091|A beige building with a red and white clock tower.
3092|The well dressed guy is holding his red tie with his left hand.
3093|A double decker bus is loaded with people.
3094|Group of adults and children at beach playing with various types of surfboards
3095|boy with glasses and red shirt holding electronics
3096|Some rocks are collected in a corner in this room
3097|The man in the wetsuit carries a red and white striped surfboard.
3098|A boy with a fedora on holding a pizza box open.
3099|a tall tower with a clock in the middle near a cemetery
3100|A person is holding two spoons over the sink.
3101|A bus approaching an intersection at a green light.
3102|A couple of dogs running together being playful.
3103|A person on a skateboard does an air trick.
3104|A man is doing tricks with a frisbee
3105|Some ones black racing bike in a parking lot next to his gear.
3106|Two glasses of juice next to a knife and cut up pieces of orange and apple.
3107|Four horses standing by the fence where they're kept.
3108|And old cat looks out while inside of a cage.
3109|a baseball player on the feild with a bat
3110|A stuffed animal with a flower in its hair.
3111|A large crowd of people standing in the grass near a monument.
3112|a very large airplane that is on a runway
3113|A man on a surfboard riding a large wave.
3114|A giraffe eating from branches from high above.
3115|A clock tower stands high above the city skyline, with a sunset.
3116|A man standing on top of a sandy beach near an upright surfboard.
3117|A roasting pan full with apples, carrots, potatoes, and meat
3118|A woman tennis player in the far court hitting a tennis ball over the net.
3119|A bench right next to some tall grass at the edge of a body of water.
3120|A little boy holding up a packaged electric toothbrush and smiling.
3121|A large building on the corner of the intersection.
3122|Several images of someone holding a remote control in their hand.
3123|a person stretching to hit a tennis ball
3124|A giraffe in an enclosure eating from a tall tree.
3125|A pony and a dog are outside in the hay.
3126|a desk that has some computer screens on it
3127|A large  clock mounted on a tower
3128|Bathroom with many towels hanging to dry out.
3129|a group of little kids play a game of soccer
3130|A woman holds a knife ready to cut into her pizza
3131|A man in the stands of a sports event texting on his phone.
3132|An elephant is walking around his exhibit at the zoo
3133|A laptop connected to an Apple computer monitor.
3134|A dogs reflection in a car door mirror.
3135|A woman is smiling while eating from a plate with fruit and cheese.
3136|a woman wearing a yellow top and some donuts
3137|A large bird standing on a rock by the water.
3138|Two giraffes in a field, one eating leaves off a tree.
3139|The giraffe is standing in the middle of a field.
3140|A room with a chair, blanket, and potted pant.
3141|The street sign is reading Greta Garbo on the side of the pole.
3142|A blue car and white truck next to bushes in yard.
3143|some kind of chicken, rice, and vegetable dish on a pizza tray being served to a man.
3144|A man holding a tennis racquet on a tennis court.
3145|A sculpture that includes a rock, paper and scissors.
3146|THIS IS A PHOTO OF TWO HAPPY CHILDREN SITTING AT THE TABLE
3147|Two plates of food on the bar of a fast food restaurant.
3148|Sheep graze in a field beneath a blue sky.
3149|A young boy smiles next to a toy train.
3150|two bicycles parked near a garden area in a park.
3151|Red clouds as sun sets over the ocean
3152|two men on the same Olympic team and one person from another team skiing
3153|a little boy wearing a tie and a fake mustache
3154|a man fixes a tie with a button up shirt
3155|Four zebras are grazing on grass in a pasture.
3156|A random plane in the sky flying alone
3157|a white stoves burners with a green timer and some decorations
3158|Man on a marked field holding a frisbee in his hand.
3159|a sock monkey sitting in front of a bowl of oranges
3160|A man and dog on a motorcycle in Christmas costumes.
3161|A person holding a glob of dough over a pile of donuts.
3162|A young woman partially covers her face with a cookie.
3163|A white appliance with lots of clutter on top of it.
3164|A dog is shown sitting on a wire chair.
3165|An orange sign that has a picture of a man holding a flag.
3166|There are several large sculptures, including "Bob's Big Boy," at this home.
3167|a couple with skis standing in front of an Olympics sign
3168|A guy does tricks on his skateboard in the street
3169|A zebra standing up next to a chain linked fence and eating grass that is on the ground.
3170|A cat standing on top of a bag of luggage.
3171|A colt is standing by another horse in a pasture.
3172|A city sidewalk with people walking up and down
3173|a white clock on top of a tower
3174|A man folding a giant paper airplane on the floor.
3175|A large cake and a knife on a table.
3176|A bowl of broccoli, noodles and other various foods.
3177|A cat that is laying down on the ground.
3178|Man flies a kite while walking on a beach.
3179|A dining room table and four wood chairs.
3180|A flock of geese are wading in puddles on soggy grass.
3181|A person windsurfing on ocean with sky in background.
3182|there are many small boats here at the dock
3183|A little girl wearing a jacket and a backpack with a face on it.
3184|People walking through what appears to be a mall with many stores.
3185|This is an image of a train at a station.
3186|Kids at a skate board part waiting for their turn to go down a ramp.
3187|Cat laying on top of a dog on a leash.
3188|a man that is holding a long hot dog in hand
3189|A boy swinging a bat with a catcher in place behind the batter.
3190|a man is on a court playing tennis
3191|A group of young people playing a game of frisbee.
3192|The long sailboat was stopped in a mountainous cove with blue water.
3193|A white food truck is parked outside in the sun.
3194|A meal of cheese pizza and beer looking out at boats in the ocean.
3195|A cat sitting on a table eating cake.
3196|A group of people standing outside of a sore selling bananas.
3197|Man sitting in a chair leans forward holding a controller in his hands.
3198|The baseball batter is poised with a black bat.
3199|A street sign reads "Rue Paul St" in the snow.
3200|An assembly line with doughnuts moving through an automated fryer on it.
3201|males surfer riding wave, appears to be airborne over wave.
3202|Someone who is enjoying some nutella on a banana for lunch.
3203|A small kitchen in a small, dinghy apartment.
3204|Several people walking on the ramp toward a boat.
3205|A crate with cucumbers, oranges and a banana in it.
3206|A bench falls into a crack in the asphalt.
3207|A glass of wine is sitting on a table beside of a vase holding ornamental grass.
3208|A living room filled with furniture and a table.
3209|A blurry photo of people riding motorcycles in the woods
3210|a man plays with a frisbee in a park
3211|People dancing and hanging out talking looking at their phones.
3212|A herd of sheep standing on top of a green field.
3213|a baseball player getting ready to swing
3214|A crowded harbor filled with small sailboats and other watercraft.
3215|A neat, wood filled kitchen is photographed as if for a real estate ad.
3216|A bathroom with a sink, toilet, tub and mirror.
3217|The skier with a backpack is standing in the snow.
3218|A dog standing in a tub of water is sticking his tongue out.
3219|An elephant kicking some dirt on the ground.
3220|A group of soldiers  sitting at a table with a woman.
3221|Three young guys standing around each other in shirts.
3222|some people with umbrellas and some trees on a rainy day
3223|Three young men together with two sitting on a counch and one standing in the middle of the room playing on Wii video game equipment.
3224|a watering can for a vase of purple flowers
3225|A red building with a crowd of people outside it near the water.
3226|A man riding up the side of a dry pool on a skateboard.
3227|A photo of a baseball player where a child has replaced the player's face with his own
3228|A young boy is in the outfield playing baseball.
3229|There is a walkway lined with white flowers
3230|A view of a piece of broccoli with a person holding it.
3231|A metal container with flowers in it rests on a tabletop next to a matching bowl.
3232|A woman in a seat is on her laptop.
3233|A mom and her daughter prepare to make dinner together.
3234|A surfer carries his board while watching another surfer in the water.
3235|Jockeys racing horses with a time board in background.
3236|A boy in blue wetsuit on a boogie board.
3237|A vase of flowers on a dining table.
3238|A surfer sits on his surfboard in the sand close to the water.
3239|A surfer rides a small blue wave toward the shore
3240|Patrons are going to the shops of an airport.
3241|A motorcycle on a street near a church.
3242|a group of young people playing frisbee in a gym
3243|There is a clock with a glass front door
3244|A woman in a black dress swings a tennis racket
3245|A group of people with umbrellas walking down the street
3246|The young baby is sitting next to the large teddy bear.
3247|There is large kite set on the grass
3248|A metal bucket with a bottle of booze sticking out of it.
3249|A couch on a trailer being pulled by a bike.
3250|A boy doing a skateboard trick in the air.
3251|A glass of beer next to a hot dog with various toppings.
3252|Three people sitting on a motorcycle driving it down the road
3253|A tennis player prepares his swing by extending his arm up.
3254|A double decker bus driving down a street.
3255|A soccer player in the field kicking a soccer ball.
3256|a toddler sitting at the end of a surfboard on the beach
3257|A large dirty yellow truck, parked in a yard.
3258|a man in a baseball uniform holding a bat
3259|A dog that is about to catch a frisbee.
3260|Woman smiling receiving a plate with a slice of pizza.
3261|There are two men that are out playing baseball.
3262|Two men and a woman dressed in business attire.
3263|a kite flying high above in the sky
3264|A group of men kicking around a soccer ball.
3265|a table with a bowl of oranges on top
3266|A banana, a glazed doughnut on a plate, and a cup of juice.
3267|A man riding a snowboard on a snow covered slope.
3268|A wood table topped with a laptop computer next to a couple of boxes.
3269|a woman tennis player in white shorts is playing tennis
3270|Two boys stand on a city street next to a curb.
3271|A guy on a skateboard in a skate park.
3272|The yellow and blue tram is in motion.
3273|A donation station on the side of the street
3274|a black bear some large rocks and trees
3275|A close up of a plate with two slices of pizza.
3276|A man riding skis down a snow covered slope.
3277|A guy doing tricks on his skateboard in a home made ramp in his garage.
3278|A group of people boarding a heliocopter with bags.
3279|A gray and white sitting in front of a TV.
3280|Two very cute cats laying together near some grass.
3281|An elephant is walking through the green shrubs.
3282|A group of men riding horses down a street.
3283|three different black and white clocks signs and a building
3284|A group of people posing for a photo.
3285|A plate of carrots, sitting on a dinner table.
3286|a close up of a brownie on a plate
3287|A man holding what looks like a rubrics cube.
3288|An old teal colored car parked on the street.
3289|A young woman wearing a striped apron stands between trays of decorated cupcakes.
3290|Old ovens sitting on the sidewalk in front of a shop
3291|a woman standing around some tables with a bunch of crabs on them
3292|A cake made to look like a fire truck.
3293|a plate with some cake and ice cream on the plate
3294|A woman sitting at a table with others using laptops.
3295|Bus coming down the street from the intersection
3296|A baby playing with a radio whle sitting in bed.+9
3297|A group of men standing around each other playing a game of baseball.
3298|A laptop computer and a desktop computer on a white desk
3299|A couple of baseball players standing on the field
3300|WOMAN AND CHILD STANDING IN THE ALL WHITE KITCHEN
3301|A young man is holding his tennis racket.
3302|Shelves filled with fresh vegetables of every kind.
3303|A pair of elephants are shown in a field.
3304|A pizza sits on a plate with one piece taken out of it.
3305|The man is riding his skateboard down the street.
3306|A small office with a laptop, computer, and a printer.
3307|Bathroom crowed with speakers, a mic, and recording equipment
3308|a close up of a hot dog on a plate with french fries
3309|A herd of zebras grazing with a rainbow behind.
3310|A group of soldiers on skis in white uniforms.
3311|two girls lying in bed under the covers
3312|A man wearing a red neck tie and a black jacket.
3313|A bear made out of gummy bears sitting on a counter.
3314|A cat sits under a park bench outside.
3315|The little boy is sitting on the surfboard on the beach by the water.
3316|A large white polar bear sitting on top of a rock.
3317|The cake is in the shape of a long train.
3318|A man that is sitting in a chair.
3319|A group of young women playing a game of softball.
3320|Two surfers hold their boards in the water with their dog.
3321|A group of people kiteboard over the ocean.
3322|A green traffic light shines above a street with light traffic.
3323|Workers making smoothies to serve to customers at a smoothie shop.
3324|A group of people near some people riding horses.
3325|Several men landing a canoe on a beach shore
3326|A bathroom sink next to a white toilet under a large mirror.
3327|Individuals riding a boat along a body of water with docked boats along the shoreline.
3328|A made bed in a dark room with white curtains.
3329|A man on his phone in front of a chinese food restaurant
3330|TWO BIRDS FIGHTING HIGH IN THE SKY IN A BAD WEATHER.
3331|There are two sinks in the clean bathroom.
3332|an  image of a bike sitting next to the building
3333|Snowing on a city street with hydrant covered in snow.
3334|two gray white and brown birds a knife and a red table
3335|Two giraffe together in an enclosed area, looking int he opposite direction of each other and a city skyline in the background.
3336|A baseball stadium with a group of people watching the batting practice with players on the field.
3337|A tow truck loading a bank security truck by a building.
3338|a black and white portrait of a baby laughing at a teddy bear.
3339|People walk down a European street as they hold umbrellas.
3340|Africans in native dress working with a cow in a field
3341|a man walking with an umbrella on a very rainy day
3342|a person in a costume standing talking on a cell phone
3343|a blue plane is flying in the sky
3344|A man in gear riding a motorcycle on one wheel
3345|An old truck with Peanuts characters on the side boards
3346|The toilet is next to a wooden sink cabinet.
3347|Dude jumps into the air on his skateboard off the steps
3348|A red double decker bus headed to Victoria is parked on the side of the street.
3349|Professional water skiers perform tricks on a lake
3350|A woman riding a horse and looking at her reflection in a mirror.
3351|Someone is sitting in the dark with their computer on.
3352|A man holding a tennis racket on a tennis court.
3353|A toy elephant is sitting inside a wooden car toy.
3354|A red double bus is traveling down the road.
3355|A herd of sheep standing in a snow covered field.
3356|A street cleaner on a barren highway.
3357|A street with several lanes and cars and trucks on it that are driving towards buildings in the background and an airplane over head.
3358|Two horses looking over a short stone wall.
3359|A polar bear in the snow near water licking his paw.
3360|A hand holding a black and grey cellphone next to train stop.
3361|Two giraffe standing next to each other near a forest.
3362|there are two men in an odd looking boat
3363|A no parking sign next to a wall proclaiming "NO PARKING ON THIS STREET"
3364|People are walking past the building with historical significance.
3365|There are black and white poles along a street corner
3366|A long haired cat staring in to a camera.
3367|A living area with a bed and a large window.
3368|The cows are grazing in the sunlit pasture.
3369|A man standing on a tennis court holding a racquet.
3370|an image of a man eating a tie
3371|A collection of antique pocket watches in various condition
3372|Two men standing in a kitchen with a dog in between them.
3373|A bathroom with a white shower curtain that has four trees on it
3374|a blue plate with some shrimp a fork knife and other  items of food
3375|A condiment filled hotdog is in a red basket next to an iced beverage.
3376|A large group of people who are waiting at a luggage carousel.
3377|People in a station watch a train pass
3378|Bench near water area such as a lake.
3379|A  group of sheep with a dog in an arena
3380|Sunset scene with surfers coming out of the water
3381|Black and white cat sitting on book shelf next to the tv
3382|A white horse in harness pulling something through a downtown street
3383|A one way sign pointing to the left; the sky is blue in the background.
3384|An orange cat is lounging on a gray couch.
3385|A meal with 2 plates and a cup of coffee.
3386|A cat lounging on top of a pair of shoes on the floor.
3387|Brown Irish Setter sleeping on couch with head on pillow.
3388|An orange motorcycle on a motorcycle work stand.
3389|An airplane nose sits in a hangar.
3390|the cover of a magazine with a soccer player on the front
3391|Three zebras trying to graze but not much is green.
3392|A man tennis player holding a racket about to hill the tennis ball.
3393|a close up of a person brushing his teeth
3394|Closeup of a fire hydrant with fence in the background.
3395|A parking sign with an angry birds face.
3396|A counter top with two carrots and three green onions.
3397|A  young boy holding a skateboard in  a store
3398|A dinner table next to a fire place topped with a vase full of flowers.
3399|A burger and fries with a glass of wine and a knife sticking out of the burger.
3400|A small, illuminated vase holds a single tulip at a cafe.
3401|Two shiny blue birds are beak to beak.
3402|Three dogs with blankets under them laying on a couch.
3403|A refrigerator that has been sealed shut on a city sidewalk.
3404|A group of people injured and covered in blood.
3405|A young child eating a pizza at a picnic table.
3406|A woman sitting on a beach posing near tall grass blades.
3407|a skateboarder in a black shirt is doing a trick
3408|The subject in this black and white photo is making a face to show some type of disgust or dismay.
3409|A woman that is sitting in front of a cake.
3410|A man has an open mouth holding a hotdog.
3411|a computer desk with monitors and other electronics covering it
3412|A decorated hair salon cake with brush, comb, razors, scissors and shaving cream
3413|a sleeping bearded male a brown dog and a black brown and white dog
3414|A bench sits among some flowers in a garden.
3415|A long haired cat lounging on top of a car.
3416|A man in a bucket hat touching the trunk of an elephant.
3417|One zebra rests its head on the back of another zebra.
3418|A person is holding an HP CD above a laptop computer.
3419|A man with glasses is wearing suit and tie.
3420|A man sitting on a wooden bench playing a guitar in a park.
3421|Two men standing in a kitchen next to a dog.
3422|Many small boats docked in the water together.
3423|there are many pictures of a man catching a frisbee
3424|An open-air produce market on a Southeast Asian street.
3425|A bed that has a bunch of objects on it.
3426|Living area with chairs and bookshelves with orange walls.
3427|there is a small kitten inside of a sink
3428|A person in a subway station with a dog in a backpack.
3429|A man is flying a kite while others bicycle in the background.
3430|A photo of a cat in black and white. The person taking the picture is visible in the mirror.
3431|There is a two lane off ramp exiting from a highway.
3432|A man on a horse leading a herd of sheep
3433|A woman talking on a cell phone while holding a cup of coffee.
3434|An open laptop sits on a desk in front of an office chair.
3435|a cat is sitting on a white keyboard
3436|several young students working at a desk with multiple computers
3437|A flat screen TV sitting on top of a TV stand.
3438|A cat is laying on a walkway pawing the tip of an umbrella beside someone's feet.
3439|A group photo shows a great number of male school boys and men.
3440|A dirty bathtub sits in a bathroom with a big window on the side.
3441|A child in a bathing suit and two other children hugging outside.
3442|A red motorcycle parked next to a SUV.
3443|Giraffes are standing in the dirt under a tree.
3444|a small bathroom with a red door, standing shower, floor drain, sink and toilet.
3445|A building with a very pointy roof and a clock.
3446|some males a playing with a white frisbee
3447|A living room scene with a couch and chairs.
3448|A double decker bus makes its way past a tall clock tower.
3449|A couple of red motorcycles parked next to each other.
3450|A few individuals sitting on benches with skateboards.
3451|Person in red peacoat and hat riding a horse.
3452|People outside at table eating cake on plates.
3453|A crowd gathered around a person standing next to a bed.
3454|a person with a red top and a gray cat
3455|a red double decker bus going down the road with a lot of pedestrians on the side
3456|Left over pieces of chocolate cake and a cutting knife.
3457|A large half a sandwich sitting on a plate next to a pepperocini
3458|A large try bird standing on a metal ledge near some leafs.
3459|a clock, a fan a desk and a chair in a room
3460|A crowd walks through a busy street of businesses
3461|A beautiful woman sitting at a table holding up two hot dogs.
3462|An assortment of doughnuts are arranged in a display case.
3463|A white bus is traveling down the road.
3464|a close up of a cell phone on a table near earbuds
3465|Three different holders with oranges near some unique nick knacks.
3466|A plate topped with bread, greens and pasta and a bird.
3467|A man that is next  to a chair.
3468|a table with many different food items and a cake
3469|there is a wooden table that has a bench and a chair
3470|A picture of a large mountain covered in snow.
3471|Five horses and their jockeys are in a race.
3472|a couple of kids that are playing on the ground
3473|An Olympic Games skier on a jump sails past the Olympic symbol.
3474|A man sitting at a table next to a little girl with plates of food.
3475|A modern double decker red tour bus with an ad on the side for "singin in the rain".
3476|The fresh fruit is cut up in the jars in the kitchen.
3477|A large clock on a pole in the street.
3478|A pair of wooden benches in front of large windows.
3479|A woman is carrying a child on her back.
3480|A clock with roman numerals hanging on the wall next to flower patterned drapes.
3481|A bathroom with a bathtub, separate shower, sink, cabinets and mirror.
3482|A long, rectangular, gourmet pizza on a metal tray
3483|Two men riding horses with a cow between them.
3484|The boats navigated around the curves of the attraction.
3485|A large white airplane coming downwards from the sky.
3486|A small black dog playing with a frisbee.
3487|a stuffed animal is on the table nest to some leafs
3488|A monitor by a laptop, keyboard, mouse and Xbox 360.
3489|A person skiing down a mountain of fluffy snow.
3490|Looking through the window of showroom at car dealership.
3491|A man posing for the camera, eating a piece of cake.
3492|A woman doing something with her cell phone
3493|A rock vase that has flowers inside of it.
3494|A man in shorts is holding a tennis racket
3495|A plan flying under a cloudy gray sky.
3496|A table with a happy birthday message holds several items that were probably birthday gifts.
3497|Several birds sitting in the water of a lake.
3498|A man in plaid shirt on a small train engine.
3499|The pizza in the box is ready to be eaten.
3500|Street sign titled Kittery Maine State Line in green.
3501|a baseball sits inside of a glove on a bench
3502|Women and men appear in an animated image.
3503|A truck kicking up dust from driving on the desert. People standing near the road waving.
3504|Three bathroom stalls with toilets in a restroom
3505|A bull grazing on the grass of a large farm field.
3506|A man's hand holds a kite string connected to a kite flying against a cloudy blue sky.
3507|A couple of people on a beach with a flying Frisbee.
3508|A person is pouring wine into a wine glass.
3509|A baseball player walks on the baseball field.
3510|A woman is riding a bime with no handle bars.
3511|An orange in a tree with the sun shining on it.
3512|A street with the word STOP painted in white.
3513|A pretty young lady tossing a blue frisbee.
3514|A girl on the beach about to catch a frisbee.
3515|A brick tower with a clock on the two visible faces
3516|A black and brown dog is wrapped in a sheet.
3517|A boy standing on a ski slope, holding ski poles.
3518|The head of a Giraffe with its mouth on a tree branch.
3519|a smiling man holding a little plate of food
3520|A person riding a surfing water attraction in a city with people watching.
3521|A circular green and white sign that reads "car parking" in front of cows.
3522|there are several stop signs along side the grass
3523|A woman is standing in front of a video game.
3524|Three red and white cows huddle together in a wide open field on a cloudy day.
3525|A bunch of sliced up sandwiches sitting on top of a glass dish.
3526|A person with a pair of scissors cutting into a cigar.
3527|A woman sits on a couch with two cats.
3528|a dog with a birthday hat and toy with three other dogs
3529|A man skiing down the side of a snow covered ski slope.
3530|Waiter standing over a man examining his dish.
3531|An old fashioned kitchen with the light on.
3532|Skateboarder with an elongated shadow at an outdoor skate park.
3533|Two men setting next to each other on the street .
3534|A vase with flowers in it on a table.
3535|A pizza with ham and a vegetable pasting on it while in a oven.
3536|car lying on his side on a colorful blanket
3537|a mens bathroom with a blue floor and two sinks
3538|A young boy attempts to hit a ball with a tennis racquet.
3539|A street sign with a bike leaned up against it.
3540|A red people ferry cruises along the pay with a load of passengers.
3541|A man sitting on a chair playing a keyboard
3542|A pan filled with broccoli and ground beef sits on the stove.
3543|A man with a beard and mustache thoughtfully stares into a computer screen at some sort of a meeting.
3544|A few giraffes standing around in a fenced in area beside a tree.
3545|The bearded man is holding a pair of scissors in each hand.
3546|A little girl preparing to hit a baseball with a bat.
3547|A grilled sandwich including vegetables is arranged on a long plate.
3548|a girl that is on a tennis court with a racket
3549|A man with dreadlocks holding a big hotdog
3550|Six airplanes in a triangular formation flying in the sky.
3551|A living area with a red sofa, coffee table and large television.
3552|A man and women posing for a picture
3553|A man doing a show of frisbee stunts.
3554|A city street with traffic lights flooded by water.
3555|There is a table in the middle of the room.
3556|Various meats and vegetables sit on the plate.
3557|A series of four clocks mounted to a wall.
3558|A white toilet filled with bags of garbage.
3559|Several giraffe on a dirt surface surrounded by vegetation.
3560|A person riding a motorcycle down the street with groups of people behind a fenced area.
3561|A man playing tennis in a tennis court runs to hit he ball
3562|A man and a young girl choosing between two cakes.
3563|A couple of beds and sheets in a room.
3564|This photo includes a rusty primitive refrigerator against a wall.
3565|a couple of giraffes standing in front of a building
3566|The  Christmas presents are under the tree.
3567|A polar bear paws over the ground of an enclosure.
3568|The man is riding the waves on his surfboard in the water.
3569|A row of kites in the sky and girls are walking on the road.
3570|An unattended office containing several computers and a chair.
3571|Heavily woolen sheep standing near orange netting in grassy field.
3572|A PLATE OF MEATS AND POTATOES AND VEGETABLES
3573|A fire place between two book display cases with mirrors in the back.
3574|A young boy in a red shirt flies a kit high in the sky while a girl in a t-shirt watches.
3575|A man and woman holding a tennis racket over another mans head.
3576|A closeup shows a blurry meter and a cityscape in the distance.
3577|A modest bathroom with toilet and wash basin.
3578|Tennis player and kid standing on a pro tennis court.
3579|A hotel room with two beds side by side  .
3580|A girl in a green shirt and denim skirt cutting a cake.
3581|A single brown donut on a white napkin
3582|Two zebras grazing together in a grassy meadow.
3583|The girl is ready to hit the tennis ball.
3584|The men and women in business suits are sitting at a round table.
3585|A women who is sitting on a bench.
3586|A classroom full of children working on laptop computers.
3587|a woman wearing a wig holding a tennis racket
3588|A man in a wheelchair waiting on a sidewalk
3589|A man working on the pavement in front of a famous building.
3590|A baseball player runs up to home plate.
3591|An airplane is on the runway near grass and other airplanes.
3592|Small, old elephant being petted by a zookeeper.
3593|A street scene with several people and a tall clock tower.
3594|two women hold a cake with a picture on it
3595|Two women with standing with babies, with one woman on a mobile.
3596|The bathroom counter with ornaments and towels on it.
3597|A plane flying low with an American flag flying in the foreground.
3598|A person is posed up high on a neon sign.
3599|A kitchen scene with a cat sitting on the counter in front of a microwave.
3600|a very large group of people outside a building
3601|The cat enjoys looking at other cats on the computer.
3602|A small vase contains an assortment of flowers in a bedroom.
3603|A set of four boxes filled with baby birds.
3604|A young boy wearing a white dress shirt and tie, standing next to a world globe.
3605|A cat sitting underneath a blue and white umbrella.
3606|A man surfing alone in the ocean waters
3607|A peerson standing on the end of a trolley.
3608|a large orange vase sitting on an end table
3609|A parking meter near a outdoor building.
3610|A large vase is decorated with warriors and horses.
3611|A man in a baseball uniform running toward a base.
3612|A man pulling a cellphone out of his pocket.
3613|Roast beef with gravy broccoli and carrots on a plate
3614|A man wearing a tie poses for a photo
3615|Benches are near a path and the water.
3616|three giraffes some trees and plants and blue sky
3617|A black and white picture of an old fashioned bell alarm clock.
3618|Feminine ambience style restroom with wide open feel
3619|A child smiling as they hold a teddy bear.
3620|A zebra drinking water standing in a viewing area in a habitat.
3621|A double level bus on an urban street.
3622|A baseball player standing next to home plate.
3623|A lady sleeping on a couch while holding onto and snuggling a teddy bear.
3624|A clock has two decorative balls hanging below it.
3625|People walking down a city street in the rain at night.
3626|A black and white cat laying on a bed
3627|A single giraffe sits on the grass behind a herd of zebras.
3628|Church tower, beige stone color under partly cloudy skies.
3629|Two toothbrushes next to each other in front of sign determining which belongs to who
3630|a double sink dishwasher stove and microwave and nice cabinets
3631|A cross country skier poses against a backdrop of snow covered trees.
3632|A woman is milking a cow near other animals.
3633|A couple of cows and a person in a room.
3634|Person paragliding and wakeboarding on ocean with tree slope
3635|Dog in parking lot and on a leash.
3636|Two trains near railway stops on the tracks.
3637|A border collie with tongue hanging out stares at an approaching Frisbee.
3638|A baby elephant walking through a shallow pool of flowing water
3639|a vase full of colorful flowers in a bedroom
3640|a woman bites into a big sausage
3641|a group of men with surfboards watching a guy surf
3642|An apple, knife and apple peelings are on a wooden shelf.
3643|A family of five goes white water rafting.
3644|A fire hydrant on a cobbled stone sidewalk with a red bus in the distance.
3645|a kitchen with two people some chairs and white cabinets
3646|A man riding a snowboard on a snow covered  hill.
3647|a group of people walking down the street in a parade witha elephant that says i love new york
3648|A woman at a baseball game with a Chicago Cubs visor, talking on her cell phone.
3649|A man bending into the back of a truck on a street.
3650|A bedroom scene with focus on the window.
3651|A skiier laying down in a snow bank posing for a picture.
3652|A photo of a toaster make to look like a creature using utensils.
3653|A small living room with a sofa, chair, coffee table and tv.
3654|Tennis player attempting to hit an incoming ball
3655|a lady and three kids laying on a bed and reading.
3656|a corner of a James Smith & Sons store with various umbrellas lined up in the window
3657|Numerous vehicles traveling on a bridge over water.
3658|The clock tower is in the center of the building.
3659|Two people on a screen with captioned text.
3660|A couple of people on a surfboard in the ocean.
3661|A flower is on an object that is lit.
3662|A woman holds her hand on a stop sign written in two languages.
3663|a man on a tennis court running to hit a ball
3664|A blue train arriving at a station nearby
3665|An older woman in a flower dress takes a self photo in the mirror.
3666|A toy doll comes complete with a couple of outfits to wear.
3667|A man in a suit is standing amongst a bunch of people.
3668|a room with a bookshelf and books and many open black umbrellas
3669|a man in red is reaching back with a ball
3670|The airplane is on the tarmac at the airport.
3671|an image of a boy playing on a skateboard
3672|Two teddy bears wait to travel atop the suitcases.
3673|A cake shaped like a little bear sitting in the entrance to a tent.
3674|A man wearing a green hat and eating some food.
3675|A person is near a row of luggage carts as one man pushes a cart.
3676|a well lit living room in neutral colors with a colorful book shelf
3677|a number of people standing around a table with wine bottles
3678|A two-story house with palm trees, a chain link  fence. and a decorative border.
3679|Black dog with blue collar laying on a boat.
3680|A large long train on a steel track.
3681|shirtless skateboarder going down a ramp on clear day
3682|A city street at night with an illuminated bridge nearby.
3683|A white toilet open in a small room.
3684|A public bathroom sink and hand drying area.
3685|An umbrella sitting on top of a tripod.
3686|A white sink sitting under a mirror in a bathroom.
3687|A woman in a pink hat is looking at a cellphone.
3688|A man wearing glasses and a neck tie is holding a cell phone.
3689|The man is flying his kite high in the sky.
3690|Baseball player at plate looking at baseball go by him.
3691|A child petting two dogs on the side of the street
3692|A large flock of birds landing in the water.
3693|A white horse and a brown running along side each other.
3694|A computer with itunes open is on a desk.
3695|A black counter top sitting next to a metal sink.
3696|A truck is moving along a city street.
3697|Ostrich, zebra, and other grazers in a wide-open rough field.
3698|Three toy ski figures are posed on a head of cauliflower.
3699|A blender that has had some liquid come out on the counter.
3700|A group of horses mill about on a beach.
3701|A woman carrying a surfboard over her head on the beach.
3702|A stoplight on yellow during a snowy day.
3703|a man placing a pizza inside an oven
3704|Empty benches in the park after a storm.
3705|A large semi truck driving down the middle of a street.
3706|A woman hitting a ball with a tennis racquet.
3707|A cat and a dog on the floor in a room
3708|Woman playing with flying disc at outdoor event.
3709|A man looks at his cell phone in a hallway
3710|A frozen pizza is cooked in an oven.
3711|Three black and white street signs with hazy sky in background.
3712|A red convertible has a piece of luggage on the back.
3713|a boy is standing behind two open refrigerator doors
3714|A bed is made up with blankets and pillows.
3715|A black and white photograph of luggage lined up on a sidewalk.
3716|Sheep in a snow covered pasture are feeding from a bale of hay.
3717|A dog with a longing look as it sits by a window.
3718|The toilet is clean and ready for customers to use.
3719|A man is standing on a yellow surf board using a paddle.
3720|A man standing in a body of water in the waves.
3721|A white dog on a dog bed on a wooden floor.
3722|A couple of trucks on a city street.
3723|a couple of birds that are on some wood plat forms
3724|A person standing on the back of an elephant in a river.
3725|A man hitting a tennis ball with a tennis racquet.
3726|A dog is standing in a yard with a toy in its mouth.
3727|A lady reading a newspaper on a public bench outside.
3728|A surfboard rider rides a small sized wave.
3729|a man taking a picture of himself in a mirror
3730|a stop sign and a red fire hydrant grass cars and trees
3731|a kite flying in the air over a sand castle
3732|A man in a white tee shirt standing in the door of a bus.
3733|the mountain is covered by snow and a lot of skiers.
3734|A small bathroom with a white toilet next to a shower curtain covered bath tub.
3735|There is a sign with both French and English on it.
3736|A man swinging a golf club in a grassy area.
3737|A person is in the middle of skiing down some slopes.
3738|a couple walking in the rain using and umbrella
3739|Two young ladies standing in the sun with papers in their hands.
3740|A man standing on a tennis court holding a tennis racquet.
3741|Two people standing on a street corner near a clock.
3742|Multiple people wind surfing on rough water with a boat in the background.
3743|A man pressing buttons on his cell phone.
3744|A home desk has a computer, lamp, and knick-knacks.
3745|A bird sitting in a tree next to a citrus fruit.
3746|A bed in a ten with a colorful ceiling.
3747|A train parked at a train station next to another train.
3748|Train wreck fallen down into a body of water.
3749|A large pizza sitting on top of a white plate.
3750|a girl laying on an inflatable mattress in a pool
3751|A black cat with its head on a laptop computer.
3752|A child rides a body board through a wave pool.
3753|two giraffes outdoors sitting next to each other.
3754|An airplane on the runway of an airport.
3755|Travelers making their way through a busy transport hub.
3756|A woman on skis and a Golden Retriever near playground equipment at a park.
3757|A dog with his ear hanging over the side of the bed
3758|A blue and white surfboard resting against a wheelbarrow in a backyard.
3759|Two giraffes eating leaves at a watering hole.
3760|A bed on an empty floor surrounded by plastic bottles.
3761|A kitchen counter top with many different appliances.
3762|An airline lunch tray filled with healthy food.
3763|Female doubles tennis player stretches for her serve.
3764|The under side of an airplane in flight.
3765|A group of zebras graze on grass beneath tall trees.
3766|A bedroom with a balcony, a bed and a flat screen television.
3767|A man swings a baseball bat while another man watches.
3768|A woman and a dog sit in a huge outdoor chair.
3769|Several kites flown above a field near a lighthouse.
3770|Piles of apples, lemons, limes and oranges are available today.
3771|Two men jumping for the same Frisbee on a field.
3772|A green train next to a platform with a man in white looking out of it.
3773|A bathroom that has a shelf for towels and other supplies.
3774|A man that is sitting on a motorcycle.
3775|A computer mouse sitting next to a  laptop computer.
3776|A cow standing in a field, looking at the camera.
3777|A man in a wet suit surfing the beach
3778|A man and a woman, who are dressed nicely, are posing for a silly picture.
3779|Two stuffed animals in a black and white picture
3780|There is a bench along the path for runners to take a break on.
3781|A small herd of cows grazing in a big field of grass.
3782|Two photos-one of a stone building with red windows and one of a urinal.
3783|A large Colgate clock sitting on the shore next to a body of water.
3784|A man riding a skateboard next to another man.
3785|A group of people sitting around a wooden table.
3786|A bike locked on the side of the street with a bus and a car driving on the road.
3787|Men in yellow safety vests stand near a yellow truck and a white truck.
3788|A dog on a green field carrying a frisbee in its mouth.
3789|A woman having two pieces of birthday cake.
3790|White frosted donuts on white plate with cappuccino in brown cup and saucer, on brown table top.
3791|A male standing with an upright surfboard on a beach.
3792|Picnic lunch of sandwich, baked beans applesauce and soda.
3793|The light was a yellowish color and bright
3794|man surfboarding on a large body of water with large waves.
3795|An upside down blender containing a mixture of food.
3796|A couple of people and a skateboard outside.
3797|A man contorting as a frisbee flies towards him.
3798|a motorcycle rider some trees going down a road
3799|Skiers are competing in a race while the crowd watches
3800|A fancy wedding cake under a protective cover.
3801|A girl is putting a carrot in her mouth.
3802|A person holding a phone and a lcd screen dial.
3803|A dinner party draped in sheer drapes and adorned with stuffed farm animals.
3804|The woman is getting ready to cut a piece of the desert.
3805|An Ana air plane is parked at the port.
3806|A plate of food containing a sandwich and sweet potato fries.
3807|A boat is parked in a body of water
3808|a bulldozer pouring snow into the back of a truck
3809|there is a small vase with many tulips in it
3810|a vintage photo of some kids playing on a bed
3811|A red stoplight in the distance on a street.
3812|A young man and woman holding their heads close to each other.
3813|Chicken and vegetables with rice in a bowl.
3814|A couch, table, chairs and a tv are featured in a den with blue carpeting.
3815|Lots of people are crowded near the snow lodge.
3816|A small rowboat on an incline in front of a lighthouse.
3817|A group of people are flying kites on a beach on a cold day.
3818|a couple of people that are playing in a field
3819|a little boy brushing his teeth in the bathroom
3820|A man is standing in the grass with a crochet mallet.
3821|A person on a surfboard in the water.
3822|a bath room with a shower and mirrors
3823|A person riding a brown horse through a green pasture.
3824|A bathroom has a tub, sink, and mirror in it.
3825|a desk with books a lamp and a clock
3826|a little kid holding hands and standing with a person next to them
3827|Hot dogs on a BBQ being grilled in a backyard.
3828|A man holding a snowboard on top of a snow covered hill.
3829|Several sheep in a grassy field near a crow in flight.
3830|A couple of very young male soccer players, are competing for control of the ball.
3831|The man is sitting down on the floor playing a video game.
3832|A group of zebra standing next to each other on a grass field.
3833|An elephant is standing in front of the others.
3834|A man that is sitting at a desk with a pen and laptop.
3835|a traffic light at an intersection a dusk
3836|A women standing in a bakery with cakes for sale.
3837|A man eating food by shoveling it in his mouth.
3838|A hot dog on a bun with pickle and tomato.
3839|Various images of a girl playing with a Frisbee.
3840|A professional baseball pitcher pulls his arm back to throw the ball
3841|A man riding an elephant on a road with a truck passing on the right.
3842|Few men standing by a boat that is sitting on the sand.
3843|Some boats on a body of water during the day.
3844|Everyone is waiting in line to purchase tickets.
3845|A swarm of people are getting together and doing something.
3846|a couple of tennis players on a tennis court
3847|A group of people sitting around a wooden bench with vegetables.
3848|A restaurant sign saying Missoula Club Burgers and Fries.
3849|A bed with brown covers and an oil painting at the head end.
3850|A group of ducks swimming on top of a lake.
3851|A woman is placing a frisbee into a metal device.
3852|A dog that is on top of a person.
3853|a giraffe in its pen trees bushes and dirt
3854|An old military plane on a runway with wings folded.
3855|The interior of an office with a laptop next to a computer.
3856|A couple of elephants walking around in a field.
3857|A black and white picture of people standing in front of an old city gate entrance.
3858|A dog standing in the snow with a stick in its mouth.
3859|A man and woman that is under an umbrella.
3860|People standing and sitting around at a pier
3861|A street sign that is in front of a rainbow in the sky.
3862|Wine and desserts are served on a table.
3863|A flock of sheep with a young boy holding one
3864|A small road near an ocean cliff side.
3865|The horses are racing each other along the beach.
3866|a row of baskets at a market holding apples
3867|Room model with two chairs, a dresser, picture frame on the wall and other items.
3868|A woman opening up the refrigerator looking for something.
3869|A stuffed bear looking over a balcony at the water.
3870|A bathroom with a toilet, sink and bathtub/shower stall.
3871|Large clock displayed next to commercial building over sidewalk.
3872|An intersection shows  an expanse of empty road and then a car coming out from under a large arch that looks like a giant Chinese letter and stands between two buildings that stand at the forefront of am open walled walkway and retail venues.
3873|A hand holds a remote that operates a video game.
3874|Giraffe walking through a field next to a forest.
3875|A shirtless surfer jumps up from the waves.
3876|Two computers on a desk with two monitors saying django.
3877|Several computers on top of a desk and a television on top of a file cabinet sitting in a room at the foot of a bed.
3878|An umpire and baseball players standing on the baseball field
3879|four photos of different dishes of italian food
3880|A bowl with grapes, a pear and a orange, on top of a plate with an apple and a plum.
3881|A man riding a donkey down a hill on a road.
3882|A bed that is sitting unmade and an open laptop on a desk
3883|a group of people standing in the park playing with a frisbee
3884|A double decker bus on a street with a ferris wheel in the background
3885|A large white airplane sits on the runway.
3886|A wall with several different clocks hanging from it with a mirror next to them.
3887|A red and white fire hydrant sitting in the snow.
3888|A stop sign under a one way sign and street signs has graffiti on it.
3889|A herd of five zebras cross the dirt road.
3890|The tennis player is on one leg in the blue tennis court.
3891|A view of a small room that has a bed desk and chair in it.
3892|there is a black and white photo of a black train
3893|Some skiers posing on a big snowy hill.
3894|A giraffe is standing in low brush at the bottom of a rocky outcrop.
3895|It is a territory with numerous things to watch.
3896|Two cats take a nap on a desk
3897|A to-go container filled with beef and asparagus.
3898|a dog laying resting next to a pile of shoes
3899|A vase with red flowers painted on it and pink and red flowers in the vase.
3900|People are eating at an outdoors restaurant in a black and white photo.
3901|A boy grabs something from a hand reaching across a table at a restaurant while another child looks at the camera.
3902|Three men and two children are standing on rocky ground.
3903|A brown lunch bag with grape soda, and two hot dogs with toppings.
3904|A bed with a blanket underneath a window.
3905|an image of a red shuttle going down the road
3906|There is a giraffe standing near the tree.
3907|Two people on motorcycles are at an intersection in a rural area.
3908|A bicycle with led lights a helmet and bag on it.
3909|A table with many glasses of wine and a person sitting at table.
3910|A man dressed in green kicks a soccer ball.
3911|A train on the tracks in front of Jack London Square.
3912|a plate filled with a sub sandwich and some fries
3913|A black and white kitten is asleep on a keyboard laptop.
3914|A young skateboarder attempts to complete a trick.
3915|A man is feeding a pair of elephants
3916|a bench near a hand rail near another bench
3917|A shiny model locomotive is on platform display.
3918|A woman's hair being blown while riding in a car.
3919|An old man in a suit and tie is staring.
3920|A man who is performing a jump on snow skis.
3921|Black and white photo of two men riding bikes.
3922|A close up of a street pole with no parking signs.
3923|Big commercial airplane getting ready to take off.
3924|A pan sitting on a stove top with some broccoli
3925|A large number of luggage set next to each other.
3926|A herd of cattle crossing the street while cars wait behind them.
3927|A kitchen is shown with chairs and an oven.
3928|The seagull is in flight over the waves and dunes
3929|a few zebras that are walking on some grass
3930|a woman sitting on a picnic table on her cell phone
3931|An uncooked pizza with diced meat, tomato, and green onion on top of a cutting board.
3932|THERE ARE A LOT OF SHEEPS WALKING THE FIELD
3933|there are many baseball players greeting each other on the field
3934|Playing baseball in a local field with Dad
3935|two benches near each other in a field near water
3936|A snowboarder with bright blue clothes performing a trick.
3937|A little girl holding up a smart phone.
3938|A group of people pose for a picture at the table
3939|there is a long brown train that is passing by a station
3940|A shade umbrella is anchored in a planter on a deck.
3941|a number of people playing frisbee in a field
3942|a close up of two children in a bed
3943|Pair of zebras in open space in enclosed outdoor area.
3944|A beige Mercedes transit bus riding on a road.
3945|The two giraffes look over the fence at the same time.
3946|A man throwing a Frisbee in the middle of the a grassy area.
3947|A man in a suit poses for pictures
3948|A woman and her children eating in a restaurant.
3949|A white sheep in grassy area with trees in background.
3950|A man sitting on the ground in front of chairs.
3951|A table with ham, turkey and other various food entrees.
3952|A family gathers around the island in the kitchen with a cooked turkey.
3953|Two horses are being ridden through the fields.
3954|A towel rack hangs on the wall between two mirrors.
3955|A train is sitting in a train station.
3956|a skateboarder catches a lot of air in front of a girl
3957|Two elephants that are standing up in the street.
3958|The counter of a coffee shop advertises additional seating downstairs.
3959|Several kites sitting on a sandy beach during the day.
3960|A duck swimming in some very gray water.
3961|A Cuban Sandwich laying on the paper it was wrapped in.
3962|Green apples sit piled up with other produce in the background.
3963|White Buick Century car being driven by woman with dog in front seat
3964|Surfer riding breaking wave at ocean with other surfers nearby.
3965|A couple of red buses traveling over a bridge spanning a rivers width.
3966|Cows strain their necks for hay in between posts of a fence.
3967|A family is having a pizza dinner at a restaurant
3968|A group of people sitting around a table eating food.
3969|Safety cones protect a parked utility truck with crane on a roadside.
3970|A row of buses sitting next to each other in front of a tall building.
3971|A baby standing on a surf board on the beach.
3972|A closeup of a pizza with lettuce and bacon.
3973|A red stop sign next to a blue street sign.
3974|two women in a kitchen are decorating a cake
3975|Four-five persons sitting in a room looking at something in one direction.
3976|A skier skis down a hill past a sparse evergreen.
3977|Grey and black striped cat sitting on the hood of a car.
3978|A couple of brown horses laying on top of a grass field.
3979|Close up of the over-used bristles of a tooth brush
3980|A cluttered computer desk in a messy room.
3981|a big water way with some boats inside of it
3982|this clock says that it is at least 11 o' clock.
3983|A girl outside doing tricks with a white frisbee
3984|A man swinging a tennis racquet at a ball.
3985|Cute little kid smiling while holding a cell phone
3986|A watch with a gold design surrounding it.
3987|An orange and black train with train cars passing trees.
3988|a cow nuzzles the head of another cow standing next to it
3989|A large group of people sitting on the beach under blue umbrellas.
3990|Four airplanes are flying over a grassy area.
3991|A bunch of fruits and vegetables for sale on display
3992|A rustic bench beneath a tree near a wire fence.
3993|A small plane is getting ready for a flight
3994|A kite is being flown in the air at the park
3995|A picture shows Darth Vader waiting at a luggage carousel.
3996|A kite flying in the air attached to a mans waist.
3997|Small birds are walking along the waters edge.
3998|A subway car is stopped with its door open.
3999|The woman are playing a game of Frisbee in the grassy field.
4000|A man prepares to pour something from a bottle into a glass.
4001|Three peacocks sitting on tables in a long room.
4002|Two men have stopped in a field while one of them in a white shirt fixes the other man's tie.
4003|a brid flying thru the air with a sky background
4004|a light gray vase and some purple red and yellow flowers
4005|A group of zebra standing next to each other on a dirt field.
4006|A baseball player is swinging at a ball on the field.
4007|Two men standing together one helping the other with his tie.
4008|A black and white dog stands in a deserted location next to a dilapidated building
4009|The Asian girls are using electronic devices at the worktable
4010|A lone skier makes his way down the mountain slope.
4011|a number of horses on a beach near the water
4012|Several children holding teddy bears in a store.
4013|A meal consists of a burger and a salad.
4014|A man in a baseball cap riding a skateboard grinding an edge.
4015|A truck made to look like a train parked on the side of the road.
4016|A wooden bench sitting in the middle of a jungle.
4017|A guy jumping to catch a frisbee in mid-air.
4018|A man sitting at the table watching a boat go down the river
4019|Apples and oranges and a tree with bananas in front of potted plants.
4020|A group of zebra standing in a grass field.
4021|A picture of a bird sitting on a tree branch
4022|A BLACK AND WHITE PIC OF A MAN AND A HORSE
4023|a small herd of giraffe in an open field
4024|A train on a track at an empty station.
4025|The motorcycles are parked in the parking lot.
4026|Two zebra standing next to each other on a lush green field.
4027|A bear is running around in a dirt field
4028|A king sized bed with white sheets and pillows
4029|A man and a young girl playing Wii
4030|Two zebras graze quietly next to each other in grass.
4031|A group of people at the beach playing frisbee
4032|A briefcase full of old used books on sale
4033|A man is standing on a surfboard and hangliding in the ocean.
4034|Woman riding a horse in an equestrian event.
4035|Two young women about to slice a pizza in an apartment.
4036|A young man with some skis and poles about to start a run.
4037|A small round table with half eaten sandwiches and drinks.
4038|A computer desk topped with a desktop computer and a laptop.
4039|A male tennis player hitting a tennis ball.
4040|The bus is pulling up the toe curb.
4041|A giraffe at a zoo eating some grass.
4042|A very close up view of some signs and signals.
4043|A man pitching a ball while standing on a green field.
4044|A black and white cat sleeping in a pot with a leaf less tree.
4045|a person is on a surfboard in the water
4046|two laptops a lamp and telephone on a table
4047|A cat laying on a laptop looking as if it;s reading the screen.
4048|A knife with red crumbs on it next to a cup on top of a wooden table.
4049|A couple of books are placed on the bed.
4050|A closeup view of a baked blueberry cake or dessert.
4051|a bear walks on a rocky surface
4052|A group of people are painting a bench in the park.
4053|This bathroom has mirrors on the doors, cabinets, and a bathtub in the corner.
4054|A man riding a skateboard through the air at a skate park.
4055|A woman is sitting on a bench and is eating something.
4056|A photo of someone's desk with a laptop and three screens.
4057|Several dump trucks are going along the road.
4058|There is a silver train passing by on the railroad
4059|A boy skateboarding with a helmet on.
4060|Kites are flying in the wind with bikers below them.
4061|A small bathroom with tile on the floor and small tiles on the walls.
4062|A young male holding a skate board with yellow glasses on smiling
4063|A group of men sitting in a wine seller.
4064|a person throwing a stuffed animal off of a bridge
4065|a journal, notebook, keys, book and backpack on a beige couch
4066|wooden bench with a black box on top of it on a sidewalk.
4067|A person riding a skateboard down a metal railing.
4068|A skier skiing between poles on a ski course.
4069|A man is standing next to a road sign with a line of parked cars across the street in an urban area
4070|A piece of cake that is sitting on foil.
4071|The kitchen has a small sink and a miniature stove.
4072|Plate full of cooked carrots, potatoes, and other vegetables.
4073|A double decker colorful bus is parked on the road.
4074|A giraffe is eating leaves from the top of a tree.
4075|A woman is holding a tennis racquet preparing to serve the ball.
4076|Three umbrellas with various patterns and a building in the background.
4077|A cat is sleeping on a round pink rug.
4078|A tennis player is out on the court
4079|An office desk with a laptop and a phone on it.
4080|A boy running and flying a kite in a field.
4081|Broccoli, cauliflower, and other vegetables on a black background.
4082|A giraffe looking at something in some bush.
4083|a waffle with powdered sugar surrounded by berries
4084|A man in a suit and a tie with a cell phone.
4085|Cluttered computer desk with trash, empty glasses, and medication.
4086|A woman standing next to another woman in a building.
4087|a country kitchen has a blue, wooden table, open shelves and white counters and a white sink.
4088|A person extending a white plate holding a sandwich.
4089|A person's hand holding a whole banana over a tile counter.
4090|This is a contemporary photo with fruit on it.
4091|There is coffee and a bagel on a table with flowers and a laptop.
4092|a new truck on display at a car show
4093|A city street at night filled with lots of traffic.
4094|a guy preforming a skateboard trick at a skate park
4095|There are three giraffes together in the wild
4096|A field filled with people flying colorful kites in a blue sky.
4097|a cookie sheet with a pizza on it sitting on a dining table
4098|A surfer is projected out of the water
4099|a cat sits in front of a remote control
4100|a dog that is laying next to another person
4101|Red and blue fire hydrant sitting in the grass on city Street.
4102|A woman is sitting near a prominent landmark.
4103|A woman in striped shirt poking a fire with a stick.
4104|A black and white cat lies on the ground with one eye towards the camera.
4105|This Asian man is very excited about his food.
4106|There are several people dancing with decorated umbrellas.
4107|A man standing in front of an open microwave door holding a piece of black plastic.
4108|A person that is walking and on her cell phone.
4109|A small old fashioned television that is sitting on the back of a bar.
4110|Man holding up three almost empty glasses of wine.
4111|Railway car on snow covered tracks approaching urban area.
4112|A man riding a snowboard down the side of a snow covered ski slope.
4113|A motorcycle is on esplanade at the car show.
4114|A brown teddy bear sitting next to a small brown dog toy.
4115|birthday cake with fruit and teddy bears on it
4116|A flock of birds floating on top of a boat.
4117|An old steam locomotive sits on the tracks while two people shovel coal.
4118|a close up of two children at a table with a cake
4119|A father, daughter and infant sitting on a green sofa.
4120|A girl eating an enormous glazed donut with sprinkles
4121|a person on skis riding down a snowy slope
4122|A street with various cars next to barriers and traffic lights.
4123|A bunch of cows that are laying in the grass.
4124|A fire hydrant is covered by rocks and foliage
4125|A man skateboarding on a ramp at a skateboard park.
4126|Several large trucks traveling down a busy highway
4127|A baby zebra rests while two other zebras graze nearby.
4128|A bowl with chopped up bananas on a table
4129|A man flying through the air while riding a skateboard.
4130|A baby wearing bear slippers lying peacefully asleep.
4131|A skateboard going around cones in a skateboard competition.
4132|A jockey is riding a horse jumping over a branch.
4133|Traffic moves on a busy urban street with a crane in the background.
4134|A bed with a plaid bedspread turned down.
4135|A group of kids posing for a photo on a tennis court.
4136|A baseball player is running into home base, seen fro the stands.
4137|A view of some luggage that is on top of a table.
4138|Dog on pad holding a slice of cake.
4139|some seagulls and a red and white lighthouse
4140|Several players playing together during a baseball game.
4141|A two way street has minimal cars on it.
4142|a man on a motorbike racing very fast
4143|Quaint living room area, furniture and decor appearing to be early American, well lit.
4144|A sandwich with vegetables and cheese on thick bread.
4145|The photo is from earlier times and has many classic cars.
4146|A picture of some food on a table.
4147|A motorcycle with United States Marine Corp markings.
4148|An old man poses with a boy who has a catcher's mitt.
4149|A boy baseball player running to steal a base while another boy stops him.
4150|A man cresting a wave on a lake.
4151|A plate sits on the runway with front lights on.
4152|The children are seated outside at the picnic table to eat the birthday party food.
4153|A 6th Street light pole is decorated for Christmas.
4154|A bowl on a table is filled with fruit.
4155|A box statue displays women posing from all over the world.
4156|A mirror on a bus features a cluster of people wearing jackets.
4157|A man giving a smile while standing over some buttered bread.
4158|a man skateboarding down the road by a guard rail
4159|A couple of kitten drinking water from a bowl.
4160|A heart shaped cake with bear decorations on a pedestal.
4161|A motel style bathroom vanity, sink, mirror and toilet.
4162|A batter that is trying to bunt a ball with his bat.
4163|Two men wearing business suits shake hands under a canopy.
4164|Several kites being flown on a beach with people.
4165|There is a bathroom with tile floors and tile walls.
4166|A white plate topped with donuts covered in chocolate and sprinkles.
4167|A giraffe standing next to a horse in the grass.
4168|A picture of a kid and  a computer.
4169|A yellow tabby cat is shown smelling a keyboard.
4170|A plate of sausage, bacon, eggs and tomato.
4171|a skateboarder in a blue jacket is doing a trick
4172|A crowd of people in the snow with ski equipment
4173|A catcher squatting at a base with his gloved hand extended.
4174|vase full of tulips arranged on a table in someones kitchen
4175|A ghostly image of a man sitting on a couch in a living room.
4176|Hot dog stand with all the essential items
4177|a man on a skate board doing a trick
4178|A man looking over an open mechanical clock.
4179|A child smiling at a hot dog and potato chips.
4180|Little girl throwing a frisbee to another child on a field.
4181|a fridge is open with a bunch of food inside
4182|Four white sheep are grazing in a field.
4183|A stack of pancakes with lots of fruit on it.
4184|A CITY CLOCK WITH A TOWER IN THE FRONT OF A BUILDNG
4185|A lady is riding the back of a trolley train.
4186|A group of giraffes gathers in a field.
4187|A tower clock sits alone in a light blue sky.
4188|Pair of scissors cutting credit card in half with wood table
4189|A family playing ultimate Frisbee in a field
4190|Two trains are passing next to eachother on tracks
4191|A tower with clocks on the walls at the top is standing in the garden.
4192|A man and woman are riding a motorcycle and the woman is carrying a DSW bag.
4193|A small dog stands in a brightly lit kitchen.
4194|A white and black clock on the front of a building
4195|A white linen clothed table with vases and plants.
4196|Someone is playing a video game standing up.
4197|An old boat sitting in th emiddle of a field
4198|A blurry photo shows a road going into blue mountains.
4199|A man is holding something green and focusing intently
4200|Dolls are displayed in a corner of a room.
4201|A bearded man with glasses on two computers.
4202|A dark colored umbrella hanging on a wooden rail in the woods.
4203|An empty kitchen with a silver refrigerator and green counter top.
4204|a street with a lot of cars and some green street lights
4205|A man that is standing on a mound of dirt.
4206|The desk with a laptop has papers strewn all over it.
4207|A man is wearing baseball gear and standing on the field.
4208|A stopped bus pulled up to the bus stop
4209|A woman holding a knife and fork over a giant pizza.
4210|A phone and another device with a battery attached are shown close up.
4211|Cute little boy holding up two bananas to the side of his head
4212|A man bending over a table in front of a laptop computer.
4213|The cat is sticking his head out of the backpack.
4214|A man in a black wet suit rides a small wave in the ocean.
4215|A man standing in a field wearing a hat and jacket.
4216|Some soccer players in action on the field.
4217|There is a plate filled with pizza slices.
4218|A young boy standing on a grass covered field under a flying kite.
4219|A boy doing a jump off a wall with a skateboard.
4220|Two men on a beach playing paddle ball.
4221|A young man wears a fake mustache in a kitchen decorated for the New Orleans Saints.
4222|A male tennis player prepares to serve on a clay court.
4223|Pizzas are on a wooden table near a glass and a pitcher of wine.
4224|A man standing with a bunch of various luggage by a storage shed.
4225|a cat sitting on the hood of a car
4226|A man sitting on the back of an elephant sitting on the ground reaching for the man with its trunk.
4227|Two guys are eating slices of pizza, while one holds a beer.
4228|A young boy is playing with stuffed animals on a pleather couch.
4229|a motorcycle with a red seat up on a red jack
4230|Two men holding controllers near others on a couch.
4231|A brown dog looks up at the camera as he stands in the snow.
4232|subway train arriving to the station for people
4233|A man rides a motorcycle down a dirt road.
4234|The person stands on the beach flying a kite at sunset.
4235|The street sidewalk has a double parking meter on it.
4236|A small white and blue bus traveling down a road.
4237|A line up of realistic looking elephant carvings.
4238|A table featuring an ornamental vase with flowers.
4239|A man and a small child flying a kite on the beach.
4240|A group of people walking down a street past a street light.
4241|A smiling woman in a green dress cooking food.
4242|A neatly stacked assortment of fruits line a market stand.
4243|a plate filled with assorted meats and some bread
4244|Some wild animals are in the grass and trees.
4245|A giraffe walks by a fallen tree beside a lake.
4246|a bathroom with black walls and a toilet with a silver toilet seat
4247|Two men walking down the street above a river.
4248|The television is on in the living room.
4249|A street scene looking down at a small green car.
4250|Two men ride horses in the middle of the park
4251|a person playing with a dog on some grass
4252|A bed with a brown head board and an orange cover on the bed.
4253|two zebras walking  next to each other across a field
4254|The four giraffes are standing next to a tree.
4255|Big Ben towering over the city of London England
4256|A close up of a cat laying on the rug.
4257|A man with a little girl sitting on his lap.
4258|A ups truck is traveling down the city street
4259|Two people are playing a tennis video game on a projection screen.
4260|The woman lies her head on a pillow while looking out of the airplane window.
4261|A wooden table containing papers, scissors and a tape dispenser.
4262|Two wine glasses with accompanying wine bottles sitting on a table
4263|a baseball player has just hit a baseball
4264|a small group of giraffes walking across a field with dried grass and trees
4265|A woman standing with an umbrella by a drawing of a person on a wall.
4266|A woman that has skis standing in the snow.
4267|a vandalized stop sign with many stickers on it
4268|a bowl of food next to a very close banana
4269|A plate of fruit is seen in this picture.
4270|Old green chairs are sitting next to a wooden table.
4271|A wildebeest walking in a field with a giraffe in the background.
4272|A very long pretty train in a big terminal.
4273|A home office with two computer screens and a laptop
4274|An orange kitten on the green couch by itself.
4275|a woman stands in front of a blackboard with her cell phone
4276|A market with many baskets of apples being sold.
4277|Several people are seated on the benches of a park.
4278|A stuffed teddy bear gets a ride on the back of a wooden duck.
4279|A close-up of a clock attached to the side of the building.
4280|Small group of water fowls on river near urban area.
4281|A train is travelling on a railroad track.
4282|A herd of cattle grazing on grass in an open field.
4283|Traffic signal on wall attached to cement structure.
4284|A boy indoors with a bat in his hand.
4285|The kitten is sitting in a laptop computer.
4286|A man standing on a paddle surf board paddling with a paddle.
4287|Three rams grazing on grass in the mountains
4288|A yellow fire hydrant sitting on the side of a road.
4289|Two red cars are on a driveway where there is a fire hydrant on the adjacent sidewalk.
4290|a couple of bathroom items sitting on a sink
4291|a room showing living room and fire in it
4292|A tasty looking piece of pizza with meat toppings.
4293|One woman plays with the Wii game while another woman lies on a couch.
4294|A man in a blue coat skiing through a snowy field.
4295|an image of a boat that is in the water
4296|A residential bathroom with sink, tub, and toilet setting in it.
4297|Two white cats watching out the window of a car.
4298|Microwave and other appliance sitting outdoors on pavement against a fence.
4299|A group of people standing on a beach next to surfboards.
4300|A bunch of cops are sitting and eating at a table
4301|what looks like a white horse standing behind a second floor window
4302|Looking across water at elephants walking in a large field
4303|A horse is looking over a fence with a shield on its face.
4304|A group of four zebras grazing on some grass in the field.
4305|A man is traveling down the road on his motorcycle.
4306|Two birds are sitting on the edge of a crevice.
4307|A person skiing down a snow covered slope.
4308|A cat is sitting on a white toilet.
4309|A train sitting on some train tracks underground.
4310|a man leaning over a lot as another man catches the frisbee
4311|This is one corner of a loving that contains a bookshelf with a lot of books.
4312|string beans and carrots cooked together, rice with a piece of fish and a slice of lemon
4313|Group of people sending around photography equipment and a living room.
4314|a desk and chair with a computer and two laptops a mouse and a glass
4315|two men with beards and a drum set
4316|Two surfers are out in the ocean with surfboards.
4317|A man driving a motorcycle with a woman holding a cell phone.
4318|A piece of dutch chocolate cake with a fork  on a plate.
4319|A dog wearing a yellow bandanna sitting on a log during a hike
4320|A white horse is standing on grass in the country.
4321|A man in glasses eating a large pizza off of the plate.
4322|A fire hydrant with frozen water hanging from it.
4323|A woman standing in a room with a Wii controller.
4324|There is some food on a table with plates.
4325|A large commercial plane with a flower on the tail
4326|a man is riding a wave on a surfboard
4327|An empty intersection of a colorful urban area.
4328|A man is on the field with his Tennis racket.
4329|A man in a grassy area with a frisbee.
4330|Two giraffes at the zoo leaning against the fence.
4331|two bears fighting in a river next to a tree
4332|a person flying through the air holding onto the handles of a dirt bike
4333|Black and white photograph of young man throwing a baseball.
4334|A man jumping over people to catch a frisbee
4335|A green heron perches on a stump in a swamp.
4336|a double deckered bus driving on a city street
4337|Two photographs of elephants in a rocky area.
4338|A person holding a Wii remote in their hands in front of the television
4339|Steak with assortment of green vegetables and french fries.
4340|A group of people are riding down a river on a boat.
4341|This is a cut up apple, a knife, and a whole apple.
4342|A black and white cow standing in the grass next to a body of water.
4343|A person touching the top of a fire hydrant.
4344|A tennis player readies himself to hit the ball.
4345|A plate of food with a sandwich with a runny egg.
4346|A traffic sign showing the walking symbol in green highlight
4347|A big pile of vegetables sitting on a table.
4348|A black and white scene of an umbrella on the beach.
4349|A man is riding on bicycle alongside a new construction building.
4350|A girl with glasses attempting to eat a giant doughnut.
4351|Identical street signs pointing in the opposite directions of each other.
4352|A woman in red shirt standing in bathroom with sinks and a television.
4353|A man has a game controller in his hand.
4354|A young woman sitting cross legged on an apartment sofa.
4355|Two baseball players stand near the baseball field.
4356|A woman leaning on a wooden frame looking at boats in the water.
4357|Several children departing from a school bus in a city
4358|Skiers waiting to ski on a busy mountain slope.
4359|a formation of fighter jets flying by in the air
4360|a tennis player on a court holding a racket
4361|Man pouring different types of win into drinking glasses.
4362|A woman in a long dress is on a double decker bus.
4363|Pink, yellow, and green flowers in a brown vase.
4364|A yellow fire hydrant is the focal point of this picture.
4365|a man wearing a gray shirt is sleeping on a bench
4366|a person riding a surf board on a wave
4367|Two old people sitting on a bench before a wooded lake
4368|The old style airplane is flying on a cloudy day.
4369|A young boy is riding a surfboard on a small wave.
4370|An otter sitting next to two Frisbee's on a rock.
4371|A bowl contains a piece of meat and a few pieces of broccoli.
4372|A man poses with an empty bowl and two beers.
4373|A man holding a cheeseburger made out of donuts.
4374|A woman standing next to a black snowboard.
4375|A man is eating while talking to a woman.
4376|There is a group of benches with umbrellas
4377|there is a bird that has landed at the top of the building
4378|a short fire hydrand sitting by the curb of a weedy street
4379|A surfer on a white board riding a green and white wave.
4380|A picture of a car that is by some water.
4381|A giraffe standing on top of a grass covered field.
4382|A view of a bunch of food sitting on a restaurant counter.
4383|an upclose photo of a cake with chocolate pieces
4384|An overview shot of people on the beach.
4385|Pedestrian and car traffic on the corner of Santa Monica Blvd at night
4386|A baseball pitcher steps forward as he winds up a pitch.
4387|A man rides a surfboard on a large wave.
4388|a person bending down cutting another persons hair
4389|A wall urinal in a stall with an auto sensor flushing system.
4390|A group of zebras standing beside each other in the desert.
4391|A man in a black jacket and white pants leans forward at the top of a snowy mountain.
4392|An illustration of a man jumping to kick a ball.
4393|A motorcycle rider crouching by his bike for a portrait
4394|a living room with a tv a couch and a dresser
4395|A zebra looks over it's shoulder while standing in a dry grass field.
4396|A boy is doing a trick on a skateboard
4397|The lunch provides all the major food groups.
4398|A young boy wearing a blue shirt standing next to a woman.
4399|A white horse that is looking out a second story window.
4400|A young man in a sweater holding a hairdryer.
4401|A brown cow and two black cows eating grass in a field.
4402|A woman decorating a fancy cake in her kitchen
4403|A cloudy day with a few airplanes waiting to take off.
4404|The man smiles as someone is cutting a pizza.
4405|An old bench sitting alone in a field
4406|A solitary man walks through a crowded parking lot with his striped umbrella.
4407|A vase with flowers in it sitting on a table inside a room.
4408|a skate boarder going down a stair railing
4409|A traffic light is red on the corner of Canal Street.
4410|A cat that is sitting on a green fold out chair.
4411|A pair of rectangular deep dish homemade pizzas.
4412|Two steam locomotives ride next to each other headed in the same direction.
4413|A bathroom at the Radisson Royal Hotel Moscow.
4414|a big train passes next to a side walk
4415|A man in a suit poses for a picture with each of his arms around a boy in a suit.
4416|A husky riding in the front seat of the car
4417|The boy watches the girl with the remote in the air.
4418|Several sheep that have bee put in an enclosure.
4419|Three giraffes stand by a small river or pond in a wildlife enclosure.
4420|A rusty vehicle frame sitting in a field.
4421|A couple of vases sits on top of dresser with pictures and a wine bottle
4422|Three zebras eating hay at the edge of a forest.
4423|Cake that has had large chunk cut out of it
4424|Someone is holding up a hot dog with cheese on a bun.
4425|A man standing on top of a beach near the ocean with fishing pole.
4426|A yellow and blue fire hydrant sitting on a patch of grass.
4427|A smartphone placed in front of a monitor screen
4428|A man on a court holding a tennis racket.
4429|Several older men sit and relax on shady benches.
4430|A woman swinging a tennis racquet on a tennis court.
4431|A woman is feeding a giraffe from her palm.
4432|some little elephants standing around a few trees
4433|A cat sitting on top of a bench in a field.
4434|A kid with a hair dryer in a room.
4435|A wooden stick figure is surrounded by fruit.
4436|A white plate topped with food next to a cup of coffee.
4437|Broccoli covered in orange-colored sauce sits on a serving platter.
4438|A composite image of the same man riding a skateboard on a halfpipe at a skate park.
4439|Two adult and one baby elephant walking in the forest.
4440|A clock in the city landscape set at 6:40PM.
4441|two people riding surf boards on a wave
4442|Closeup of a yellow teddy bear with a red shirt.
4443|A lone person stands in a large, city scene.
4444|Luggage on a tiled ground and people sitting on rows of chairs in the background.
4445|Vehicles traveling on a very busy street, in both directions.
4446|An ornate vintage clock with several faces.
4447|A dog looking out a window of a car.
4448|The group of people are sitting at the table eating.
4449|There are large stacks of kitchenware neatly arranged on the stainless stail counter.
4450|The living room has a wood and glass coffee table, an area rug, a pillow covered futon, and a love seat in it.
4451|A couple of street signs hanging from a large pole.
4452|A woman next to a table with hotdog and a cup while candles burn
4453|a cat sitting with shoes on a bed playing with the strings
4454|some men on bikes are passing a red bus
4455|A street sign announces the location of a speed table.
4456|A living room with an attached bedroom divide by a gate.
4457|A group of people running and being sprayed by a fire hydrant.
4458|A laptop sitting in a room with a big TV.
4459|Two cows standing in a lake with several ducks around.
4460|A person sits on a patch of grass observing the scenery.
4461|An image of  stop sign with an apartment complex behind it
4462|A cow stands in the middle of a crowded street.
4463|A woman talking on a cell phone on a city street.
4464|A clear glass bowl with bananas and plums in it.
4465|Two horses running through the grassy field outdoors.
4466|Purchased fresh fruits and vegetables on a table.
4467|A man running on the beach in swimming trunks.
4468|Three backpacks loaded with a variety of stuff sitting on a tile floor.
4469|A bed with stacked pillows is in a bedroom with a chair.
4470|A person standing outside in the rain holding an umbrella.
4471|A black and white cat chewing on a toy.
4472|A fire hydrate next to an empty sidewalk and street.
4473|A man dressed in a black suit and shoes kicking a soccer ball.
4474|Football player prepares to kick the soccer ball
4475|A bear in the wild looking through a wire fence.
4476|The giraffe is standing by itself by the gate.
4477|a bedroom with a bed, armchair and a large window.
4478|A serving plate with a pepperoni and bell pepper pizza.
4479|A lady in a blue jacket holds a quiche in a square.
4480|The surfer is attempting to ride the wave.
4481|A group of vehicles that are sitting in the street.
4482|Fans watch as a female tennis player hits a ball during a game
4483|White people looking ridiculous playing wii and drinking beer.
4484|The white and orange kitten is lying inside of a bowl.
4485|a large tower is in front of a clear sky
4486|a person types on a laptop computer on a bed
4487|The small bathroom with toilet and shower stall is visible through the open doorway.
4488|One man helping another man with his tie.
4489|A man standing next to a motorcycle on asphalt.
4490|A polar bear wading through a pool with a happy look on its face.
4491|A bowl full of broccoli with spoons on a table.
4492|A group of people playing with a Wii in the living room.
4493|a black and white cat on some grass
4494|A man holding two pairs of scissors while wearing a sweater that reads " I Run With Scissors ".
4495|an image of a child lying in bed with pacifer
4496|An orange longhorn bull stands among the herd.
4497|Black heart shaped cake with a knife in it
4498|The little boy is brushing his teeth with a toothbrush.
4499|A cat sits on the top of a computer desk.
4500|Two people are playing tennis in an outside court.
4501|a skateboarder with a black and white shirt  doing a trick
4502|A living area with a table, display case and sewing wheel.
4503|A panoramic photo is shown of a room.
4504|Several children playing baseball behind a metal fence.
4505|A train station with people standing on a platform beside a train.
4506|Two young women sitting on a couch one of them using a laptop.
4507|This kid is skateboarding down a sidewalk outside some stores.
4508|A boy skate boards down a neighborhood street.
4509|A man and a woman are embracing each other.
4510|A cheesy pizza with red peppers is in a box.
4511|A living room with two couches and a coffee table
4512|Two brown cows walk though thick forest greenery.
4513|A woman standing in partial snow with skees wearing sandles.
4514|The man is on his surfboard in the water.
4515|A woman is selling fruit in a poor neighborhood.
4516|PEOPLE ON A BEACH WITH TENTS AND FLYING OBJECT
4517|A bird with its beak in the sand near the water.
4518|A bird walking on a beach with something it it's mouth
4519|A man and woman standing next to each other on skis
4520|A couple of young men sitting in a living room with plates of food.
4521|A group of people riding horses through a forest.
4522|A droopy basset hound sits on the sand.
4523|An adult and children flying a kite in the sky
4524|Group photograph of young boys and girls with tennis equipment.
4525|That sandwich on the plate is called an openface sandwich.
4526|A rear view mirror on top of a bus.
4527|A very large purple triple decker bus with a person standing on it.
4528|A baseball game is happening as people look on.
4529|A KITCHEN UNDER REMODEL WITH WIRES HANGING AND A LARGE TRASH BARREL
4530|A classic clock sits on a wooden table.
4531|A toy model train riding over a bridge that's overlooking a river.
4532|A person with their mouth open holding a hot dog.
4533|Several doughnuts in a dish next to a cup of coffee.
4534|Two zebra standing next to each other on a dry grass field.
4535|The helmeted snowboarder is jumping through the air.
4536|Cat lying on desk near a chair top.
4537|A very clean sink that is in the bathroom.
4538|One is showing a man with spectacles,other showing a person holding a wine glass.
4539|a bunch of motorcycles are parked on the street together
4540|Signs indicating a one way with paintings on it
4541|A cat is lounging in chair with two remotes.
4542|There are some eggs,doughnuts and two drinks displayed on some white paper or cloth.
4543|A zebra standing next to two giraffe near a wire fence.
4544|Three giraffes in a zoo or park setting investigating each other.
4545|A small bathroom is in the middle of a renovation.
4546|A skateboarder starting a jump on a homemade ramp.
4547|Two men wear red capes and blindfolds and one man smells a glass of wine.
4548|The woman with a sandwich on her plate is drinking from a wine glass.
4549|An instructor teaching people how to surf on the beach
4550|A batter on a baseball field waiting for the pitch.
4551|View of a neighborhood located at Mayfield Street.
4552|A bunch of flowers are outside on a wall.
4553|A girl holds a helmet while a man sits on a parked motorcycle with a sign in the background.
4554|A group of four jets fly in the sky.
4555|A girl shows a banana to the camera.
4556|A kitchen sink that has pots hanging above it.
4557|An orange trolley traveling down a city street.
4558|many people cars grass trees and a white monument
4559|a toaster oven on a counter top in a kitchen
4560|a man riding on a red surf board in the middle of a ocean
4561|Two people ride motorcycles down a city street.
4562|two guys are outside moving a refrigerator
4563|The dog has long hair that covers it's eyes.
4564|A fat cat standing on a bed with its paw in a cup.
4565|A green traffic light sitting next to a traffic filled road.
4566|a man is shown holding some scissors to his head
4567|Someone is opening up a packaged product at a table.
4568|A couple of umbrellas near a shore line.
4569|A park bench with a leaflet left on the armrest.
4570|A bathroom sitting directly  inside of a bedroom
4571|A person drives a bus on a busy road.
4572|A bedroom with a bed and a table with a lamp on it.
4573|Pizza and salad are the meals on the trays
4574|Two white side by side urinals in a tiled bathroom.
4575|A man sitting down with pizza slices on a plate
4576|A cow is standing on a grassy sloped hill.
4577|A person brushing their teeth in front of a bathroom mirror.
4578|A lady watching an elephant paint a painting.
4579|An airplane with the word navy pained on the side is sitting on a runway and people are sitting inside of the plane.
4580|A room with a bed frame and a mattress to the side.
4581|A skier sitting on a picnic table and eating a doughnut.
4582|A man and boy reaching to catch the same frisbee
4583|A young man riding a skateboard down a flight of stairs.
4584|Two women are sitting on benches and one has a purse and shopping bag beside her.
4585|A person riding a bike in the rain while holding an umbrella.
4586|A photograph of a living room and small powder room.
4587|A young man in a crowd of people texting.
4588|A baseball player wearing sunglasses and a New York Yankees hat standing in a baseball field.
4589|a person in a living room playing nintendo wii while people watch
4590|A can of Campbell's Tomato Soup and a ripe banana.
4591|A white and yellow bedroom equipped with two large beds.
4592|A silver truck parked next to a green truck.
4593|A person riding on top of a skateboard on a wet street.
4594|Young girl dressed in tennis whites holding tennis racket on grass field.
4595|A white and black cat is sleeping on a bed
4596|A mother sheep laying in a field with two babies
4597|a coupe of kids sit at a table
4598|A double decker bus parked in a courtyard next to a building.
4599|Colorful toys in front of a cell phone rested on its side.
4600|Two zebras that are standing in the grass.
4601|A beautiful women holding a large yellow banana with her mouth wide open.
4602|A piece of bread has eggs on it on a plate.
4603|A coffee shop with many pastries to choose from.
4604|some sandwiches and fries on a black plate
4605|A man jumping to catch a frisbee on a beach.
4606|A man and woman reacting to a motorcycle.
4607|Woman wearing polka dot stockings and pink dress posing with an umbrella.
4608|A man riding skis across a snow covered slope.
4609|A BATHROOM WITH A SINK AND A MIRROR
4610|A brown vase on a table has colorful flowers in it
4611|Two zebras laying down in an enclosure as people watch nearby.
4612|A couple of sinks and a mirror in a room.
4613|A traffic light at an intersection with a skyscraper in the background.
4614|Two small dogs with collars face each other.
4615|A large cooked pizza on a metal rack.
4616|A man riding a white-and-black striped horse that looks like a zebra.
4617|a man and woman stands in front of a cake
4618|Picture of a giraffe from the top of its legs to the bottom of its head.
4619|A boy with a hat eats a piece of pizza.
4620|A very nice view of the ocean with an orange frisbee.
4621|A man doing a trick on a skateboard over some steps.
4622|A desk with multiple laptops and a desktop monitor.
4623|A man flying through the air on a skateboard.
4624|Three men having a good time socializing with one another.
4625|A smiling girl with a piece of bread in her hand.
4626|A person with a coat and tie is wearing shorts.
4627|Two boys sitting next to an older man, all eating hotdogs.
4628|A train bridge over a river next to a forest.
4629|People laughing and playing a game with a plate of food on the floor.
4630|A man wearing a wetsuit rides a wave on his surfboard.
4631|The cat is laying down in the shade.
4632|A hot dog sitting on a table covered in confetti.
4633|a toilet a shower a tub a sink cabinets and a mirror
4634|An airplane is full of service men heading to their next destination.
4635|A little boy is doing a skateboard trick.
4636|A lone giraffe standing in the tall bushes.
4637|A man and woman standing over a table with wine.
4638|A person holding an open mobile phone and a camera.
4639|a pot on a stove with assorted cut veggies in it
4640|A restaurant prepared sandwich with a side of soup and a garden salad.
4641|A green wallet on top of a folded t-shirt and an assortment of other items on a night stand table.
4642|A woman holding a phone in one hand up to her ear.
4643|A YOUNG BOY IN A WHITE SHIRT AND JEANS JUMPING WITH HIS SKATE BOARD.
4644|a bear dressed in a robe on the table
4645|A young child on snow skis and standing in the snow underneath a directional sign.
4646|A man celebrating with a tennis racket in his hand
4647|A woman snaps a photo in her rear view mirror while at a stop light.
4648|A tennis player arching back to serve the ball.
4649|A bird is perched on a container in a person's hand.
4650|Small work station situated next to a refrigerator.
4651|all the vehicles in this town are red
4652|a close up of four giraffes next to a man
4653|A red ceiling adorns the kitchen, which also has a cool black and white checkered countertop.
4654|A bus sitting at the curb next to a stop.
4655|A hotdog that is sitting in a bun on a paper.
4656|A table with several dishes of Asian food
4657|The skateboarder is skateboarding in front of many pedestrians.
4658|A pasture of cows looking over a fence.
4659|Young child playing ith carrots from plate of vegetables.
4660|A trash can filled with a hot dog, a banana and other garbage.
4661|A herd of sheep and rams walking through a field.
4662|A baseball team plays a game on the field.
4663|Three brown bears taking a walk through some grass.
4664|Two small toy figures sitting on a cell phone.
4665|The young man is playing on his skate board.
4666|A couple of giraffes looking concerned at something from their pin.
4667|Two plates of toasted bread, a cup of coffee and a bowl of cereal and fruits.
4668|a couple of train cars sitting by a fence
4669|A cat drinking water out of a sink.
4670|A group of multi colored toothbrushes in a packet.
4671|A man with a whole pizza in his hand.
4672|A plate of food with a fried egg and colorful vegetables.
4673|Three toy skiers on a mountain made of cauliflower.
4674|A group of Zebras grazing in a field.
4675|A group of small birds sitting inside of a nest.
4676|A woman holding something in her hands, with a man standing at her side.
4677|A happy man in suit and tie sitting in a kitchen
4678|The man is pushing his cart threw the hotel lobby.
4679|A man that has a hat and a beard.
4680|A residential bathroom with the shower over the tub
4681|A dog standing in the snow with some frisbees.
4682|A brown brick clock tower next to skyline.
4683|A modern kitchen that is neat and clean.
4684|two women stand on a train platform waiting to board.
4685|Two young girls playfully eat doughnuts together.
4686|The vibrant colors on the kite stand out against the blue sky.
4687|a few people that are walking and on a skateboard
4688|Four pans of food sitting on a stove top.
4689|A woman holding a tennis racquet in her left hand.
4690|A passenger train moving down the train on a bridge.
4691|Brown horse in field with a white horse in the background.
4692|A table with plates of sandwiches and fruit.
4693|THERE ARE ANIMALS THAT ARE GRASSING IN THE FIELD
4694|A policeman directing bicycle traffic on a busy street.
4695|A man sitting at a table in front of a plate of food.
4696|A pack of elephants is walking towards the horizon on a dirt path.
4697|THE ELEPHANT IS IN THE BARN EATING GRASS.
4698|A Qatar airlines plane on an airport runway.
4699|A bus driving down a street next to a building.
4700|A large white clock tower filled with light.
4701|A living room, with a television, chairs, and computer desk in it.
4702|A cat lays on the bed near some pillows.
4703|A young person rides a snowboard at night.
4704|A couple dressed to be married are pretending to talk on cell phones.
4705|A group of men skiing across snow covered ground.
4706|A worn out toothbrush is blue and white.
4707|Four people are looking at a cell phone.
4708|Two different flip phones sitting beside each other.
4709|A man riding a motorcycle with a woman on the back.
4710|A black and white cat is lazily laying around.
4711|a small boy is looking at his cellphone
4712|Two cats getting into a sink in a bathroom
4713|A clock is at the top of a piece of architecture.
4714|A boy with a kite in his hands in a grassy field.
4715|A knife being pushed into a knife block.
4716|A trio of zebra's leaned over eating hay on the ground.
4717|Street full of cars, double decker buses, and someone on a bike
4718|A skier is grabbing his skis during a jump.
4719|a motorcycle with a flame pattern on the front
4720|A suitcase is packed and on the floor of the room.
4721|Two zebras are standing in a scrubby field.
4722|a computer keyboard sitting on a laptop keyboard
4723|A woman sitting down at a table to a couple of pizzas.
4724|A couple of zebra standing on top of a field.
4725|A large metal clock tower below very tall building.
4726|A room filled with desk and laptop computers.
4727|a person riding a horse with trees in the back ground
4728|A baby elephant reaching into it's mother's mouth
4729|A fluffy white cat sitting on a laptop computer keyboard.
4730|People on a wilderness path are seen from a train.
4731|A black dog in the field with grass playing
4732|A food entree is served in a dish with decoration.
4733|A kitchen with a stove top oven next to a kitchen counter.
4734|A man holding a baby in a chair.
4735|A television, computer monitors, keyboard, mouse and video devices.
4736|A branch of a banana tree with several bunches of bananas attached.
4737|A picture of toast, peanut butter and juice.
4738|Wicker baskets of apples, oranges and pears on the shelves of a market
4739|a young girl is using a blue toothbrush
4740|A parking sign and a fire hydrant.
4741|Many people are cross-country skiing on a snowy path.
4742|Vehicle traffic on a paved road in a large metropolitam area.
4743|A chubby motorcyclist riding a Kawasaki in a rural setting.
4744|A stoplight on Lucas with cars, trees and the sunset in view.
4745|A bus that has been burned is sitting in pieces on the street.
4746|Two young men standing in front of a painting in the hall.
4747|A couple of big buses with two levels in a grassy lot.
4748|A street in an old town with two goats and a girl wandering around.
4749|Some very cute giraffes walking by a small hut.
4750|THERE IS A WALL WITH FLOWERS ON IT AND A BIRD
4751|Woman kneeling on surf board about to be overwhelmed by a wave.
4752|A cutting board with an assortment of vegetables
4753|A littel girl is in a garden looking up in the sky.
4754|a laptop with a mouse sitting on a towel
4755|Various action figures climbing out of a blender.
4756|A white and brown cat lying on a couch
4757|A black train engine pulling a white train in the rain.
4758|Some cows standing in an open outside area
4759|A surf board falls in the water on the edge of wave.
4760|A small piece of cake on a table.
4761|Dog running on sandy shore of beach near water.
4762|A man standing in a room holding a game controller.
4763|A woman with pink hair eating a banana.
4764|An airplane flying over a man standing in the ocean.
4765|a street a street light a traffic light and some trees
4766|A group of people on a pavement and one flying a kite
4767|A woman on a court with a tennis racket.
4768|A close up of several zebras grazing in a field.
4769|Riders rest on a travel box beside a motorcycle that appears to be packed for a long trip.
4770|A pizza topped with lots of cheese and toppings.
4771|A kitten that appears to be focused on a computer mouse.
4772|A group of people set on the ground talking in a park.
4773|A bunch of sheep in the snow behind a barbed wire fence.
4774|A man holding a tennis racquet with both hands.
4775|A room with focus on a mini refrigerator, microwave and a toaster oven.
4776|A racer on a red, white and blue motorcycle leaning into a turn.
4777|A man skateboarding on  the rooftop of a building
4778|Couple of balloons being tossed in a clear bucket of water.
4779|A black cat wearing a tin foil hat looking off into the distance.
4780|a tennis player getting ready to swing a racket
4781|A silhouette of a man holding up a kite.
4782|The outside of a bus station is fairly empty.
4783|A person standing on a snowy mountain with a snowboard in hand.
4784|A couple of refrigerators are on a display floor.
4785|A motorcycle front tire with the brake system showing.
4786|a bunch of people in ties are grouped together
4787|Doughnuts sit on the back of a bicycle.
4788|Carrots, cabbage, oranges. potatoes, avocados, lettuce, strawberries, asparagus, kale, snap peas on a dining table.
4789|These three people are traveling down the river in a raft.
4790|Two giraffes walking next to a zebra outside.
4791|A man is looking at a blender and a plate of food.
4792|A man holding a smart phone in his right hand.
4793|A dark, foggy night scene shows the length of a street with stop lights cutting into the gloom and culminating with a church at the far end.
4794|A girl with a toothbrush and toothpaste in her mouth.
4795|A man standing in a room next to a metal and red pole.
4796|A bunch of passenger jets is parked by the air port.
4797|A boy attempting to mount an elephant in a wooded area.
4798|Brown and black dog sitting on the brown couch by itself.
4799|a pair of trains are passing each other on the tracks
4800|A large clock sitting atop a cement block at an apartment complex
4801|four boats with people  carrying lots of bananas and other foods
4802|A toaster oven in a state of mild dis-assembly on a workbench.
4803|A ship filled with luggage next to a life saver floating in water.
4804|Food of some kind is stacked on a plate.
4805|A pile of stuffed animals hanging from the ceiling of a store.
4806|Windshield with rain drops coming up to a stoplight.
4807|Black cow being walked near a group of people.
4808|A couch is set up with a tray table and video game remotes.
4809|A baseball player taking a swing at a ball
4810|There are many different plates on top of this table
4811|Display of a motorcycle at a bike show.
4812|A father and his two children standing on top of a lush green field.
4813|A cat is walking in a kitchen that has cookware hanging on the wall.
4814|A white toilet is on display with a blue seat.
4815|A kitchen area with a stove, sink and microwave.
4816|A row of retro kitchen designs in various colors.
4817|A cut in half sandwich sitting on top of a white plate filled with meat.
4818|A being is doing something as of right now that is splendid.
4819|A church clock with several stained glass windows around it.
4820|White plate full of fries next to a sandwich.
4821|a man taking a look at himself in a look in a little mirror
4822|A man is riding with one foot on the pedal a motor cycle down the street.
4823|A giraffe extends his neck near an onlooker.
4824|a building with a big clock sitting on a wall
4825|Two microwaves stacked on top of each other.
4826|An older monitor, desktop, laptop, and keyboard are all present on the desk.
4827|A skateboarder does a trick in the air at a skate park.
4828|a bed room with a neatly made bed
4829|a small cake decorated with birds on top
4830|a woman sitting on a suitcase outside a hotel
4831|woman taking picture of herself in the mirror
4832|A person holding a hot dog with lots of fixings on it.
4833|A green and white street sign that reads "lincoln av e."
4834|Oranges and onions shaped to look like a person's face.
4835|a cat on a window sill with a bag
4836|A chef and assistant prepare hamburgers outside on the table.
4837|A very cute brown dog standing in snow.
4838|An open laptop with several bottles and glasses nearby.
4839|A baseball game in progress with a young player swinging the bat.
4840|Some leafy trees are hiding a black bear.
4841|A bathroom has a tub and a counter with two sinks.
4842|a laptop computer open with a cell phone and camera sitting on it
4843|a white horse that is standing next to a fence
4844|Stuffed teddy bear placed in a lighted Christmas tree
4845|A thick man in a white suit and tie wearing a name badge
4846|A man flying through the air on a skateboard.
4847|A man using a remote while two other people look on.
4848|A parking meter has a sign promoting the end to homelessness.
4849|A full view of some items in a living huts made of straws.
4850|A group of women skiing down the mountain.
4851|A passenger train parked at an indoor train platform with people on the platform area.
4852|Someone's hand holding a Sony Ericsson cell phone.
4853|Green fields with shrubs and gentle rises and dips in the terrain has a large black cow standing on it, face-front, and a second one that is looking around at the other one.
4854|An large grey elephant walks beside a forest.
4855|there is a cat sitting on a wooden chair
4856|A blender sitting on a counter near a sink.
4857|A person is playing wii on the tv in the room
4858|A woman and child are in the kitchen eating food.
4859|A skateboarder doing a trick on skate ramp.
4860|An airplane flying through a cloudy sky over a city.
4861|A woman is standing near a man on a skateboard.
4862|Three large dollies with scattered luggage place on top.
4863|Clean bathroom painted in pink and white paint.
4864|An adult and a child in a green field flying a kite.
4865|A man and a little girl pose with a surfboard in front of a shop.
4866|A STREET IMAGE WITH A BUS AND CARS ON IT
4867|A small child is sitting on the couch playing with a phone.
4868|a close up of a plate of food on a table near a cup of water
4869|The kid is playing a game of tennis on the court.
4870|One giraffe standing near a couple of rocks behind a wooden fence.
4871|The blending machine is on a cluttered counter without the mixing pitcher.
4872|Hot dog on a roll with cheese, onions, and herbs.
4873|there is a male skier that is going down a snow hill
4874|A table with an umbrella and other things
4875|An office room with multiple laptops and computer equipment.
4876|A group of people standing on a sidewalk with a train going by.
4877|A pair of scissors and fabric on a wood table.
4878|a close up of a plastic container with food
4879|A baseball game at a baseball field with a large audience.
4880|Variety of items displayed on wooden counter top in white kitchen.
4881|The dough is shaped in a circle on the cloth.
4882|A large long train on a steel track.
4883|There is a small pizza with toppings on it in a box
4884|surfer walking towards the ocean with a board and skin suit
4885|four women in white outfits are playing tennis and some fans
4886|Allot of colorful luggage and people waiting to leave.
4887|Two square clocks behind a window with Asian writing on it.
4888|Downhill Skiier traveling on steep slope of snow
4889|there are many fruits sitting next to a cutting board
4890|an elephant standing alone on a cement floor behind a wired fence.
4891|a black and white soccer ball on some grass
4892|A large charge with a clock in the middle of the building.
4893|A dirty toilet bowl in a room with pipes
4894|There is a man outside the living room doorway.
4895|Person with skis in the air above the snow.
4896|A stop sign is beside the street above a poster.
4897|A bus and motorcycle driving down the road.
4898|A woman with some of her fingers in her mouth
4899|A multi-colored cat laying down next to several pieces of luggage that are various colors and sizes.
4900|A pair of headphone lie next to a keyboard.
4901|A stylish black BMW parked at a city meter
4902|Pedestrians, a rider on a scooter and several bicyclists cross an intersection at a crosswalk.
4903|A home bathroom with the sink in a separate room
4904|a zeebra running on a grass feild in a park
4905|A salad that has a white dressing on it.
4906|a black red and green train engine on a track
4907|A woman holding an umbrella in the rain
4908|People are watching a tennis game being played.
4909|A rooftop patio with clothes hanging on a line.
4910|a tiger striped cat hiding under a bed
4911|a bunch of young adults stand in a field in front of trees and a mountain
4912|Two brown and white dogs standing next to each other a fence.
4913|Two pizzas sitting on top of a wooden cutting board.
4914|Two zebras grazing in front of a flock of flamingos.
4915|A large cat is laying belly up on the bed
4916|The jazz band is taking part in a parade.
4917|A man rides a horse through the water in the woods.
4918|A baseball player swings a bat with the catcher and umpire behind him.
4919|A close-up of a burrito and potato wedges.
4920|Black and white cows stand around in a farm yard.
4921|A close up of people on their snowboards and skies.
4922|a man is standing with a bike with two seats
4923|A person in brown shirt standing next to a dog and sheep.
4924|a laptop sits on a desk next to a mouse
4925|Someone uses a fork to eat salad beside a large sandwich.
4926|Pizza and appetizers with a side of ranch dipping sauce.
4927|Two cats staring out a window at a squirrel.
4928|A traffic light with a street sign near a tall building at night.
4929|A brown and white dog stands next to a life-saver
4930|a baseball player wearing cathers protection on a field
4931|A large clock tower sitting beneath a bright blue sky.
4932|A living room with furniture and a wall hanging
4933|Someone did not finish their lunch of just fruits and vegetables.
4934|A bathroom with two toilets and a shower in it, with no space for any of them.
4935|two people on the beach and one is flying a kite
4936|A group of cages stacked on top of each other near a body of water.
4937|A pizza sitting on top of a white plate next to a knife.
4938|A group of Asian women talking and waiting in line.
4939|A glass coffee table sits in a living room.
4940|Two doughnuts on a napkin next to a cup of tea and a Spanish ad.
4941|A bunch of identical bear key chains with green clovers hand on a turn rack.
4942|A male tennis player aiming for the ball.
4943|A glass elephant figurines sitting on a plate.
4944|a tray filled with scissors and a lamp
4945|A picture of a man with a mustache holding a racket.
4946|a couple of flowers are in a vase
4947|A young cow is resting in a grass field next to a tree.
4948|the back end of a dump truck drives down the road
4949|Man playing tennis on a fenced in tennis court.
4950|Two zebras standing next to each other in the grass.
4951|A lit up sign attached to a building during the night hours
4952|An orange bed with two decorative pillows on it
4953|A woman skiing down a snowy, tree-lined path.
4954|A tennis player reaching with his tennis racket at the ball.
4955|A plane is flying over a highway that is next to some water.
4956|Motorcycles parked on cobblestone area at outdoor event.
4957|A girl in a kitchen on a booster stool washing dishes.
4958|A window filled with teddy bears and other stuffed animals.
4959|A white semi truck parked with a red trailer behind it.
4960|A woman and her child sitting under umbrellas at the beach.
4961|A boater in a small boat leaves wake in the water.
4962|Locomotive pulling cars on tracks in outdoor area.
4963|This is the back room of an out of business hair salon.
4964|a close up of many oranges with one sliced orange
4965|A walk in shower next to a toilet with a wooden seat.
4966|A shelf with cookbooks and liquor next to a microwave.
4967|A bathroom with a shower and a sink.
4968|A beautiful hawk sitting in a tree within a bird enclosure.
4969|An assortment of foods sitting on a round brown table.
4970|A couple of toothbrushes in a stand with floss beside them.
4971|A male tennis player jumps up to catch a ball with his racket.
4972|A bathroom with crooked tile on the wall.
4973|two zebras grazing while a hippo looks at them and some oxen in the background
4974|A batter at a baseball game preparing to hit the ball.
4975|Several luggage containers are tacked on each other.
4976|A young woman standing next to a dirt bike at an automobile event.
4977|A sandy beach with a broken surfboard next to the ocean.
4978|A Blackberry, a Nokia, and a camera are laid out on a table.
4979|People are walking around a plaza that has a sign that reads "Spring in the City".
4980|A small sofa is standing in front of a blue wall.
4981|Many skateboarders going down a very wide city street.
4982|A group of zebras on a grassy patch next to dirt field.
4983|A traditional thai meal displayed on a plate.
4984|two girls sitting inside a house while eating donuts
4985|A blueberry bagel sitting on top of a white plate on top of a table.
4986|Many people skiing down a snow covered slope.
4987|Two men are riding horses around an arena.
4988|The woman in the dress is holding her drink.
4989|A surfboard leans against the side of the balcony, next to a table and chairs.
4990|A crowd of people at the beach flying kites.
4991|A large older man sitting on a wooden bench in a park.
4992|A bathroom with a bathtub, a toilet, and a sink.
4993|The huge jumbo jet has two engines on each wing as it flies.
4994|building in a busy city lit up at night
4995|A fire hydrant that is sitting in the grass.
4996|A corner of a street next to a building
4997|A small  red bowl with ingredients in it
4998|A young person is in the process of throwing a Frisbee.
4999|A plate is piled high with an assortment of different foods.
